user_id,payment_date,day_since_install,product_type,amount_usd
U04234,2026-01-01,0,Small Pack,1.99
U10024,2026-01-01,0,Monthly Pass,5.99
U10890,2026-01-01,0,Small Pack,1.99
U12956,2026-01-01,0,Small Pack,2.99
U24469,2026-01-01,0,Cosmetic,9.99
U36127,2026-01-01,0,Cosmetic,19.99
U42929,2026-01-01,0,Premium Pack,19.99
U09966,2026-01-02,1,Event Pack,14.99
U11005,2026-01-02,0,Cosmetic,29.99
U13717,2026-01-02,0,Small Pack,0.99
U16204,2026-01-02,0,Cosmetic,9.99
U16876,2026-01-02,0,Monthly Pass,4.99
U21186,2026-01-02,0,Small Pack,2.99
U21826,2026-01-02,0,Cosmetic,29.99
U25431,2026-01-02,0,Event Pack,4.99
U27349,2026-01-02,0,Monthly Pass,5.99
U30985,2026-01-02,0,Event Pack,9.99
U34553,2026-01-02,0,Cosmetic,9.99
U39437,2026-01-02,1,Small Pack,0.99
U48343,2026-01-02,0,Small Pack,0.99
U06602,2026-01-03,1,Small Pack,2.99
U10793,2026-01-03,2,Monthly Pass,5.99
U11742,2026-01-03,1,Event Pack,9.99
U12364,2026-01-03,2,Monthly Pass,4.99
U13315,2026-01-03,1,Cosmetic,9.99
U17206,2026-01-03,0,Event Pack,14.99
U19262,2026-01-03,1,Cosmetic,9.99
U23051,2026-01-03,1,Premium Pack,49.99
U25076,2026-01-03,0,Event Pack,14.99
U29111,2026-01-03,1,Event Pack,4.99
U33545,2026-01-03,2,Premium Pack,49.99
U34553,2026-01-03,1,Small Pack,2.99
U34761,2026-01-03,0,Monthly Pass,5.99
U40280,2026-01-03,0,Event Pack,9.99
U43617,2026-01-03,0,Event Pack,4.99
U46839,2026-01-03,0,Premium Pack,49.99
U01186,2026-01-04,2,Monthly Pass,5.99
U03940,2026-01-04,0,Event Pack,14.99
U04001,2026-01-04,3,Event Pack,14.99
U04363,2026-01-04,2,Monthly Pass,4.99
U07171,2026-01-04,0,Small Pack,1.99
U16843,2026-01-04,3,Cosmetic,9.99
U21826,2026-01-04,2,Small Pack,0.99
U22085,2026-01-04,0,Cosmetic,29.99
U25635,2026-01-04,0,Small Pack,0.99
U29469,2026-01-04,1,Monthly Pass,5.99
U29686,2026-01-04,0,Premium Pack,19.99
U34553,2026-01-04,2,Small Pack,0.99
U39183,2026-01-04,3,Premium Pack,19.99
U40574,2026-01-04,2,Premium Pack,49.99
U42368,2026-01-04,0,Event Pack,4.99
U46954,2026-01-04,0,Event Pack,4.99
U48866,2026-01-04,1,Premium Pack,19.99
U00041,2026-01-05,3,Monthly Pass,4.99
U01763,2026-01-05,0,Event Pack,4.99
U11852,2026-01-05,1,Monthly Pass,5.99
U14877,2026-01-05,4,Monthly Pass,4.99
U15277,2026-01-05,2,Event Pack,9.99
U17093,2026-01-05,0,Small Pack,2.99
U17252,2026-01-05,2,Small Pack,0.99
U22669,2026-01-05,2,Monthly Pass,5.99
U25174,2026-01-05,4,Monthly Pass,5.99
U26444,2026-01-05,4,Monthly Pass,5.99
U28186,2026-01-05,0,Monthly Pass,4.99
U28316,2026-01-05,0,Monthly Pass,5.99
U28580,2026-01-05,2,Premium Pack,19.99
U29353,2026-01-05,0,Monthly Pass,4.99
U29361,2026-01-05,0,Premium Pack,49.99
U30694,2026-01-05,0,Premium Pack,49.99
U34269,2026-01-05,4,Small Pack,1.99
U41717,2026-01-05,4,Small Pack,1.99
U42368,2026-01-05,1,Small Pack,0.99
U45765,2026-01-05,0,Premium Pack,49.99
U49670,2026-01-05,4,Event Pack,14.99
U01763,2026-01-06,1,Small Pack,1.99
U02576,2026-01-06,5,Small Pack,1.99
U05328,2026-01-06,1,Small Pack,2.99
U11506,2026-01-06,0,Small Pack,1.99
U11792,2026-01-06,4,Event Pack,14.99
U12354,2026-01-06,1,Small Pack,1.99
U12379,2026-01-06,1,Monthly Pass,5.99
U13315,2026-01-06,4,Premium Pack,99.99
U13663,2026-01-06,3,Cosmetic,29.99
U18168,2026-01-06,5,Event Pack,9.99
U21397,2026-01-06,0,Premium Pack,49.99
U30479,2026-01-06,2,Cosmetic,29.99
U36246,2026-01-06,1,Monthly Pass,5.99
U38225,2026-01-06,0,Monthly Pass,5.99
U39605,2026-01-06,5,Small Pack,2.99
U44623,2026-01-06,3,Monthly Pass,5.99
U45765,2026-01-06,1,Small Pack,0.99
U45832,2026-01-06,0,Event Pack,14.99
U46974,2026-01-06,0,Premium Pack,99.99
U47249,2026-01-06,2,Premium Pack,19.99
U47698,2026-01-06,0,Monthly Pass,5.99
U48117,2026-01-06,5,Event Pack,9.99
U48343,2026-01-06,4,Monthly Pass,4.99
U48448,2026-01-06,4,Small Pack,2.99
U49042,2026-01-06,2,Small Pack,2.99
U49222,2026-01-06,5,Small Pack,2.99
U01762,2026-01-07,0,Premium Pack,19.99
U03662,2026-01-07,4,Small Pack,0.99
U11068,2026-01-07,1,Monthly Pass,5.99
U11131,2026-01-07,3,Event Pack,4.99
U11230,2026-01-07,0,Small Pack,1.99
U12767,2026-01-07,0,Premium Pack,19.99
U16136,2026-01-07,3,Event Pack,9.99
U16997,2026-01-07,0,Small Pack,1.99
U17217,2026-01-07,0,Small Pack,1.99
U17533,2026-01-07,2,Premium Pack,49.99
U20206,2026-01-07,1,Monthly Pass,4.99
U20505,2026-01-07,0,Cosmetic,9.99
U21083,2026-01-07,1,Event Pack,14.99
U22132,2026-01-07,5,Small Pack,0.99
U24026,2026-01-07,1,Event Pack,14.99
U24499,2026-01-07,2,Cosmetic,9.99
U24928,2026-01-07,6,Small Pack,0.99
U25720,2026-01-07,0,Small Pack,0.99
U26593,2026-01-07,2,Event Pack,14.99
U28019,2026-01-07,3,Event Pack,4.99
U30494,2026-01-07,6,Cosmetic,9.99
U36917,2026-01-07,4,Cosmetic,19.99
U36923,2026-01-07,0,Small Pack,0.99
U40825,2026-01-07,0,Event Pack,14.99
U41446,2026-01-07,5,Event Pack,14.99
U42303,2026-01-07,0,Event Pack,14.99
U42783,2026-01-07,3,Event Pack,9.99
U43826,2026-01-07,6,Cosmetic,9.99
U45162,2026-01-07,0,Small Pack,1.99
U46973,2026-01-07,5,Small Pack,1.99
U47940,2026-01-07,0,Event Pack,4.99
U48660,2026-01-07,2,Small Pack,1.99
U02792,2026-01-08,0,Event Pack,14.99
U05238,2026-01-08,0,Small Pack,0.99
U05468,2026-01-08,0,Event Pack,9.99
U05499,2026-01-08,4,Small Pack,1.99
U06552,2026-01-08,6,Monthly Pass,4.99
U08754,2026-01-08,2,Monthly Pass,5.99
U13137,2026-01-08,5,Cosmetic,9.99
U13624,2026-01-08,3,Premium Pack,99.99
U14168,2026-01-08,2,Event Pack,14.99
U14585,2026-01-08,0,Small Pack,2.99
U18924,2026-01-08,6,Event Pack,14.99
U22250,2026-01-08,3,Event Pack,4.99
U22602,2026-01-08,0,Small Pack,2.99
U24026,2026-01-08,2,Event Pack,9.99
U24499,2026-01-08,3,Premium Pack,99.99
U25738,2026-01-08,0,Small Pack,1.99
U28186,2026-01-08,3,Cosmetic,19.99
U30275,2026-01-08,4,Monthly Pass,5.99
U30886,2026-01-08,7,Event Pack,14.99
U31325,2026-01-08,2,Small Pack,2.99
U34032,2026-01-08,1,Event Pack,4.99
U35919,2026-01-08,6,Event Pack,9.99
U37863,2026-01-08,0,Event Pack,9.99
U38017,2026-01-08,0,Cosmetic,19.99
U39183,2026-01-08,7,Small Pack,0.99
U39700,2026-01-08,3,Event Pack,4.99
U39971,2026-01-08,0,Monthly Pass,5.99
U40156,2026-01-08,1,Premium Pack,49.99
U41385,2026-01-08,5,Small Pack,1.99
U43826,2026-01-08,7,Event Pack,9.99
U44702,2026-01-08,0,Cosmetic,19.99
U45077,2026-01-08,5,Cosmetic,19.99
U45652,2026-01-08,0,Cosmetic,9.99
U46243,2026-01-08,0,Event Pack,14.99
U47502,2026-01-08,5,Event Pack,14.99
U48880,2026-01-08,3,Event Pack,9.99
U49460,2026-01-08,0,Small Pack,0.99
U00013,2026-01-09,2,Event Pack,4.99
U01308,2026-01-09,0,Monthly Pass,4.99
U01431,2026-01-09,2,Event Pack,4.99
U01537,2026-01-09,0,Cosmetic,9.99
U01763,2026-01-09,4,Monthly Pass,4.99
U01937,2026-01-09,0,Event Pack,14.99
U02754,2026-01-09,3,Event Pack,14.99
U03595,2026-01-09,0,Event Pack,14.99
U03627,2026-01-09,0,Cosmetic,19.99
U08787,2026-01-09,0,Monthly Pass,5.99
U11068,2026-01-09,3,Small Pack,2.99
U11876,2026-01-09,4,Monthly Pass,5.99
U12061,2026-01-09,8,Event Pack,14.99
U13031,2026-01-09,3,Small Pack,1.99
U13220,2026-01-09,0,Small Pack,1.99
U14168,2026-01-09,3,Cosmetic,29.99
U14575,2026-01-09,8,Event Pack,4.99
U14593,2026-01-09,0,Event Pack,14.99
U17694,2026-01-09,4,Monthly Pass,5.99
U18777,2026-01-09,6,Small Pack,2.99
U20004,2026-01-09,0,Event Pack,9.99
U20107,2026-01-09,4,Monthly Pass,5.99
U21126,2026-01-09,0,Premium Pack,19.99
U21261,2026-01-09,6,Cosmetic,29.99
U22244,2026-01-09,2,Event Pack,14.99
U22535,2026-01-09,0,Monthly Pass,4.99
U25228,2026-01-09,0,Premium Pack,99.99
U25956,2026-01-09,8,Premium Pack,99.99
U27884,2026-01-09,2,Monthly Pass,4.99
U29265,2026-01-09,7,Monthly Pass,5.99
U30842,2026-01-09,4,Monthly Pass,5.99
U31039,2026-01-09,1,Small Pack,2.99
U32039,2026-01-09,8,Small Pack,1.99
U32697,2026-01-09,0,Event Pack,9.99
U32887,2026-01-09,0,Monthly Pass,4.99
U33353,2026-01-09,5,Small Pack,0.99
U34271,2026-01-09,6,Premium Pack,99.99
U34374,2026-01-09,1,Cosmetic,9.99
U36246,2026-01-09,4,Event Pack,14.99
U36679,2026-01-09,4,Event Pack,14.99
U38839,2026-01-09,0,Event Pack,14.99
U39143,2026-01-09,0,Premium Pack,19.99
U39700,2026-01-09,4,Monthly Pass,4.99
U41044,2026-01-09,4,Small Pack,0.99
U42792,2026-01-09,5,Event Pack,4.99
U43491,2026-01-09,2,Event Pack,4.99
U44739,2026-01-09,0,Cosmetic,29.99
U45642,2026-01-09,1,Small Pack,2.99
U45993,2026-01-09,0,Event Pack,4.99
U46374,2026-01-09,7,Monthly Pass,5.99
U47829,2026-01-09,8,Small Pack,2.99
U49239,2026-01-09,4,Monthly Pass,5.99
U49846,2026-01-09,1,Event Pack,4.99
U00387,2026-01-10,0,Monthly Pass,5.99
U01106,2026-01-10,5,Small Pack,1.99
U03455,2026-01-10,0,Cosmetic,19.99
U04932,2026-01-10,2,Small Pack,2.99
U05468,2026-01-10,2,Monthly Pass,5.99
U05774,2026-01-10,8,Cosmetic,9.99
U05979,2026-01-10,5,Monthly Pass,4.99
U07876,2026-01-10,0,Event Pack,4.99
U08498,2026-01-10,8,Event Pack,14.99
U09524,2026-01-10,2,Cosmetic,29.99
U12090,2026-01-10,9,Small Pack,0.99
U12161,2026-01-10,1,Event Pack,14.99
U12283,2026-01-10,2,Small Pack,1.99
U13220,2026-01-10,1,Cosmetic,19.99
U15045,2026-01-10,5,Event Pack,14.99
U17720,2026-01-10,2,Event Pack,9.99
U19405,2026-01-10,9,Event Pack,14.99
U22920,2026-01-10,1,Event Pack,4.99
U24586,2026-01-10,0,Monthly Pass,5.99
U25683,2026-01-10,0,Small Pack,2.99
U28233,2026-01-10,1,Small Pack,2.99
U30093,2026-01-10,0,Premium Pack,49.99
U31254,2026-01-10,1,Cosmetic,19.99
U31724,2026-01-10,8,Premium Pack,99.99
U31732,2026-01-10,2,Premium Pack,19.99
U32887,2026-01-10,1,Monthly Pass,4.99
U33434,2026-01-10,1,Monthly Pass,4.99
U34032,2026-01-10,3,Cosmetic,9.99
U34474,2026-01-10,6,Small Pack,0.99
U39676,2026-01-10,1,Monthly Pass,5.99
U42127,2026-01-10,4,Monthly Pass,5.99
U42209,2026-01-10,2,Event Pack,4.99
U46231,2026-01-10,9,Monthly Pass,5.99
U46973,2026-01-10,8,Small Pack,1.99
U47216,2026-01-10,4,Event Pack,4.99
U47249,2026-01-10,6,Cosmetic,19.99
U48531,2026-01-10,0,Premium Pack,49.99
U48627,2026-01-10,3,Monthly Pass,5.99
U49324,2026-01-10,3,Monthly Pass,5.99
U49756,2026-01-10,9,Small Pack,1.99
U00106,2026-01-11,7,Small Pack,2.99
U02848,2026-01-11,9,Premium Pack,49.99
U03596,2026-01-11,0,Event Pack,14.99
U04859,2026-01-11,3,Event Pack,4.99
U08474,2026-01-11,0,Premium Pack,49.99
U09521,2026-01-11,1,Small Pack,1.99
U16505,2026-01-11,2,Event Pack,14.99
U18216,2026-01-11,5,Event Pack,9.99
U19036,2026-01-11,1,Cosmetic,9.99
U19223,2026-01-11,0,Cosmetic,29.99
U22151,2026-01-11,3,Event Pack,4.99
U22578,2026-01-11,0,Monthly Pass,4.99
U22773,2026-01-11,8,Small Pack,0.99
U23125,2026-01-11,1,Premium Pack,99.99
U25185,2026-01-11,7,Event Pack,14.99
U25683,2026-01-11,1,Monthly Pass,4.99
U25703,2026-01-11,5,Cosmetic,9.99
U30842,2026-01-11,6,Premium Pack,99.99
U32697,2026-01-11,2,Event Pack,9.99
U33628,2026-01-11,2,Premium Pack,99.99
U35771,2026-01-11,6,Event Pack,9.99
U38730,2026-01-11,5,Cosmetic,29.99
U41660,2026-01-11,0,Small Pack,0.99
U43070,2026-01-11,0,Small Pack,2.99
U43554,2026-01-11,0,Event Pack,9.99
U43597,2026-01-11,2,Small Pack,1.99
U45329,2026-01-11,5,Small Pack,2.99
U46661,2026-01-11,8,Event Pack,14.99
U46701,2026-01-11,6,Event Pack,9.99
U47290,2026-01-11,2,Monthly Pass,5.99
U49158,2026-01-11,2,Small Pack,0.99
U01431,2026-01-12,5,Cosmetic,19.99
U02110,2026-01-12,2,Small Pack,1.99
U02540,2026-01-12,4,Cosmetic,19.99
U02884,2026-01-12,6,Event Pack,14.99
U03823,2026-01-12,0,Cosmetic,19.99
U06602,2026-01-12,10,Monthly Pass,4.99
U09331,2026-01-12,0,Cosmetic,29.99
U14354,2026-01-12,0,Event Pack,14.99
U14363,2026-01-12,11,Small Pack,0.99
U14484,2026-01-12,0,Monthly Pass,4.99
U14593,2026-01-12,3,Event Pack,14.99
U14760,2026-01-12,0,Cosmetic,19.99
U19536,2026-01-12,3,Small Pack,1.99
U20454,2026-01-12,4,Event Pack,14.99
U21104,2026-01-12,5,Monthly Pass,4.99
U23792,2026-01-12,1,Small Pack,2.99
U24140,2026-01-12,0,Event Pack,9.99
U24252,2026-01-12,4,Monthly Pass,5.99
U25295,2026-01-12,0,Small Pack,1.99
U25329,2026-01-12,10,Event Pack,14.99
U25723,2026-01-12,0,Small Pack,1.99
U27028,2026-01-12,0,Cosmetic,9.99
U27477,2026-01-12,7,Cosmetic,29.99
U29679,2026-01-12,4,Cosmetic,19.99
U30886,2026-01-12,11,Small Pack,0.99
U31701,2026-01-12,9,Small Pack,1.99
U32213,2026-01-12,0,Event Pack,4.99
U32729,2026-01-12,0,Small Pack,2.99
U39791,2026-01-12,6,Cosmetic,29.99
U41046,2026-01-12,0,Small Pack,1.99
U43159,2026-01-12,0,Event Pack,14.99
U45021,2026-01-12,7,Premium Pack,19.99
U46119,2026-01-12,0,Monthly Pass,4.99
U46529,2026-01-12,3,Event Pack,9.99
U46661,2026-01-12,9,Small Pack,1.99
U46742,2026-01-12,4,Monthly Pass,4.99
U49268,2026-01-12,8,Event Pack,4.99
U49683,2026-01-12,11,Event Pack,14.99
U01521,2026-01-13,2,Small Pack,0.99
U04203,2026-01-13,3,Premium Pack,99.99
U05699,2026-01-13,2,Small Pack,0.99
U08277,2026-01-13,0,Small Pack,0.99
U08601,2026-01-13,10,Small Pack,0.99
U09107,2026-01-13,5,Monthly Pass,4.99
U10002,2026-01-13,11,Monthly Pass,5.99
U10224,2026-01-13,3,Cosmetic,29.99
U12061,2026-01-13,12,Event Pack,4.99
U13563,2026-01-13,0,Small Pack,1.99
U15295,2026-01-13,0,Small Pack,0.99
U16440,2026-01-13,0,Small Pack,0.99
U19838,2026-01-13,3,Small Pack,1.99
U21530,2026-01-13,6,Small Pack,1.99
U22465,2026-01-13,3,Cosmetic,9.99
U22885,2026-01-13,0,Event Pack,9.99
U22972,2026-01-13,9,Event Pack,4.99
U23525,2026-01-13,0,Monthly Pass,5.99
U26489,2026-01-13,4,Cosmetic,29.99
U27040,2026-01-13,6,Event Pack,4.99
U27788,2026-01-13,3,Small Pack,0.99
U29170,2026-01-13,0,Monthly Pass,5.99
U30014,2026-01-13,6,Event Pack,14.99
U31223,2026-01-13,0,Event Pack,14.99
U31623,2026-01-13,0,Small Pack,2.99
U32177,2026-01-13,0,Small Pack,1.99
U32199,2026-01-13,0,Premium Pack,19.99
U32454,2026-01-13,4,Small Pack,1.99
U34365,2026-01-13,6,Cosmetic,19.99
U36105,2026-01-13,0,Small Pack,2.99
U36619,2026-01-13,9,Small Pack,1.99
U36698,2026-01-13,0,Small Pack,1.99
U37286,2026-01-13,7,Event Pack,9.99
U37361,2026-01-13,10,Premium Pack,99.99
U37626,2026-01-13,0,Event Pack,9.99
U39348,2026-01-13,2,Monthly Pass,4.99
U39791,2026-01-13,7,Cosmetic,29.99
U40333,2026-01-13,4,Monthly Pass,4.99
U40574,2026-01-13,11,Small Pack,2.99
U43583,2026-01-13,1,Monthly Pass,4.99
U43879,2026-01-13,9,Monthly Pass,4.99
U44149,2026-01-13,10,Monthly Pass,4.99
U44244,2026-01-13,5,Small Pack,0.99
U45119,2026-01-13,10,Small Pack,2.99
U46374,2026-01-13,11,Event Pack,14.99
U46973,2026-01-13,11,Premium Pack,19.99
U48285,2026-01-13,1,Event Pack,9.99
U48878,2026-01-13,8,Cosmetic,29.99
U01186,2026-01-14,12,Cosmetic,9.99
U03968,2026-01-14,4,Event Pack,4.99
U04721,2026-01-14,9,Monthly Pass,5.99
U05639,2026-01-14,10,Premium Pack,99.99
U06136,2026-01-14,0,Cosmetic,9.99
U06382,2026-01-14,13,Monthly Pass,4.99
U07916,2026-01-14,9,Small Pack,2.99
U09887,2026-01-14,1,Monthly Pass,4.99
U11230,2026-01-14,7,Small Pack,2.99
U12028,2026-01-14,3,Event Pack,4.99
U12320,2026-01-14,5,Event Pack,4.99
U12388,2026-01-14,10,Event Pack,14.99
U12614,2026-01-14,0,Monthly Pass,4.99
U15045,2026-01-14,9,Event Pack,4.99
U16161,2026-01-14,2,Event Pack,9.99
U16855,2026-01-14,0,Monthly Pass,5.99
U16997,2026-01-14,7,Monthly Pass,4.99
U17517,2026-01-14,4,Monthly Pass,5.99
U21106,2026-01-14,10,Small Pack,0.99
U22374,2026-01-14,0,Monthly Pass,4.99
U22669,2026-01-14,11,Event Pack,9.99
U24617,2026-01-14,2,Monthly Pass,5.99
U25030,2026-01-14,0,Small Pack,2.99
U26784,2026-01-14,8,Premium Pack,49.99
U28819,2026-01-14,1,Monthly Pass,4.99
U28989,2026-01-14,3,Small Pack,1.99
U29294,2026-01-14,2,Event Pack,4.99
U30987,2026-01-14,0,Premium Pack,49.99
U32342,2026-01-14,4,Event Pack,4.99
U34155,2026-01-14,8,Cosmetic,29.99
U36687,2026-01-14,1,Cosmetic,19.99
U36880,2026-01-14,0,Cosmetic,9.99
U37351,2026-01-14,4,Monthly Pass,4.99
U37696,2026-01-14,0,Event Pack,4.99
U38428,2026-01-14,6,Monthly Pass,4.99
U40875,2026-01-14,0,Premium Pack,49.99
U40878,2026-01-14,8,Monthly Pass,5.99
U42518,2026-01-14,7,Event Pack,9.99
U43592,2026-01-14,11,Cosmetic,29.99
U44944,2026-01-14,0,Small Pack,1.99
U45391,2026-01-14,1,Small Pack,0.99
U46314,2026-01-14,11,Small Pack,0.99
U46612,2026-01-14,12,Monthly Pass,5.99
U48032,2026-01-14,1,Event Pack,14.99
U48414,2026-01-14,3,Event Pack,9.99
U03179,2026-01-15,9,Event Pack,4.99
U04086,2026-01-15,8,Event Pack,9.99
U04234,2026-01-15,14,Cosmetic,9.99
U05151,2026-01-15,12,Cosmetic,19.99
U06950,2026-01-15,14,Event Pack,9.99
U09366,2026-01-15,3,Small Pack,0.99
U09373,2026-01-15,0,Small Pack,2.99
U10060,2026-01-15,6,Premium Pack,49.99
U10460,2026-01-15,2,Small Pack,0.99
U11107,2026-01-15,2,Small Pack,0.99
U12676,2026-01-15,0,Small Pack,0.99
U14260,2026-01-15,4,Event Pack,14.99
U14270,2026-01-15,12,Premium Pack,99.99
U14760,2026-01-15,3,Monthly Pass,4.99
U16204,2026-01-15,13,Small Pack,2.99
U19179,2026-01-15,10,Monthly Pass,5.99
U20150,2026-01-15,12,Event Pack,14.99
U21782,2026-01-15,3,Cosmetic,29.99
U22085,2026-01-15,11,Event Pack,14.99
U22365,2026-01-15,9,Event Pack,4.99
U22885,2026-01-15,2,Cosmetic,29.99
U23384,2026-01-15,8,Small Pack,1.99
U23929,2026-01-15,0,Event Pack,4.99
U24617,2026-01-15,3,Monthly Pass,5.99
U24698,2026-01-15,1,Event Pack,4.99
U25431,2026-01-15,13,Cosmetic,9.99
U27028,2026-01-15,3,Event Pack,14.99
U30479,2026-01-15,11,Event Pack,9.99
U31038,2026-01-15,1,Cosmetic,19.99
U31260,2026-01-15,10,Event Pack,4.99
U34558,2026-01-15,2,Premium Pack,49.99
U35324,2026-01-15,11,Cosmetic,9.99
U36280,2026-01-15,9,Small Pack,1.99
U37178,2026-01-15,8,Cosmetic,29.99
U39050,2026-01-15,6,Small Pack,1.99
U39061,2026-01-15,7,Small Pack,2.99
U43335,2026-01-15,4,Monthly Pass,5.99
U43583,2026-01-15,3,Cosmetic,9.99
U43880,2026-01-15,14,Small Pack,0.99
U44908,2026-01-15,9,Event Pack,9.99
U46612,2026-01-15,13,Monthly Pass,4.99
U47118,2026-01-15,0,Cosmetic,9.99
U47177,2026-01-15,11,Event Pack,9.99
U48024,2026-01-15,3,Monthly Pass,4.99
U48098,2026-01-15,4,Premium Pack,99.99
U49454,2026-01-15,0,Cosmetic,29.99
U49622,2026-01-15,0,Cosmetic,9.99
U49839,2026-01-15,0,Cosmetic,29.99
U00669,2026-01-16,3,Monthly Pass,4.99
U02141,2026-01-16,1,Small Pack,2.99
U02722,2026-01-16,6,Small Pack,1.99
U03142,2026-01-16,14,Cosmetic,9.99
U03481,2026-01-16,12,Monthly Pass,4.99
U03860,2026-01-16,0,Small Pack,0.99
U04276,2026-01-16,5,Event Pack,9.99
U05379,2026-01-16,4,Cosmetic,29.99
U06243,2026-01-16,3,Premium Pack,49.99
U06352,2026-01-16,0,Monthly Pass,5.99
U06382,2026-01-16,15,Monthly Pass,4.99
U07071,2026-01-16,3,Cosmetic,9.99
U08395,2026-01-16,1,Event Pack,4.99
U08455,2026-01-16,0,Event Pack,14.99
U09366,2026-01-16,4,Event Pack,9.99
U11571,2026-01-16,0,Event Pack,9.99
U12999,2026-01-16,11,Monthly Pass,4.99
U13324,2026-01-16,14,Small Pack,1.99
U14056,2026-01-16,3,Small Pack,1.99
U15557,2026-01-16,0,Small Pack,1.99
U18168,2026-01-16,15,Event Pack,14.99
U18216,2026-01-16,10,Cosmetic,19.99
U18604,2026-01-16,3,Event Pack,4.99
U18770,2026-01-16,4,Premium Pack,99.99
U19032,2026-01-16,9,Event Pack,14.99
U19382,2026-01-16,3,Event Pack,4.99
U21421,2026-01-16,0,Monthly Pass,4.99
U22527,2026-01-16,3,Cosmetic,9.99
U23237,2026-01-16,0,Cosmetic,9.99
U23853,2026-01-16,2,Event Pack,4.99
U24002,2026-01-16,0,Event Pack,9.99
U24504,2026-01-16,12,Monthly Pass,4.99
U24617,2026-01-16,4,Premium Pack,99.99
U25329,2026-01-16,14,Small Pack,1.99
U26055,2026-01-16,0,Monthly Pass,5.99
U26840,2026-01-16,0,Event Pack,14.99
U28380,2026-01-16,2,Premium Pack,99.99
U29861,2026-01-16,0,Monthly Pass,5.99
U30694,2026-01-16,11,Small Pack,2.99
U32919,2026-01-16,4,Small Pack,2.99
U33223,2026-01-16,11,Small Pack,0.99
U33263,2026-01-16,9,Monthly Pass,4.99
U33573,2026-01-16,5,Monthly Pass,4.99
U34181,2026-01-16,1,Monthly Pass,4.99
U34375,2026-01-16,6,Monthly Pass,4.99
U37595,2026-01-16,1,Cosmetic,9.99
U38135,2026-01-16,0,Small Pack,1.99
U39367,2026-01-16,11,Monthly Pass,5.99
U42877,2026-01-16,1,Small Pack,2.99
U43683,2026-01-16,3,Premium Pack,19.99
U44872,2026-01-16,5,Cosmetic,19.99
U45176,2026-01-16,2,Small Pack,2.99
U45884,2026-01-16,11,Event Pack,4.99
U47216,2026-01-16,10,Small Pack,0.99
U47738,2026-01-16,14,Monthly Pass,4.99
U49622,2026-01-16,1,Cosmetic,29.99
U00367,2026-01-17,3,Small Pack,0.99
U00468,2026-01-17,5,Monthly Pass,5.99
U02134,2026-01-17,4,Premium Pack,99.99
U04599,2026-01-17,11,Cosmetic,9.99
U09574,2026-01-17,2,Cosmetic,29.99
U09887,2026-01-17,4,Small Pack,2.99
U10356,2026-01-17,0,Monthly Pass,5.99
U10358,2026-01-17,10,Small Pack,2.99
U13571,2026-01-17,15,Premium Pack,99.99
U13995,2026-01-17,15,Monthly Pass,5.99
U14260,2026-01-17,6,Monthly Pass,5.99
U14911,2026-01-17,0,Cosmetic,19.99
U17336,2026-01-17,5,Event Pack,14.99
U20184,2026-01-17,11,Small Pack,1.99
U21421,2026-01-17,1,Monthly Pass,5.99
U21902,2026-01-17,6,Small Pack,1.99
U22465,2026-01-17,7,Small Pack,2.99
U22482,2026-01-17,3,Small Pack,0.99
U23695,2026-01-17,5,Small Pack,0.99
U24073,2026-01-17,8,Small Pack,0.99
U25148,2026-01-17,0,Event Pack,14.99
U26348,2026-01-17,4,Monthly Pass,5.99
U26935,2026-01-17,0,Event Pack,9.99
U27345,2026-01-17,11,Premium Pack,49.99
U30314,2026-01-17,1,Small Pack,2.99
U33021,2026-01-17,2,Event Pack,4.99
U33628,2026-01-17,8,Small Pack,0.99
U35671,2026-01-17,7,Premium Pack,19.99
U37087,2026-01-17,3,Cosmetic,9.99
U38702,2026-01-17,3,Event Pack,14.99
U38782,2026-01-17,0,Small Pack,0.99
U39580,2026-01-17,0,Small Pack,2.99
U40179,2026-01-17,0,Monthly Pass,5.99
U42607,2026-01-17,3,Cosmetic,29.99
U42792,2026-01-17,13,Event Pack,14.99
U48660,2026-01-17,12,Premium Pack,99.99
U48942,2026-01-17,0,Monthly Pass,4.99
U49082,2026-01-17,0,Small Pack,0.99
U00221,2026-01-18,2,Small Pack,1.99
U00680,2026-01-18,1,Event Pack,9.99
U01749,2026-01-18,0,Cosmetic,29.99
U02049,2026-01-18,2,Premium Pack,49.99
U02708,2026-01-18,0,Small Pack,1.99
U03289,2026-01-18,0,Cosmetic,19.99
U03587,2026-01-18,12,Event Pack,9.99
U05536,2026-01-18,16,Small Pack,0.99
U06352,2026-01-18,2,Event Pack,14.99
U06417,2026-01-18,12,Monthly Pass,4.99
U06786,2026-01-18,0,Event Pack,4.99
U07912,2026-01-18,5,Monthly Pass,5.99
U08033,2026-01-18,1,Small Pack,2.99
U09422,2026-01-18,10,Monthly Pass,5.99
U11125,2026-01-18,12,Event Pack,4.99
U12778,2026-01-18,6,Monthly Pass,4.99
U16930,2026-01-18,1,Small Pack,0.99
U16997,2026-01-18,11,Small Pack,2.99
U17619,2026-01-18,9,Small Pack,2.99
U18168,2026-01-18,17,Small Pack,1.99
U18919,2026-01-18,9,Cosmetic,9.99
U19436,2026-01-18,9,Small Pack,1.99
U19806,2026-01-18,1,Monthly Pass,4.99
U19913,2026-01-18,0,Monthly Pass,5.99
U20808,2026-01-18,2,Cosmetic,29.99
U22983,2026-01-18,13,Monthly Pass,5.99
U24499,2026-01-18,13,Monthly Pass,5.99
U24637,2026-01-18,3,Small Pack,2.99
U25503,2026-01-18,2,Cosmetic,29.99
U26280,2026-01-18,7,Cosmetic,19.99
U26590,2026-01-18,15,Small Pack,2.99
U27225,2026-01-18,6,Cosmetic,9.99
U27624,2026-01-18,3,Cosmetic,9.99
U27640,2026-01-18,17,Event Pack,9.99
U28725,2026-01-18,2,Event Pack,9.99
U30864,2026-01-18,2,Event Pack,14.99
U32730,2026-01-18,2,Small Pack,1.99
U32964,2026-01-18,9,Monthly Pass,4.99
U33455,2026-01-18,0,Small Pack,2.99
U33637,2026-01-18,2,Cosmetic,29.99
U34806,2026-01-18,2,Event Pack,14.99
U34831,2026-01-18,15,Small Pack,1.99
U35035,2026-01-18,0,Cosmetic,9.99
U36280,2026-01-18,12,Small Pack,2.99
U37035,2026-01-18,0,Event Pack,4.99
U37643,2026-01-18,3,Event Pack,14.99
U39254,2026-01-18,8,Small Pack,1.99
U39898,2026-01-18,16,Monthly Pass,4.99
U40007,2026-01-18,16,Monthly Pass,5.99
U40332,2026-01-18,0,Small Pack,0.99
U40744,2026-01-18,15,Small Pack,1.99
U41742,2026-01-18,1,Event Pack,4.99
U43578,2026-01-18,6,Cosmetic,9.99
U44373,2026-01-18,9,Small Pack,1.99
U44802,2026-01-18,6,Event Pack,14.99
U46119,2026-01-18,6,Cosmetic,9.99
U47114,2026-01-18,12,Small Pack,2.99
U47664,2026-01-18,2,Monthly Pass,4.99
U47898,2026-01-18,6,Monthly Pass,5.99
U48252,2026-01-18,11,Monthly Pass,4.99
U48942,2026-01-18,1,Premium Pack,49.99
U49239,2026-01-18,13,Event Pack,14.99
U00051,2026-01-19,18,Event Pack,14.99
U01322,2026-01-19,0,Small Pack,2.99
U01887,2026-01-19,1,Small Pack,1.99
U02134,2026-01-19,6,Monthly Pass,5.99
U02701,2026-01-19,0,Cosmetic,19.99
U03269,2026-01-19,1,Event Pack,9.99
U04041,2026-01-19,0,Premium Pack,49.99
U04074,2026-01-19,2,Premium Pack,99.99
U04833,2026-01-19,7,Premium Pack,19.99
U05639,2026-01-19,15,Event Pack,14.99
U07526,2026-01-19,12,Small Pack,0.99
U08653,2026-01-19,1,Cosmetic,29.99
U10406,2026-01-19,9,Monthly Pass,4.99
U10838,2026-01-19,1,Event Pack,14.99
U11382,2026-01-19,0,Event Pack,9.99
U12424,2026-01-19,3,Cosmetic,9.99
U12797,2026-01-19,0,Small Pack,1.99
U12932,2026-01-19,10,Cosmetic,29.99
U13171,2026-01-19,11,Small Pack,2.99
U14585,2026-01-19,11,Premium Pack,19.99
U16061,2026-01-19,0,Event Pack,4.99
U16823,2026-01-19,5,Small Pack,2.99
U16843,2026-01-19,18,Small Pack,2.99
U17303,2026-01-19,5,Cosmetic,19.99
U18017,2026-01-19,14,Monthly Pass,5.99
U18518,2026-01-19,1,Small Pack,2.99
U20335,2026-01-19,8,Small Pack,1.99
U20867,2026-01-19,1,Small Pack,2.99
U21273,2026-01-19,0,Cosmetic,29.99
U22065,2026-01-19,3,Event Pack,14.99
U22160,2026-01-19,2,Small Pack,2.99
U22748,2026-01-19,7,Premium Pack,49.99
U23679,2026-01-19,16,Small Pack,0.99
U24240,2026-01-19,2,Event Pack,9.99
U25358,2026-01-19,12,Event Pack,9.99
U25470,2026-01-19,0,Monthly Pass,4.99
U25784,2026-01-19,5,Event Pack,14.99
U26489,2026-01-19,10,Cosmetic,19.99
U27040,2026-01-19,12,Monthly Pass,4.99
U28461,2026-01-19,11,Small Pack,1.99
U28649,2026-01-19,18,Cosmetic,9.99
U29017,2026-01-19,2,Event Pack,4.99
U29027,2026-01-19,0,Event Pack,9.99
U29170,2026-01-19,6,Event Pack,14.99
U29883,2026-01-19,3,Small Pack,2.99
U31476,2026-01-19,14,Monthly Pass,4.99
U32176,2026-01-19,0,Monthly Pass,5.99
U32729,2026-01-19,7,Monthly Pass,5.99
U32730,2026-01-19,3,Event Pack,4.99
U34368,2026-01-19,1,Premium Pack,19.99
U34416,2026-01-19,4,Small Pack,1.99
U36831,2026-01-19,2,Event Pack,9.99
U39922,2026-01-19,7,Premium Pack,19.99
U40890,2026-01-19,15,Small Pack,2.99
U41420,2026-01-19,18,Premium Pack,99.99
U41957,2026-01-19,0,Cosmetic,19.99
U42199,2026-01-19,5,Event Pack,14.99
U44450,2026-01-19,1,Monthly Pass,5.99
U44738,2026-01-19,6,Event Pack,9.99
U46593,2026-01-19,17,Event Pack,14.99
U46839,2026-01-19,16,Event Pack,4.99
U47086,2026-01-19,2,Event Pack,4.99
U49250,2026-01-19,0,Cosmetic,9.99
U02114,2026-01-20,2,Event Pack,9.99
U02759,2026-01-20,0,Small Pack,0.99
U02836,2026-01-20,1,Event Pack,4.99
U03301,2026-01-20,10,Small Pack,2.99
U03760,2026-01-20,4,Event Pack,14.99
U07814,2026-01-20,0,Small Pack,1.99
U08360,2026-01-20,4,Cosmetic,9.99
U08455,2026-01-20,4,Small Pack,0.99
U09381,2026-01-20,8,Small Pack,2.99
U09753,2026-01-20,4,Monthly Pass,5.99
U11053,2026-01-20,12,Small Pack,1.99
U11072,2026-01-20,13,Small Pack,1.99
U11107,2026-01-20,7,Event Pack,9.99
U12056,2026-01-20,18,Small Pack,0.99
U13482,2026-01-20,16,Event Pack,9.99
U14759,2026-01-20,12,Event Pack,4.99
U14891,2026-01-20,0,Premium Pack,19.99
U16600,2026-01-20,11,Monthly Pass,5.99
U17602,2026-01-20,6,Premium Pack,49.99
U19665,2026-01-20,0,Event Pack,4.99
U20117,2026-01-20,9,Event Pack,14.99
U22004,2026-01-20,1,Small Pack,2.99
U23525,2026-01-20,7,Event Pack,9.99
U24852,2026-01-20,1,Event Pack,9.99
U25428,2026-01-20,2,Small Pack,2.99
U25686,2026-01-20,0,Event Pack,4.99
U27242,2026-01-20,7,Small Pack,2.99
U27568,2026-01-20,3,Monthly Pass,5.99
U28999,2026-01-20,11,Small Pack,0.99
U29205,2026-01-20,0,Monthly Pass,4.99
U29615,2026-01-20,15,Event Pack,14.99
U29785,2026-01-20,5,Small Pack,0.99
U30094,2026-01-20,0,Premium Pack,49.99
U30146,2026-01-20,0,Cosmetic,9.99
U33156,2026-01-20,16,Monthly Pass,4.99
U33434,2026-01-20,11,Event Pack,9.99
U33545,2026-01-20,19,Small Pack,0.99
U35500,2026-01-20,8,Small Pack,0.99
U36999,2026-01-20,2,Small Pack,0.99
U40269,2026-01-20,2,Event Pack,9.99
U41717,2026-01-20,19,Small Pack,0.99
U42199,2026-01-20,6,Small Pack,0.99
U42518,2026-01-20,13,Premium Pack,49.99
U44649,2026-01-20,2,Event Pack,9.99
U45102,2026-01-20,1,Small Pack,2.99
U45353,2026-01-20,0,Premium Pack,99.99
U46138,2026-01-20,0,Event Pack,4.99
U46457,2026-01-20,0,Event Pack,4.99
U46517,2026-01-20,0,Premium Pack,99.99
U47284,2026-01-20,3,Small Pack,2.99
U47345,2026-01-20,15,Cosmetic,9.99
U47645,2026-01-20,0,Event Pack,4.99
U47767,2026-01-20,0,Small Pack,1.99
U49250,2026-01-20,1,Cosmetic,29.99
U49497,2026-01-20,2,Monthly Pass,5.99
U49846,2026-01-20,12,Event Pack,9.99
U49879,2026-01-20,5,Premium Pack,49.99
U49950,2026-01-20,4,Event Pack,9.99
U00428,2026-01-21,7,Monthly Pass,4.99
U02110,2026-01-21,11,Small Pack,0.99
U02759,2026-01-21,1,Small Pack,1.99
U03823,2026-01-21,9,Monthly Pass,4.99
U04234,2026-01-21,20,Premium Pack,19.99
U04276,2026-01-21,10,Event Pack,14.99
U04420,2026-01-21,6,Small Pack,0.99
U05216,2026-01-21,9,Small Pack,1.99
U05322,2026-01-21,4,Small Pack,1.99
U05459,2026-01-21,0,Small Pack,2.99
U05519,2026-01-21,0,Small Pack,2.99
U08132,2026-01-21,11,Small Pack,1.99
U08653,2026-01-21,3,Event Pack,14.99
U08714,2026-01-21,19,Small Pack,1.99
U10261,2026-01-21,17,Monthly Pass,5.99
U10714,2026-01-21,1,Event Pack,4.99
U11458,2026-01-21,5,Small Pack,1.99
U12417,2026-01-21,0,Event Pack,9.99
U14445,2026-01-21,0,Premium Pack,19.99
U14734,2026-01-21,0,Cosmetic,19.99
U15167,2026-01-21,1,Event Pack,9.99
U15713,2026-01-21,1,Event Pack,4.99
U16464,2026-01-21,1,Event Pack,14.99
U17601,2026-01-21,0,Monthly Pass,5.99
U18107,2026-01-21,1,Small Pack,2.99
U18332,2026-01-21,0,Event Pack,4.99
U20363,2026-01-21,17,Monthly Pass,5.99
U20867,2026-01-21,3,Premium Pack,19.99
U21014,2026-01-21,14,Monthly Pass,5.99
U21338,2026-01-21,3,Small Pack,1.99
U21530,2026-01-21,14,Small Pack,0.99
U23384,2026-01-21,14,Monthly Pass,4.99
U24469,2026-01-21,20,Small Pack,2.99
U25145,2026-01-21,2,Small Pack,2.99
U25358,2026-01-21,14,Small Pack,0.99
U25832,2026-01-21,6,Premium Pack,49.99
U25956,2026-01-21,20,Event Pack,9.99
U26046,2026-01-21,13,Monthly Pass,5.99
U26779,2026-01-21,0,Event Pack,14.99
U27345,2026-01-21,15,Small Pack,0.99
U28270,2026-01-21,3,Small Pack,0.99
U29027,2026-01-21,2,Monthly Pass,4.99
U29435,2026-01-21,12,Small Pack,0.99
U30987,2026-01-21,7,Small Pack,1.99
U31223,2026-01-21,8,Monthly Pass,5.99
U33161,2026-01-21,12,Event Pack,4.99
U33404,2026-01-21,4,Cosmetic,19.99
U33434,2026-01-21,12,Cosmetic,19.99
U33659,2026-01-21,13,Monthly Pass,5.99
U33838,2026-01-21,18,Cosmetic,29.99
U35769,2026-01-21,10,Small Pack,2.99
U35985,2026-01-21,4,Cosmetic,9.99
U36054,2026-01-21,3,Event Pack,4.99
U36473,2026-01-21,1,Event Pack,4.99
U38621,2026-01-21,10,Event Pack,14.99
U38954,2026-01-21,9,Small Pack,2.99
U39038,2026-01-21,13,Event Pack,4.99
U39700,2026-01-21,16,Small Pack,2.99
U40885,2026-01-21,20,Event Pack,14.99
U40918,2026-01-21,11,Cosmetic,9.99
U41617,2026-01-21,15,Monthly Pass,4.99
U41787,2026-01-21,4,Small Pack,2.99
U43214,2026-01-21,15,Cosmetic,9.99
U45082,2026-01-21,11,Cosmetic,9.99
U46314,2026-01-21,18,Event Pack,4.99
U47050,2026-01-21,9,Event Pack,9.99
U47188,2026-01-21,8,Monthly Pass,4.99
U48178,2026-01-21,0,Small Pack,2.99
U49503,2026-01-21,0,Premium Pack,99.99
U02836,2026-01-22,3,Monthly Pass,5.99
U02917,2026-01-22,17,Premium Pack,49.99
U02993,2026-01-22,5,Small Pack,2.99
U03081,2026-01-22,4,Cosmetic,9.99
U03118,2026-01-22,9,Monthly Pass,4.99
U04565,2026-01-22,3,Small Pack,1.99
U05313,2026-01-22,0,Monthly Pass,5.99
U05519,2026-01-22,1,Premium Pack,19.99
U06361,2026-01-22,5,Small Pack,1.99
U07313,2026-01-22,5,Monthly Pass,5.99
U08544,2026-01-22,15,Cosmetic,9.99
U08960,2026-01-22,6,Small Pack,1.99
U08993,2026-01-22,1,Small Pack,0.99
U09000,2026-01-22,10,Monthly Pass,4.99
U09379,2026-01-22,8,Small Pack,2.99
U09574,2026-01-22,7,Event Pack,14.99
U10024,2026-01-22,21,Cosmetic,29.99
U11005,2026-01-22,20,Small Pack,2.99
U12071,2026-01-22,0,Small Pack,1.99
U12707,2026-01-22,4,Small Pack,2.99
U13856,2026-01-22,9,Small Pack,1.99
U13969,2026-01-22,0,Premium Pack,49.99
U14651,2026-01-22,18,Small Pack,1.99
U14956,2026-01-22,4,Small Pack,2.99
U15277,2026-01-22,19,Premium Pack,19.99
U16399,2026-01-22,6,Event Pack,14.99
U16763,2026-01-22,3,Small Pack,0.99
U16833,2026-01-22,0,Small Pack,1.99
U18634,2026-01-22,0,Monthly Pass,4.99
U18714,2026-01-22,14,Small Pack,0.99
U19838,2026-01-22,12,Cosmetic,29.99
U20879,2026-01-22,6,Event Pack,4.99
U21392,2026-01-22,0,Monthly Pass,5.99
U21905,2026-01-22,13,Event Pack,4.99
U22993,2026-01-22,3,Event Pack,9.99
U23279,2026-01-22,5,Event Pack,4.99
U23308,2026-01-22,7,Small Pack,1.99
U23655,2026-01-22,0,Monthly Pass,4.99
U23929,2026-01-22,7,Cosmetic,9.99
U24811,2026-01-22,7,Premium Pack,99.99
U24975,2026-01-22,0,Cosmetic,19.99
U25329,2026-01-22,20,Cosmetic,19.99
U26762,2026-01-22,5,Monthly Pass,5.99
U27036,2026-01-22,0,Small Pack,0.99
U27063,2026-01-22,18,Cosmetic,9.99
U27657,2026-01-22,0,Event Pack,9.99
U28018,2026-01-22,10,Monthly Pass,4.99
U28221,2026-01-22,21,Monthly Pass,5.99
U29445,2026-01-22,0,Monthly Pass,4.99
U29880,2026-01-22,20,Event Pack,4.99
U30212,2026-01-22,0,Monthly Pass,4.99
U34806,2026-01-22,6,Cosmetic,9.99
U34935,2026-01-22,0,Small Pack,2.99
U34941,2026-01-22,0,Event Pack,14.99
U35866,2026-01-22,8,Cosmetic,29.99
U36612,2026-01-22,12,Cosmetic,19.99
U36770,2026-01-22,1,Event Pack,9.99
U39717,2026-01-22,0,Monthly Pass,4.99
U44721,2026-01-22,5,Cosmetic,29.99
U45270,2026-01-22,2,Small Pack,1.99
U45463,2026-01-22,0,Event Pack,14.99
U46440,2026-01-22,4,Small Pack,0.99
U46457,2026-01-22,2,Monthly Pass,5.99
U47386,2026-01-22,20,Small Pack,1.99
U48584,2026-01-22,16,Cosmetic,19.99
U49268,2026-01-22,18,Small Pack,1.99
U49299,2026-01-22,0,Monthly Pass,4.99
U00782,2026-01-23,0,Small Pack,0.99
U02114,2026-01-23,5,Monthly Pass,5.99
U03081,2026-01-23,5,Small Pack,1.99
U03191,2026-01-23,0,Cosmetic,19.99
U04162,2026-01-23,0,Small Pack,1.99
U04312,2026-01-23,9,Small Pack,1.99
U06570,2026-01-23,3,Event Pack,4.99
U06786,2026-01-23,5,Monthly Pass,5.99
U06921,2026-01-23,1,Monthly Pass,4.99
U07220,2026-01-23,3,Premium Pack,19.99
U08666,2026-01-23,0,Event Pack,9.99
U10412,2026-01-23,0,Event Pack,14.99
U12797,2026-01-23,4,Monthly Pass,5.99
U13405,2026-01-23,2,Monthly Pass,4.99
U13717,2026-01-23,21,Event Pack,14.99
U14456,2026-01-23,2,Event Pack,9.99
U15708,2026-01-23,0,Event Pack,4.99
U15755,2026-01-23,15,Event Pack,14.99
U16348,2026-01-23,17,Small Pack,1.99
U16930,2026-01-23,6,Small Pack,2.99
U20206,2026-01-23,17,Monthly Pass,5.99
U20821,2026-01-23,8,Cosmetic,9.99
U21298,2026-01-23,18,Event Pack,4.99
U21530,2026-01-23,16,Cosmetic,19.99
U23450,2026-01-23,13,Small Pack,2.99
U23807,2026-01-23,18,Monthly Pass,4.99
U24050,2026-01-23,20,Monthly Pass,4.99
U24925,2026-01-23,6,Cosmetic,29.99
U25428,2026-01-23,5,Cosmetic,19.99
U25631,2026-01-23,15,Cosmetic,9.99
U27177,2026-01-23,11,Small Pack,0.99
U29019,2026-01-23,14,Small Pack,0.99
U29386,2026-01-23,1,Small Pack,0.99
U30157,2026-01-23,11,Event Pack,9.99
U30519,2026-01-23,10,Cosmetic,9.99
U31545,2026-01-23,0,Event Pack,9.99
U31732,2026-01-23,15,Small Pack,0.99
U32640,2026-01-23,0,Event Pack,9.99
U33434,2026-01-23,14,Monthly Pass,5.99
U33621,2026-01-23,19,Small Pack,2.99
U33777,2026-01-23,21,Cosmetic,19.99
U36089,2026-01-23,1,Premium Pack,19.99
U36612,2026-01-23,13,Small Pack,2.99
U36684,2026-01-23,0,Premium Pack,49.99
U36710,2026-01-23,11,Premium Pack,99.99
U37843,2026-01-23,3,Cosmetic,19.99
U37863,2026-01-23,15,Cosmetic,29.99
U38492,2026-01-23,1,Cosmetic,29.99
U38551,2026-01-23,11,Monthly Pass,4.99
U38773,2026-01-23,0,Small Pack,2.99
U41716,2026-01-23,14,Event Pack,14.99
U42199,2026-01-23,9,Premium Pack,49.99
U42321,2026-01-23,12,Event Pack,4.99
U42569,2026-01-23,8,Cosmetic,19.99
U42700,2026-01-23,5,Cosmetic,19.99
U42967,2026-01-23,0,Event Pack,9.99
U44028,2026-01-23,1,Small Pack,0.99
U44912,2026-01-23,4,Monthly Pass,5.99
U45278,2026-01-23,11,Monthly Pass,5.99
U47394,2026-01-23,0,Small Pack,1.99
U48684,2026-01-23,16,Monthly Pass,4.99
U48794,2026-01-23,0,Small Pack,2.99
U49042,2026-01-23,19,Small Pack,1.99
U49061,2026-01-23,3,Event Pack,14.99
U49121,2026-01-23,4,Event Pack,14.99
U49268,2026-01-23,19,Event Pack,4.99
U49721,2026-01-23,9,Monthly Pass,5.99
U49846,2026-01-23,15,Small Pack,0.99
U49912,2026-01-23,12,Small Pack,0.99
U02660,2026-01-24,10,Cosmetic,9.99
U02722,2026-01-24,14,Small Pack,0.99
U02954,2026-01-24,14,Event Pack,14.99
U03191,2026-01-24,1,Cosmetic,19.99
U03577,2026-01-24,13,Small Pack,2.99
U04401,2026-01-24,1,Event Pack,9.99
U04830,2026-01-24,16,Event Pack,9.99
U05314,2026-01-24,0,Cosmetic,19.99
U07536,2026-01-24,0,Small Pack,2.99
U07770,2026-01-24,9,Small Pack,1.99
U08993,2026-01-24,3,Small Pack,1.99
U09217,2026-01-24,20,Premium Pack,49.99
U09304,2026-01-24,0,Monthly Pass,4.99
U09669,2026-01-24,0,Premium Pack,99.99
U09940,2026-01-24,2,Premium Pack,49.99
U10258,2026-01-24,8,Small Pack,2.99
U10406,2026-01-24,14,Small Pack,2.99
U12760,2026-01-24,2,Cosmetic,19.99
U13954,2026-01-24,17,Monthly Pass,5.99
U14585,2026-01-24,16,Monthly Pass,5.99
U15071,2026-01-24,4,Small Pack,1.99
U15076,2026-01-24,4,Event Pack,14.99
U16784,2026-01-24,3,Monthly Pass,4.99
U17210,2026-01-24,21,Small Pack,2.99
U17368,2026-01-24,0,Event Pack,14.99
U18681,2026-01-24,5,Event Pack,14.99
U18924,2026-01-24,22,Small Pack,0.99
U19926,2026-01-24,1,Cosmetic,19.99
U20644,2026-01-24,2,Event Pack,9.99
U21273,2026-01-24,5,Small Pack,1.99
U22078,2026-01-24,20,Event Pack,4.99
U23315,2026-01-24,6,Premium Pack,99.99
U23655,2026-01-24,2,Small Pack,1.99
U24140,2026-01-24,12,Event Pack,9.99
U24617,2026-01-24,12,Premium Pack,19.99
U25588,2026-01-24,0,Event Pack,14.99
U26055,2026-01-24,8,Event Pack,14.99
U26504,2026-01-24,5,Monthly Pass,4.99
U27576,2026-01-24,0,Monthly Pass,5.99
U28481,2026-01-24,2,Monthly Pass,4.99
U28973,2026-01-24,4,Event Pack,14.99
U29491,2026-01-24,19,Monthly Pass,4.99
U29729,2026-01-24,0,Event Pack,14.99
U31741,2026-01-24,1,Small Pack,0.99
U32454,2026-01-24,15,Event Pack,4.99
U33838,2026-01-24,21,Event Pack,4.99
U33858,2026-01-24,16,Event Pack,4.99
U34403,2026-01-24,3,Small Pack,1.99
U35032,2026-01-24,4,Monthly Pass,4.99
U35233,2026-01-24,0,Small Pack,1.99
U35641,2026-01-24,0,Monthly Pass,4.99
U39100,2026-01-24,11,Event Pack,4.99
U39537,2026-01-24,4,Monthly Pass,5.99
U41058,2026-01-24,1,Event Pack,14.99
U43240,2026-01-24,3,Event Pack,4.99
U44004,2026-01-24,14,Cosmetic,29.99
U44063,2026-01-24,6,Event Pack,9.99
U44560,2026-01-24,6,Monthly Pass,4.99
U44605,2026-01-24,10,Monthly Pass,4.99
U44879,2026-01-24,1,Small Pack,0.99
U46374,2026-01-24,22,Cosmetic,29.99
U46517,2026-01-24,4,Event Pack,4.99
U47394,2026-01-24,1,Cosmetic,9.99
U47978,2026-01-24,2,Cosmetic,19.99
U48088,2026-01-24,6,Monthly Pass,4.99
U48726,2026-01-24,18,Monthly Pass,5.99
U49069,2026-01-24,7,Monthly Pass,5.99
U49920,2026-01-24,5,Event Pack,4.99
U01858,2026-01-25,5,Monthly Pass,5.99
U02849,2026-01-25,16,Event Pack,9.99
U03760,2026-01-25,9,Monthly Pass,5.99
U03834,2026-01-25,13,Small Pack,2.99
U04123,2026-01-25,0,Small Pack,2.99
U04352,2026-01-25,0,Premium Pack,99.99
U05980,2026-01-25,13,Small Pack,2.99
U06389,2026-01-25,10,Cosmetic,29.99
U06833,2026-01-25,12,Small Pack,2.99
U07639,2026-01-25,14,Cosmetic,19.99
U08455,2026-01-25,9,Cosmetic,9.99
U09993,2026-01-25,3,Small Pack,1.99
U10261,2026-01-25,21,Monthly Pass,5.99
U10630,2026-01-25,0,Monthly Pass,5.99
U12760,2026-01-25,3,Small Pack,0.99
U13324,2026-01-25,23,Monthly Pass,5.99
U16395,2026-01-25,22,Small Pack,0.99
U16562,2026-01-25,10,Premium Pack,99.99
U16848,2026-01-25,1,Cosmetic,19.99
U18053,2026-01-25,12,Premium Pack,49.99
U18200,2026-01-25,0,Small Pack,0.99
U18216,2026-01-25,19,Event Pack,14.99
U18464,2026-01-25,4,Small Pack,2.99
U20975,2026-01-25,1,Monthly Pass,4.99
U21018,2026-01-25,0,Cosmetic,29.99
U21153,2026-01-25,0,Cosmetic,19.99
U21334,2026-01-25,12,Event Pack,4.99
U21935,2026-01-25,2,Event Pack,9.99
U22669,2026-01-25,22,Event Pack,14.99
U22730,2026-01-25,0,Premium Pack,99.99
U24975,2026-01-25,3,Monthly Pass,4.99
U25377,2026-01-25,1,Cosmetic,29.99
U25686,2026-01-25,5,Cosmetic,9.99
U25986,2026-01-25,2,Monthly Pass,4.99
U26375,2026-01-25,2,Monthly Pass,4.99
U28454,2026-01-25,4,Monthly Pass,5.99
U29294,2026-01-25,13,Premium Pack,49.99
U29742,2026-01-25,0,Monthly Pass,5.99
U29843,2026-01-25,3,Small Pack,0.99
U29932,2026-01-25,1,Monthly Pass,5.99
U30653,2026-01-25,24,Cosmetic,29.99
U31544,2026-01-25,1,Event Pack,9.99
U31600,2026-01-25,6,Monthly Pass,4.99
U32781,2026-01-25,13,Small Pack,1.99
U33841,2026-01-25,10,Event Pack,9.99
U34261,2026-01-25,16,Event Pack,9.99
U35548,2026-01-25,7,Monthly Pass,5.99
U36054,2026-01-25,7,Event Pack,9.99
U36710,2026-01-25,13,Premium Pack,19.99
U37345,2026-01-25,3,Event Pack,9.99
U38726,2026-01-25,1,Small Pack,1.99
U38727,2026-01-25,0,Event Pack,14.99
U39076,2026-01-25,7,Monthly Pass,4.99
U39354,2026-01-25,3,Event Pack,4.99
U39537,2026-01-25,5,Event Pack,4.99
U40199,2026-01-25,0,Small Pack,1.99
U40467,2026-01-25,18,Monthly Pass,5.99
U41289,2026-01-25,3,Event Pack,4.99
U41716,2026-01-25,16,Premium Pack,99.99
U42155,2026-01-25,10,Monthly Pass,4.99
U42942,2026-01-25,2,Event Pack,9.99
U43982,2026-01-25,3,Monthly Pass,4.99
U44257,2026-01-25,13,Cosmetic,19.99
U44360,2026-01-25,15,Monthly Pass,5.99
U44633,2026-01-25,12,Monthly Pass,5.99
U44758,2026-01-25,11,Small Pack,2.99
U46213,2026-01-25,4,Cosmetic,29.99
U46281,2026-01-25,6,Premium Pack,19.99
U46314,2026-01-25,22,Monthly Pass,4.99
U46614,2026-01-25,0,Small Pack,0.99
U46668,2026-01-25,0,Premium Pack,19.99
U46884,2026-01-25,22,Small Pack,1.99
U47153,2026-01-25,3,Cosmetic,19.99
U47669,2026-01-25,17,Small Pack,0.99
U47908,2026-01-25,2,Small Pack,2.99
U48942,2026-01-25,8,Premium Pack,99.99
U49477,2026-01-25,1,Small Pack,0.99
U49622,2026-01-25,10,Monthly Pass,4.99
U00600,2026-01-26,1,Small Pack,1.99
U04680,2026-01-26,21,Event Pack,9.99
U06062,2026-01-26,0,Premium Pack,99.99
U06258,2026-01-26,4,Cosmetic,29.99
U06387,2026-01-26,0,Event Pack,14.99
U06786,2026-01-26,8,Small Pack,0.99
U07260,2026-01-26,20,Monthly Pass,5.99
U07331,2026-01-26,10,Small Pack,0.99
U08584,2026-01-26,0,Event Pack,9.99
U10117,2026-01-26,3,Monthly Pass,4.99
U11172,2026-01-26,23,Monthly Pass,4.99
U11673,2026-01-26,23,Premium Pack,99.99
U12767,2026-01-26,19,Small Pack,0.99
U13059,2026-01-26,10,Event Pack,9.99
U16305,2026-01-26,18,Event Pack,9.99
U17403,2026-01-26,0,Cosmetic,9.99
U18991,2026-01-26,17,Cosmetic,19.99
U19083,2026-01-26,2,Monthly Pass,4.99
U19155,2026-01-26,7,Monthly Pass,5.99
U20352,2026-01-26,1,Monthly Pass,5.99
U20410,2026-01-26,11,Event Pack,9.99
U24658,2026-01-26,0,Small Pack,0.99
U25216,2026-01-26,1,Small Pack,1.99
U27209,2026-01-26,4,Event Pack,9.99
U27242,2026-01-26,13,Small Pack,2.99
U27379,2026-01-26,6,Event Pack,14.99
U28225,2026-01-26,8,Cosmetic,9.99
U28749,2026-01-26,11,Premium Pack,49.99
U29200,2026-01-26,0,Small Pack,1.99
U30755,2026-01-26,22,Small Pack,2.99
U31272,2026-01-26,1,Cosmetic,9.99
U33184,2026-01-26,8,Monthly Pass,5.99
U33332,2026-01-26,15,Premium Pack,99.99
U34476,2026-01-26,8,Event Pack,14.99
U34875,2026-01-26,14,Premium Pack,49.99
U35430,2026-01-26,0,Monthly Pass,4.99
U35522,2026-01-26,4,Cosmetic,29.99
U35615,2026-01-26,0,Small Pack,2.99
U35877,2026-01-26,1,Monthly Pass,4.99
U35950,2026-01-26,13,Cosmetic,29.99
U36089,2026-01-26,4,Premium Pack,49.99
U36162,2026-01-26,3,Monthly Pass,4.99
U36737,2026-01-26,6,Event Pack,14.99
U36919,2026-01-26,0,Small Pack,1.99
U41379,2026-01-26,18,Event Pack,4.99
U43210,2026-01-26,13,Premium Pack,19.99
U44120,2026-01-26,0,Monthly Pass,4.99
U44405,2026-01-26,4,Small Pack,1.99
U44412,2026-01-26,4,Small Pack,1.99
U44805,2026-01-26,6,Premium Pack,19.99
U44856,2026-01-26,0,Monthly Pass,4.99
U45721,2026-01-26,13,Premium Pack,49.99
U46018,2026-01-26,0,Small Pack,1.99
U46185,2026-01-26,3,Cosmetic,9.99
U47178,2026-01-26,14,Small Pack,1.99
U47189,2026-01-26,14,Small Pack,0.99
U47645,2026-01-26,6,Small Pack,0.99
U47698,2026-01-26,20,Event Pack,4.99
U47881,2026-01-26,1,Premium Pack,19.99
U49042,2026-01-26,22,Event Pack,9.99
U00074,2026-01-27,1,Small Pack,0.99
U00215,2026-01-27,4,Event Pack,4.99
U01056,2026-01-27,0,Small Pack,1.99
U03823,2026-01-27,15,Monthly Pass,4.99
U04536,2026-01-27,10,Small Pack,1.99
U04829,2026-01-27,14,Small Pack,2.99
U06417,2026-01-27,21,Small Pack,1.99
U06751,2026-01-27,1,Premium Pack,99.99
U06976,2026-01-27,9,Small Pack,0.99
U07334,2026-01-27,3,Monthly Pass,4.99
U07711,2026-01-27,3,Small Pack,2.99
U07888,2026-01-27,16,Event Pack,14.99
U07916,2026-01-27,22,Event Pack,4.99
U08155,2026-01-27,18,Event Pack,9.99
U08817,2026-01-27,8,Small Pack,2.99
U08912,2026-01-27,2,Event Pack,4.99
U09812,2026-01-27,1,Monthly Pass,5.99
U09949,2026-01-27,0,Cosmetic,9.99
U11613,2026-01-27,0,Premium Pack,99.99
U12056,2026-01-27,25,Small Pack,2.99
U12424,2026-01-27,11,Monthly Pass,4.99
U16077,2026-01-27,0,Cosmetic,19.99
U16391,2026-01-27,23,Event Pack,4.99
U17263,2026-01-27,0,Small Pack,0.99
U18288,2026-01-27,19,Event Pack,4.99
U18330,2026-01-27,5,Event Pack,9.99
U18396,2026-01-27,3,Small Pack,0.99
U18609,2026-01-27,15,Small Pack,0.99
U18671,2026-01-27,20,Small Pack,1.99
U19006,2026-01-27,17,Small Pack,1.99
U19108,2026-01-27,2,Cosmetic,29.99
U19461,2026-01-27,18,Small Pack,1.99
U20175,2026-01-27,13,Event Pack,14.99
U20410,2026-01-27,12,Event Pack,14.99
U20646,2026-01-27,0,Event Pack,14.99
U21638,2026-01-27,6,Small Pack,1.99
U21826,2026-01-27,25,Small Pack,0.99
U23381,2026-01-27,19,Small Pack,0.99
U23490,2026-01-27,2,Monthly Pass,4.99
U23695,2026-01-27,15,Monthly Pass,4.99
U24504,2026-01-27,23,Small Pack,0.99
U24642,2026-01-27,0,Event Pack,14.99
U24695,2026-01-27,0,Monthly Pass,5.99
U25148,2026-01-27,10,Small Pack,2.99
U28599,2026-01-27,1,Monthly Pass,5.99
U29044,2026-01-27,2,Small Pack,2.99
U29443,2026-01-27,13,Small Pack,0.99
U30589,2026-01-27,21,Event Pack,9.99
U32671,2026-01-27,26,Event Pack,4.99
U33316,2026-01-27,4,Cosmetic,29.99
U34375,2026-01-27,17,Premium Pack,49.99
U34458,2026-01-27,20,Monthly Pass,5.99
U34536,2026-01-27,3,Small Pack,2.99
U35057,2026-01-27,7,Event Pack,14.99
U35180,2026-01-27,23,Event Pack,4.99
U35784,2026-01-27,22,Cosmetic,9.99
U36679,2026-01-27,22,Small Pack,0.99
U38653,2026-01-27,20,Monthly Pass,5.99
U40106,2026-01-27,6,Small Pack,2.99
U41742,2026-01-27,10,Cosmetic,29.99
U41934,2026-01-27,21,Monthly Pass,4.99
U42317,2026-01-27,12,Premium Pack,99.99
U42384,2026-01-27,26,Premium Pack,99.99
U42484,2026-01-27,4,Small Pack,0.99
U42579,2026-01-27,2,Cosmetic,19.99
U42940,2026-01-27,0,Premium Pack,19.99
U44412,2026-01-27,5,Cosmetic,19.99
U48584,2026-01-27,21,Event Pack,4.99
U49158,2026-01-27,18,Premium Pack,49.99
U49348,2026-01-27,5,Event Pack,14.99
U49831,2026-01-27,18,Premium Pack,19.99
U00566,2026-01-28,2,Premium Pack,19.99
U03553,2026-01-28,20,Small Pack,0.99
U03873,2026-01-28,13,Premium Pack,49.99
U04783,2026-01-28,23,Event Pack,4.99
U04911,2026-01-28,0,Small Pack,0.99
U05092,2026-01-28,0,Event Pack,4.99
U05334,2026-01-28,3,Monthly Pass,5.99
U05891,2026-01-28,20,Event Pack,4.99
U06104,2026-01-28,12,Monthly Pass,5.99
U06504,2026-01-28,11,Small Pack,2.99
U07321,2026-01-28,2,Monthly Pass,5.99
U09507,2026-01-28,10,Monthly Pass,5.99
U11441,2026-01-28,0,Event Pack,9.99
U11880,2026-01-28,15,Cosmetic,9.99
U12105,2026-01-28,6,Premium Pack,49.99
U12264,2026-01-28,9,Monthly Pass,5.99
U12606,2026-01-28,19,Small Pack,1.99
U12760,2026-01-28,6,Premium Pack,99.99
U12932,2026-01-28,19,Event Pack,9.99
U13220,2026-01-28,19,Event Pack,9.99
U14168,2026-01-28,22,Small Pack,0.99
U14327,2026-01-28,6,Cosmetic,9.99
U15201,2026-01-28,0,Monthly Pass,5.99
U15560,2026-01-28,4,Cosmetic,9.99
U15561,2026-01-28,26,Small Pack,2.99
U15852,2026-01-28,3,Event Pack,4.99
U16214,2026-01-28,0,Monthly Pass,4.99
U17719,2026-01-28,3,Cosmetic,29.99
U20352,2026-01-28,3,Premium Pack,19.99
U20374,2026-01-28,0,Small Pack,1.99
U20975,2026-01-28,4,Event Pack,14.99
U20993,2026-01-28,26,Monthly Pass,4.99
U21110,2026-01-28,2,Event Pack,9.99
U21583,2026-01-28,25,Cosmetic,19.99
U21765,2026-01-28,0,Small Pack,1.99
U21826,2026-01-28,26,Premium Pack,19.99
U22244,2026-01-28,21,Premium Pack,99.99
U22610,2026-01-28,0,Monthly Pass,5.99
U23179,2026-01-28,15,Cosmetic,9.99
U25686,2026-01-28,8,Monthly Pass,5.99
U26190,2026-01-28,16,Monthly Pass,4.99
U27202,2026-01-28,19,Monthly Pass,5.99
U27486,2026-01-28,5,Event Pack,4.99
U27649,2026-01-28,21,Cosmetic,9.99
U27983,2026-01-28,23,Event Pack,14.99
U28957,2026-01-28,8,Cosmetic,9.99
U29548,2026-01-28,2,Event Pack,4.99
U30437,2026-01-28,20,Cosmetic,9.99
U30985,2026-01-28,26,Small Pack,1.99
U31865,2026-01-28,9,Cosmetic,19.99
U32398,2026-01-28,10,Premium Pack,99.99
U32814,2026-01-28,1,Small Pack,0.99
U33536,2026-01-28,5,Small Pack,0.99
U34004,2026-01-28,2,Event Pack,14.99
U34382,2026-01-28,0,Event Pack,4.99
U34532,2026-01-28,8,Monthly Pass,4.99
U34626,2026-01-28,0,Monthly Pass,5.99
U36280,2026-01-28,22,Event Pack,4.99
U36901,2026-01-28,0,Monthly Pass,5.99
U37827,2026-01-28,4,Event Pack,4.99
U37867,2026-01-28,0,Small Pack,0.99
U38340,2026-01-28,6,Small Pack,2.99
U38593,2026-01-28,9,Cosmetic,9.99
U41303,2026-01-28,5,Small Pack,2.99
U41319,2026-01-28,22,Monthly Pass,4.99
U41958,2026-01-28,6,Event Pack,4.99
U43046,2026-01-28,17,Monthly Pass,5.99
U43846,2026-01-28,0,Small Pack,2.99
U43926,2026-01-28,24,Cosmetic,9.99
U44228,2026-01-28,20,Monthly Pass,4.99
U44803,2026-01-28,0,Premium Pack,99.99
U45721,2026-01-28,15,Event Pack,4.99
U46668,2026-01-28,3,Event Pack,9.99
U47161,2026-01-28,19,Monthly Pass,5.99
U47452,2026-01-28,8,Monthly Pass,4.99
U47645,2026-01-28,8,Event Pack,14.99
U47698,2026-01-28,22,Monthly Pass,5.99
U47826,2026-01-28,0,Premium Pack,19.99
U48741,2026-01-28,5,Small Pack,2.99
U49777,2026-01-28,1,Small Pack,1.99
U49881,2026-01-28,13,Small Pack,1.99
U49967,2026-01-28,9,Premium Pack,49.99
U00680,2026-01-29,12,Event Pack,4.99
U02032,2026-01-29,7,Small Pack,1.99
U02469,2026-01-29,0,Monthly Pass,4.99
U02708,2026-01-29,11,Monthly Pass,4.99
U02792,2026-01-29,21,Monthly Pass,5.99
U03763,2026-01-29,11,Event Pack,4.99
U04063,2026-01-29,10,Cosmetic,29.99
U04911,2026-01-29,1,Cosmetic,19.99
U06819,2026-01-29,4,Event Pack,9.99
U07296,2026-01-29,11,Premium Pack,49.99
U08748,2026-01-29,0,Event Pack,14.99
U09381,2026-01-29,17,Small Pack,2.99
U09509,2026-01-29,7,Cosmetic,29.99
U10396,2026-01-29,9,Event Pack,9.99
U10511,2026-01-29,16,Premium Pack,49.99
U10599,2026-01-29,7,Monthly Pass,4.99
U11269,2026-01-29,20,Event Pack,14.99
U11518,2026-01-29,0,Event Pack,14.99
U11852,2026-01-29,25,Event Pack,14.99
U12331,2026-01-29,14,Small Pack,2.99
U13012,2026-01-29,1,Small Pack,1.99
U14255,2026-01-29,0,Cosmetic,29.99
U15093,2026-01-29,0,Small Pack,1.99
U15997,2026-01-29,2,Monthly Pass,5.99
U16395,2026-01-29,26,Monthly Pass,5.99
U16833,2026-01-29,7,Small Pack,0.99
U17439,2026-01-29,0,Premium Pack,99.99
U18120,2026-01-29,8,Small Pack,0.99
U18648,2026-01-29,17,Event Pack,9.99
U20277,2026-01-29,7,Cosmetic,29.99
U21338,2026-01-29,11,Event Pack,14.99
U22078,2026-01-29,25,Event Pack,4.99
U22173,2026-01-29,0,Premium Pack,99.99
U22244,2026-01-29,22,Premium Pack,49.99
U23100,2026-01-29,15,Monthly Pass,4.99
U24274,2026-01-29,3,Event Pack,9.99
U25057,2026-01-29,4,Event Pack,4.99
U26421,2026-01-29,25,Cosmetic,29.99
U27317,2026-01-29,0,Event Pack,4.99
U27379,2026-01-29,9,Premium Pack,49.99
U27654,2026-01-29,18,Monthly Pass,5.99
U28884,2026-01-29,0,Event Pack,9.99
U28973,2026-01-29,9,Small Pack,1.99
U29742,2026-01-29,4,Monthly Pass,4.99
U29829,2026-01-29,13,Cosmetic,9.99
U31568,2026-01-29,0,Monthly Pass,4.99
U31906,2026-01-29,0,Monthly Pass,5.99
U33735,2026-01-29,28,Monthly Pass,4.99
U34572,2026-01-29,0,Monthly Pass,4.99
U34607,2026-01-29,3,Small Pack,2.99
U34935,2026-01-29,7,Monthly Pass,4.99
U36617,2026-01-29,2,Small Pack,0.99
U37595,2026-01-29,14,Event Pack,14.99
U38499,2026-01-29,20,Small Pack,1.99
U39354,2026-01-29,7,Small Pack,1.99
U40574,2026-01-29,27,Small Pack,1.99
U40635,2026-01-29,0,Small Pack,1.99
U42352,2026-01-29,0,Small Pack,2.99
U42877,2026-01-29,14,Small Pack,2.99
U45077,2026-01-29,26,Small Pack,0.99
U46772,2026-01-29,0,Small Pack,1.99
U47767,2026-01-29,9,Event Pack,14.99
U48303,2026-01-29,5,Monthly Pass,5.99
U48573,2026-01-29,3,Event Pack,9.99
U48791,2026-01-29,13,Premium Pack,99.99
U49477,2026-01-29,5,Small Pack,2.99
U49708,2026-01-29,17,Monthly Pass,5.99
U01037,2026-01-30,0,Cosmetic,9.99
U01265,2026-01-30,11,Small Pack,2.99
U02320,2026-01-30,0,Cosmetic,29.99
U02449,2026-01-30,28,Event Pack,14.99
U02755,2026-01-30,17,Small Pack,0.99
U02906,2026-01-30,0,Cosmetic,9.99
U03853,2026-01-30,9,Small Pack,1.99
U04276,2026-01-30,19,Event Pack,4.99
U05409,2026-01-30,0,Small Pack,0.99
U05568,2026-01-30,27,Cosmetic,29.99
U05699,2026-01-30,19,Small Pack,1.99
U07058,2026-01-30,8,Small Pack,0.99
U07321,2026-01-30,4,Monthly Pass,5.99
U08661,2026-01-30,0,Premium Pack,19.99
U08803,2026-01-30,0,Event Pack,4.99
U10110,2026-01-30,26,Monthly Pass,5.99
U11266,2026-01-30,0,Event Pack,9.99
U11382,2026-01-30,11,Small Pack,1.99
U11911,2026-01-30,0,Event Pack,4.99
U12462,2026-01-30,1,Small Pack,2.99
U12652,2026-01-30,18,Cosmetic,29.99
U13273,2026-01-30,11,Monthly Pass,5.99
U13773,2026-01-30,3,Small Pack,2.99
U13894,2026-01-30,0,Small Pack,2.99
U14260,2026-01-30,19,Event Pack,4.99
U14427,2026-01-30,0,Monthly Pass,4.99
U14442,2026-01-30,20,Premium Pack,49.99
U15710,2026-01-30,15,Small Pack,0.99
U15840,2026-01-30,5,Monthly Pass,4.99
U18071,2026-01-30,22,Event Pack,14.99
U18114,2026-01-30,24,Small Pack,1.99
U19537,2026-01-30,26,Monthly Pass,5.99
U19663,2026-01-30,14,Monthly Pass,4.99
U20013,2026-01-30,28,Event Pack,14.99
U20572,2026-01-30,2,Monthly Pass,4.99
U21137,2026-01-30,0,Small Pack,2.99
U21827,2026-01-30,0,Small Pack,1.99
U21892,2026-01-30,5,Cosmetic,19.99
U23883,2026-01-30,0,Event Pack,9.99
U25445,2026-01-30,7,Cosmetic,29.99
U26500,2026-01-30,23,Cosmetic,29.99
U26743,2026-01-30,3,Small Pack,2.99
U26899,2026-01-30,3,Monthly Pass,4.99
U27238,2026-01-30,0,Event Pack,4.99
U27657,2026-01-30,8,Small Pack,2.99
U28863,2026-01-30,3,Event Pack,4.99
U29227,2026-01-30,13,Cosmetic,29.99
U29638,2026-01-30,8,Small Pack,0.99
U30262,2026-01-30,0,Event Pack,4.99
U30701,2026-01-30,4,Small Pack,2.99
U31400,2026-01-30,25,Small Pack,0.99
U31874,2026-01-30,16,Small Pack,1.99
U34294,2026-01-30,1,Monthly Pass,4.99
U34878,2026-01-30,20,Premium Pack,99.99
U35397,2026-01-30,0,Event Pack,14.99
U36339,2026-01-30,2,Small Pack,0.99
U36723,2026-01-30,15,Small Pack,0.99
U37286,2026-01-30,24,Small Pack,1.99
U37310,2026-01-30,8,Small Pack,2.99
U37361,2026-01-30,27,Event Pack,4.99
U39655,2026-01-30,5,Cosmetic,19.99
U39808,2026-01-30,2,Premium Pack,99.99
U40668,2026-01-30,1,Small Pack,1.99
U41385,2026-01-30,27,Small Pack,2.99
U41410,2026-01-30,0,Small Pack,1.99
U41482,2026-01-30,3,Small Pack,2.99
U42025,2026-01-30,17,Cosmetic,29.99
U43961,2026-01-30,5,Monthly Pass,4.99
U44257,2026-01-30,18,Event Pack,14.99
U45327,2026-01-30,1,Small Pack,0.99
U46344,2026-01-30,8,Event Pack,14.99
U46425,2026-01-30,15,Monthly Pass,4.99
U47290,2026-01-30,21,Small Pack,2.99
U47991,2026-01-30,23,Small Pack,2.99
U48619,2026-01-30,21,Event Pack,9.99
U49042,2026-01-30,26,Small Pack,0.99
U49616,2026-01-30,19,Event Pack,14.99
U01335,2026-01-31,0,Cosmetic,19.99
U03269,2026-01-31,13,Cosmetic,19.99
U03448,2026-01-31,4,Event Pack,4.99
U04706,2026-01-31,5,Small Pack,2.99
U04728,2026-01-31,5,Small Pack,0.99
U05448,2026-01-31,2,Event Pack,9.99
U06408,2026-01-31,20,Small Pack,2.99
U06602,2026-01-31,29,Monthly Pass,4.99
U07584,2026-01-31,15,Premium Pack,49.99
U08752,2026-01-31,25,Event Pack,14.99
U10335,2026-01-31,30,Event Pack,9.99
U10698,2026-01-31,24,Small Pack,1.99
U11427,2026-01-31,1,Monthly Pass,4.99
U11911,2026-01-31,1,Premium Pack,49.99
U12521,2026-01-31,8,Event Pack,14.99
U12614,2026-01-31,17,Monthly Pass,4.99
U12636,2026-01-31,4,Small Pack,0.99
U12760,2026-01-31,9,Monthly Pass,4.99
U13055,2026-01-31,20,Event Pack,14.99
U13059,2026-01-31,15,Premium Pack,99.99
U13339,2026-01-31,0,Small Pack,0.99
U13482,2026-01-31,27,Small Pack,2.99
U14116,2026-01-31,7,Small Pack,0.99
U14139,2026-01-31,0,Cosmetic,9.99
U16117,2026-01-31,5,Monthly Pass,5.99
U16272,2026-01-31,13,Small Pack,2.99
U16418,2026-01-31,25,Small Pack,1.99
U16600,2026-01-31,22,Small Pack,0.99
U17368,2026-01-31,7,Small Pack,2.99
U17727,2026-01-31,14,Small Pack,2.99
U18704,2026-01-31,5,Event Pack,9.99
U19262,2026-01-31,29,Cosmetic,19.99
U19335,2026-01-31,26,Event Pack,14.99
U19349,2026-01-31,8,Event Pack,9.99
U20031,2026-01-31,0,Event Pack,9.99
U20242,2026-01-31,0,Cosmetic,29.99
U20444,2026-01-31,9,Premium Pack,99.99
U21106,2026-01-31,27,Premium Pack,49.99
U21338,2026-01-31,13,Event Pack,4.99
U21808,2026-01-31,8,Event Pack,14.99
U22173,2026-01-31,2,Monthly Pass,5.99
U23222,2026-01-31,12,Cosmetic,9.99
U23853,2026-01-31,17,Premium Pack,19.99
U24140,2026-01-31,19,Small Pack,2.99
U24326,2026-01-31,3,Small Pack,0.99
U25653,2026-01-31,5,Cosmetic,19.99
U25748,2026-01-31,2,Small Pack,0.99
U25935,2026-01-31,1,Cosmetic,19.99
U26416,2026-01-31,0,Event Pack,14.99
U26743,2026-01-31,4,Cosmetic,9.99
U26830,2026-01-31,7,Small Pack,0.99
U28752,2026-01-31,30,Small Pack,0.99
U29491,2026-01-31,26,Small Pack,0.99
U30701,2026-01-31,5,Event Pack,14.99
U31662,2026-01-31,1,Premium Pack,49.99
U32250,2026-01-31,20,Monthly Pass,4.99
U32454,2026-01-31,22,Cosmetic,9.99
U33195,2026-01-31,9,Monthly Pass,4.99
U33326,2026-01-31,7,Monthly Pass,5.99
U33682,2026-01-31,3,Event Pack,9.99
U33692,2026-01-31,10,Cosmetic,29.99
U34374,2026-01-31,23,Event Pack,4.99
U34941,2026-01-31,9,Event Pack,9.99
U35482,2026-01-31,28,Event Pack,9.99
U36640,2026-01-31,2,Small Pack,1.99
U36789,2026-01-31,1,Cosmetic,29.99
U36823,2026-01-31,5,Small Pack,0.99
U37989,2026-01-31,0,Monthly Pass,4.99
U38499,2026-01-31,22,Monthly Pass,5.99
U38554,2026-01-31,29,Cosmetic,19.99
U39666,2026-01-31,0,Cosmetic,9.99
U40154,2026-01-31,0,Small Pack,0.99
U40807,2026-01-31,2,Monthly Pass,4.99
U41183,2026-01-31,11,Small Pack,1.99
U42833,2026-01-31,9,Premium Pack,99.99
U43016,2026-01-31,0,Small Pack,2.99
U44440,2026-01-31,8,Small Pack,0.99
U45077,2026-01-31,28,Small Pack,1.99
U46987,2026-01-31,22,Premium Pack,99.99
U47031,2026-01-31,17,Small Pack,0.99
U47474,2026-01-31,6,Monthly Pass,5.99
U48104,2026-01-31,13,Small Pack,0.99
U48794,2026-01-31,8,Cosmetic,9.99
U48915,2026-01-31,0,Monthly Pass,5.99
U49061,2026-01-31,11,Small Pack,2.99
U49406,2026-01-31,5,Event Pack,4.99
U49618,2026-01-31,7,Cosmetic,29.99
U49843,2026-01-31,5,Small Pack,0.99
U00289,2026-02-01,30,Small Pack,1.99
U00337,2026-02-01,27,Small Pack,1.99
U01383,2026-02-01,12,Premium Pack,19.99
U01858,2026-02-01,12,Cosmetic,19.99
U03463,2026-02-01,21,Monthly Pass,4.99
U03962,2026-02-01,24,Cosmetic,19.99
U04054,2026-02-01,17,Small Pack,2.99
U04167,2026-02-01,0,Event Pack,14.99
U04214,2026-02-01,10,Small Pack,2.99
U04312,2026-02-01,18,Event Pack,4.99
U05634,2026-02-01,28,Cosmetic,9.99
U05760,2026-02-01,5,Event Pack,14.99
U05815,2026-02-01,1,Monthly Pass,5.99
U06243,2026-02-01,19,Monthly Pass,4.99
U07526,2026-02-01,25,Monthly Pass,4.99
U07639,2026-02-01,21,Premium Pack,49.99
U07970,2026-02-01,15,Monthly Pass,5.99
U08303,2026-02-01,9,Event Pack,4.99
U08402,2026-02-01,2,Cosmetic,29.99
U08681,2026-02-01,16,Small Pack,1.99
U13324,2026-02-01,30,Small Pack,1.99
U15387,2026-02-01,0,Event Pack,9.99
U15469,2026-02-01,1,Cosmetic,19.99
U16143,2026-02-01,19,Small Pack,0.99
U16320,2026-02-01,0,Monthly Pass,5.99
U16497,2026-02-01,7,Monthly Pass,4.99
U16562,2026-02-01,17,Event Pack,9.99
U16600,2026-02-01,23,Small Pack,0.99
U17259,2026-02-01,12,Monthly Pass,5.99
U17370,2026-02-01,3,Small Pack,2.99
U17551,2026-02-01,5,Event Pack,14.99
U17932,2026-02-01,30,Premium Pack,99.99
U18921,2026-02-01,0,Small Pack,1.99
U19192,2026-02-01,1,Monthly Pass,5.99
U20610,2026-02-01,0,Event Pack,4.99
U20725,2026-02-01,3,Event Pack,4.99
U21104,2026-02-01,25,Monthly Pass,4.99
U21110,2026-02-01,6,Small Pack,1.99
U21698,2026-02-01,29,Cosmetic,9.99
U23515,2026-02-01,1,Event Pack,9.99
U23641,2026-02-01,26,Event Pack,14.99
U23972,2026-02-01,16,Small Pack,1.99
U23996,2026-02-01,0,Small Pack,1.99
U24687,2026-02-01,0,Event Pack,14.99
U25057,2026-02-01,7,Cosmetic,9.99
U25445,2026-02-01,9,Premium Pack,19.99
U25708,2026-02-01,7,Monthly Pass,4.99
U26754,2026-02-01,11,Event Pack,4.99
U28604,2026-02-01,3,Small Pack,1.99
U28666,2026-02-01,3,Premium Pack,49.99
U28788,2026-02-01,12,Small Pack,2.99
U29760,2026-02-01,14,Small Pack,1.99
U31132,2026-02-01,15,Event Pack,14.99
U31254,2026-02-01,23,Small Pack,1.99
U32846,2026-02-01,19,Cosmetic,19.99
U32933,2026-02-01,1,Monthly Pass,4.99
U33218,2026-02-01,20,Premium Pack,49.99
U33690,2026-02-01,0,Small Pack,0.99
U33972,2026-02-01,0,Small Pack,0.99
U36054,2026-02-01,14,Premium Pack,19.99
U37178,2026-02-01,25,Monthly Pass,5.99
U38196,2026-02-01,21,Premium Pack,49.99
U39828,2026-02-01,3,Cosmetic,29.99
U41498,2026-02-01,6,Cosmetic,9.99
U44725,2026-02-01,0,Monthly Pass,4.99
U46163,2026-02-01,6,Monthly Pass,4.99
U47664,2026-02-01,16,Small Pack,0.99
U47741,2026-02-01,0,Cosmetic,9.99
U47875,2026-02-01,6,Event Pack,9.99
U48038,2026-02-01,18,Cosmetic,9.99
U48942,2026-02-01,15,Cosmetic,9.99
U49582,2026-02-01,13,Premium Pack,99.99
U00467,2026-02-02,0,Monthly Pass,4.99
U03102,2026-02-02,8,Monthly Pass,4.99
U03191,2026-02-02,10,Monthly Pass,5.99
U04814,2026-02-02,15,Small Pack,1.99
U05509,2026-02-02,7,Event Pack,4.99
U05959,2026-02-02,6,Premium Pack,19.99
U06408,2026-02-02,22,Small Pack,0.99
U07685,2026-02-02,3,Cosmetic,19.99
U07922,2026-02-02,1,Event Pack,14.99
U08481,2026-02-02,2,Event Pack,9.99
U09304,2026-02-02,9,Monthly Pass,4.99
U09366,2026-02-02,21,Monthly Pass,5.99
U10631,2026-02-02,0,Cosmetic,29.99
U11139,2026-02-02,0,Premium Pack,19.99
U11152,2026-02-02,0,Cosmetic,9.99
U12071,2026-02-02,11,Small Pack,0.99
U12655,2026-02-02,0,Monthly Pass,5.99
U13425,2026-02-02,7,Event Pack,4.99
U13566,2026-02-02,2,Event Pack,4.99
U13790,2026-02-02,0,Small Pack,0.99
U14302,2026-02-02,1,Small Pack,1.99
U14591,2026-02-02,2,Small Pack,2.99
U15017,2026-02-02,16,Small Pack,1.99
U15558,2026-02-02,0,Small Pack,2.99
U15664,2026-02-02,18,Small Pack,2.99
U15887,2026-02-02,27,Small Pack,2.99
U17517,2026-02-02,23,Small Pack,2.99
U18078,2026-02-02,9,Cosmetic,19.99
U18956,2026-02-02,3,Small Pack,1.99
U19227,2026-02-02,3,Event Pack,4.99
U20900,2026-02-02,6,Event Pack,9.99
U21223,2026-02-02,1,Small Pack,0.99
U22375,2026-02-02,0,Monthly Pass,5.99
U22962,2026-02-02,4,Small Pack,0.99
U23996,2026-02-02,1,Monthly Pass,5.99
U24687,2026-02-02,1,Event Pack,4.99
U24734,2026-02-02,17,Small Pack,0.99
U25063,2026-02-02,23,Event Pack,14.99
U25228,2026-02-02,24,Premium Pack,19.99
U25518,2026-02-02,9,Small Pack,1.99
U27379,2026-02-02,13,Cosmetic,19.99
U27467,2026-02-02,0,Event Pack,14.99
U28172,2026-02-02,22,Event Pack,4.99
U28244,2026-02-02,9,Monthly Pass,4.99
U28392,2026-02-02,2,Premium Pack,99.99
U28666,2026-02-02,4,Cosmetic,9.99
U29316,2026-02-02,7,Event Pack,4.99
U30794,2026-02-02,0,Monthly Pass,5.99
U31906,2026-02-02,4,Event Pack,9.99
U32500,2026-02-02,9,Cosmetic,29.99
U33690,2026-02-02,1,Monthly Pass,5.99
U33708,2026-02-02,7,Cosmetic,19.99
U34752,2026-02-02,17,Event Pack,9.99
U35117,2026-02-02,0,Event Pack,9.99
U35174,2026-02-02,2,Event Pack,14.99
U35734,2026-02-02,4,Cosmetic,29.99
U35996,2026-02-02,13,Premium Pack,19.99
U36560,2026-02-02,0,Small Pack,0.99
U36640,2026-02-02,4,Small Pack,2.99
U37595,2026-02-02,18,Event Pack,14.99
U38241,2026-02-02,10,Monthly Pass,5.99
U38579,2026-02-02,8,Cosmetic,29.99
U38726,2026-02-02,9,Event Pack,14.99
U39259,2026-02-02,5,Small Pack,1.99
U39442,2026-02-02,5,Premium Pack,99.99
U40039,2026-02-02,0,Cosmetic,29.99
U40256,2026-02-02,13,Premium Pack,99.99
U40375,2026-02-02,0,Event Pack,4.99
U40959,2026-02-02,20,Event Pack,14.99
U41097,2026-02-02,0,Monthly Pass,4.99
U42333,2026-02-02,11,Event Pack,4.99
U42673,2026-02-02,2,Small Pack,0.99
U43067,2026-02-02,10,Small Pack,1.99
U43426,2026-02-02,1,Cosmetic,9.99
U44641,2026-02-02,13,Small Pack,2.99
U45391,2026-02-02,20,Cosmetic,29.99
U45463,2026-02-02,11,Cosmetic,9.99
U45881,2026-02-02,0,Monthly Pass,5.99
U46035,2026-02-02,23,Small Pack,1.99
U46085,2026-02-02,0,Monthly Pass,4.99
U46143,2026-02-02,12,Premium Pack,99.99
U46480,2026-02-02,7,Premium Pack,19.99
U47212,2026-02-02,12,Cosmetic,19.99
U48414,2026-02-02,22,Monthly Pass,4.99
U48524,2026-02-02,2,Small Pack,1.99
U49460,2026-02-02,25,Small Pack,0.99
U00010,2026-02-03,0,Small Pack,2.99
U00388,2026-02-03,1,Cosmetic,9.99
U01433,2026-02-03,25,Cosmetic,19.99
U01762,2026-02-03,27,Cosmetic,9.99
U03191,2026-02-03,11,Cosmetic,29.99
U03823,2026-02-03,22,Monthly Pass,4.99
U04706,2026-02-03,8,Event Pack,14.99
U04763,2026-02-03,4,Small Pack,0.99
U05867,2026-02-03,0,Event Pack,9.99
U08442,2026-02-03,1,Monthly Pass,5.99
U09903,2026-02-03,26,Cosmetic,19.99
U09980,2026-02-03,1,Event Pack,4.99
U09993,2026-02-03,12,Premium Pack,99.99
U10719,2026-02-03,13,Premium Pack,19.99
U12015,2026-02-03,25,Monthly Pass,4.99
U13894,2026-02-03,4,Small Pack,0.99
U14168,2026-02-03,28,Small Pack,2.99
U14304,2026-02-03,0,Small Pack,0.99
U14759,2026-02-03,26,Event Pack,4.99
U15277,2026-02-03,31,Premium Pack,49.99
U15417,2026-02-03,13,Monthly Pass,4.99
U15755,2026-02-03,26,Event Pack,4.99
U16629,2026-02-03,17,Premium Pack,19.99
U17046,2026-02-03,25,Cosmetic,19.99
U17351,2026-02-03,19,Monthly Pass,5.99
U17643,2026-02-03,0,Small Pack,0.99
U17833,2026-02-03,26,Monthly Pass,4.99
U17868,2026-02-03,1,Monthly Pass,4.99
U18331,2026-02-03,0,Small Pack,2.99
U18405,2026-02-03,29,Cosmetic,9.99
U18743,2026-02-03,22,Monthly Pass,4.99
U19258,2026-02-03,0,Event Pack,4.99
U19515,2026-02-03,0,Cosmetic,19.99
U20150,2026-02-03,31,Monthly Pass,5.99
U22357,2026-02-03,1,Cosmetic,19.99
U23992,2026-02-03,25,Event Pack,9.99
U24250,2026-02-03,5,Cosmetic,19.99
U24520,2026-02-03,0,Cosmetic,29.99
U25015,2026-02-03,11,Small Pack,0.99
U25610,2026-02-03,3,Event Pack,4.99
U25651,2026-02-03,22,Event Pack,4.99
U25680,2026-02-03,24,Monthly Pass,5.99
U25935,2026-02-03,4,Monthly Pass,5.99
U26375,2026-02-03,11,Event Pack,4.99
U27349,2026-02-03,32,Premium Pack,49.99
U27409,2026-02-03,9,Premium Pack,19.99
U27576,2026-02-03,10,Event Pack,9.99
U27582,2026-02-03,11,Event Pack,14.99
U27657,2026-02-03,12,Monthly Pass,4.99
U27671,2026-02-03,2,Small Pack,2.99
U27763,2026-02-03,1,Cosmetic,29.99
U28454,2026-02-03,13,Small Pack,2.99
U28604,2026-02-03,5,Monthly Pass,4.99
U29200,2026-02-03,8,Small Pack,1.99
U29572,2026-02-03,5,Small Pack,0.99
U29677,2026-02-03,1,Premium Pack,49.99
U30276,2026-02-03,22,Premium Pack,49.99
U30570,2026-02-03,24,Event Pack,4.99
U30886,2026-02-03,33,Small Pack,1.99
U31991,2026-02-03,0,Cosmetic,9.99
U32559,2026-02-03,33,Small Pack,1.99
U32646,2026-02-03,23,Cosmetic,29.99
U32889,2026-02-03,5,Premium Pack,99.99
U32962,2026-02-03,32,Small Pack,2.99
U33636,2026-02-03,1,Event Pack,9.99
U33699,2026-02-03,14,Premium Pack,19.99
U33912,2026-02-03,11,Cosmetic,19.99
U34235,2026-02-03,3,Small Pack,2.99
U36730,2026-02-03,14,Small Pack,2.99
U38196,2026-02-03,23,Small Pack,2.99
U38241,2026-02-03,11,Premium Pack,99.99
U40337,2026-02-03,2,Event Pack,9.99
U40430,2026-02-03,9,Premium Pack,99.99
U40759,2026-02-03,5,Monthly Pass,5.99
U40777,2026-02-03,5,Event Pack,14.99
U42204,2026-02-03,16,Premium Pack,49.99
U42264,2026-02-03,0,Cosmetic,29.99
U42317,2026-02-03,19,Small Pack,2.99
U42757,2026-02-03,0,Monthly Pass,4.99
U42806,2026-02-03,18,Small Pack,1.99
U43278,2026-02-03,15,Event Pack,4.99
U43392,2026-02-03,31,Premium Pack,49.99
U44350,2026-02-03,16,Monthly Pass,5.99
U45388,2026-02-03,0,Cosmetic,29.99
U46668,2026-02-03,9,Cosmetic,19.99
U47694,2026-02-03,4,Cosmetic,29.99
U48178,2026-02-03,13,Cosmetic,19.99
U48741,2026-02-03,11,Monthly Pass,4.99
U49670,2026-02-03,33,Cosmetic,19.99
U00010,2026-02-04,1,Small Pack,0.99
U00190,2026-02-04,19,Event Pack,4.99
U00273,2026-02-04,4,Monthly Pass,4.99
U00525,2026-02-04,26,Small Pack,1.99
U00959,2026-02-04,4,Premium Pack,19.99
U00966,2026-02-04,2,Cosmetic,29.99
U01128,2026-02-04,5,Small Pack,0.99
U01776,2026-02-04,2,Small Pack,0.99
U03102,2026-02-04,10,Premium Pack,49.99
U03358,2026-02-04,28,Cosmetic,9.99
U03953,2026-02-04,13,Monthly Pass,5.99
U03962,2026-02-04,27,Cosmetic,29.99
U04272,2026-02-04,0,Event Pack,9.99
U04363,2026-02-04,33,Small Pack,0.99
U05838,2026-02-04,1,Cosmetic,9.99
U05882,2026-02-04,0,Small Pack,1.99
U06090,2026-02-04,1,Small Pack,2.99
U06304,2026-02-04,26,Event Pack,14.99
U06553,2026-02-04,26,Cosmetic,9.99
U07922,2026-02-04,3,Event Pack,4.99
U08533,2026-02-04,5,Event Pack,14.99
U08653,2026-02-04,17,Small Pack,2.99
U10016,2026-02-04,14,Small Pack,2.99
U10335,2026-02-04,34,Small Pack,0.99
U11475,2026-02-04,1,Small Pack,1.99
U11567,2026-02-04,5,Small Pack,1.99
U11776,2026-02-04,0,Monthly Pass,4.99
U11984,2026-02-04,2,Premium Pack,19.99
U12726,2026-02-04,4,Cosmetic,9.99
U13498,2026-02-04,15,Small Pack,2.99
U13565,2026-02-04,1,Small Pack,1.99
U13894,2026-02-04,5,Small Pack,1.99
U15558,2026-02-04,2,Small Pack,1.99
U16997,2026-02-04,28,Event Pack,9.99
U17551,2026-02-04,8,Cosmetic,29.99
U17746,2026-02-04,1,Monthly Pass,4.99
U18813,2026-02-04,3,Small Pack,2.99
U19227,2026-02-04,5,Small Pack,1.99
U19349,2026-02-04,12,Cosmetic,19.99
U19408,2026-02-04,25,Premium Pack,99.99
U19433,2026-02-04,19,Cosmetic,29.99
U20153,2026-02-04,9,Small Pack,2.99
U20370,2026-02-04,3,Cosmetic,29.99
U20456,2026-02-04,3,Small Pack,0.99
U21106,2026-02-04,31,Monthly Pass,4.99
U21192,2026-02-04,10,Event Pack,9.99
U21334,2026-02-04,22,Monthly Pass,4.99
U21465,2026-02-04,2,Premium Pack,99.99
U22098,2026-02-04,1,Small Pack,2.99
U22405,2026-02-04,23,Small Pack,0.99
U25681,2026-02-04,12,Monthly Pass,4.99
U26681,2026-02-04,1,Small Pack,0.99
U27048,2026-02-04,12,Small Pack,0.99
U28574,2026-02-04,4,Small Pack,1.99
U28664,2026-02-04,8,Premium Pack,49.99
U28725,2026-02-04,19,Event Pack,9.99
U28934,2026-02-04,2,Cosmetic,19.99
U29313,2026-02-04,12,Small Pack,0.99
U29663,2026-02-04,26,Event Pack,14.99
U30578,2026-02-04,1,Small Pack,1.99
U31527,2026-02-04,7,Cosmetic,29.99
U31536,2026-02-04,15,Cosmetic,29.99
U31712,2026-02-04,4,Monthly Pass,5.99
U33000,2026-02-04,0,Monthly Pass,5.99
U33022,2026-02-04,4,Small Pack,1.99
U33467,2026-02-04,0,Small Pack,2.99
U33658,2026-02-04,8,Small Pack,2.99
U33682,2026-02-04,7,Monthly Pass,5.99
U33799,2026-02-04,24,Monthly Pass,5.99
U34100,2026-02-04,31,Small Pack,2.99
U35035,2026-02-04,17,Monthly Pass,5.99
U35062,2026-02-04,4,Monthly Pass,5.99
U35957,2026-02-04,19,Monthly Pass,4.99
U38135,2026-02-04,19,Event Pack,4.99
U38636,2026-02-04,5,Monthly Pass,5.99
U38699,2026-02-04,6,Small Pack,2.99
U39676,2026-02-04,26,Event Pack,4.99
U40311,2026-02-04,2,Small Pack,0.99
U42019,2026-02-04,27,Small Pack,1.99
U42317,2026-02-04,20,Event Pack,4.99
U42707,2026-02-04,27,Cosmetic,29.99
U42802,2026-02-04,12,Monthly Pass,5.99
U44649,2026-02-04,17,Monthly Pass,5.99
U44803,2026-02-04,7,Cosmetic,9.99
U45047,2026-02-04,25,Cosmetic,19.99
U45881,2026-02-04,2,Premium Pack,49.99
U47093,2026-02-04,15,Cosmetic,29.99
U47618,2026-02-04,17,Small Pack,0.99
U48414,2026-02-04,24,Monthly Pass,4.99
U49730,2026-02-04,31,Small Pack,0.99
U49823,2026-02-04,2,Small Pack,2.99
U00004,2026-02-05,21,Premium Pack,19.99
U00527,2026-02-05,4,Monthly Pass,4.99
U00880,2026-02-05,31,Premium Pack,19.99
U00990,2026-02-05,0,Premium Pack,99.99
U01617,2026-02-05,15,Small Pack,1.99
U01798,2026-02-05,1,Small Pack,0.99
U01952,2026-02-05,25,Event Pack,4.99
U02209,2026-02-05,0,Small Pack,2.99
U02836,2026-02-05,17,Small Pack,1.99
U05656,2026-02-05,0,Event Pack,4.99
U07204,2026-02-05,30,Small Pack,1.99
U07756,2026-02-05,5,Cosmetic,9.99
U07861,2026-02-05,25,Monthly Pass,5.99
U08046,2026-02-05,1,Monthly Pass,5.99
U08540,2026-02-05,15,Event Pack,14.99
U08836,2026-02-05,0,Small Pack,1.99
U09507,2026-02-05,18,Monthly Pass,5.99
U10863,2026-02-05,4,Small Pack,2.99
U10906,2026-02-05,7,Monthly Pass,4.99
U11152,2026-02-05,3,Small Pack,1.99
U11613,2026-02-05,9,Event Pack,14.99
U11911,2026-02-05,6,Small Pack,2.99
U17139,2026-02-05,5,Small Pack,0.99
U17213,2026-02-05,0,Small Pack,0.99
U17939,2026-02-05,6,Cosmetic,19.99
U18054,2026-02-05,0,Event Pack,4.99
U18250,2026-02-05,19,Event Pack,14.99
U18381,2026-02-05,0,Event Pack,4.99
U18665,2026-02-05,10,Small Pack,2.99
U18847,2026-02-05,22,Small Pack,2.99
U18991,2026-02-05,27,Small Pack,1.99
U20604,2026-02-05,19,Small Pack,1.99
U21344,2026-02-05,11,Event Pack,14.99
U22920,2026-02-05,27,Monthly Pass,5.99
U24687,2026-02-05,4,Small Pack,0.99
U25793,2026-02-05,5,Small Pack,1.99
U26489,2026-02-05,27,Event Pack,14.99
U26646,2026-02-05,11,Monthly Pass,5.99
U26779,2026-02-05,15,Event Pack,14.99
U26917,2026-02-05,2,Small Pack,1.99
U27576,2026-02-05,12,Cosmetic,9.99
U27674,2026-02-05,0,Premium Pack,99.99
U28863,2026-02-05,9,Small Pack,1.99
U30638,2026-02-05,1,Monthly Pass,5.99
U30996,2026-02-05,4,Small Pack,2.99
U31732,2026-02-05,28,Monthly Pass,5.99
U33430,2026-02-05,3,Cosmetic,29.99
U33912,2026-02-05,13,Event Pack,9.99
U34141,2026-02-05,25,Small Pack,1.99
U34414,2026-02-05,5,Premium Pack,99.99
U34677,2026-02-05,11,Small Pack,1.99
U35107,2026-02-05,5,Cosmetic,9.99
U35581,2026-02-05,2,Small Pack,2.99
U36875,2026-02-05,0,Monthly Pass,5.99
U37482,2026-02-05,0,Premium Pack,19.99
U38530,2026-02-05,9,Small Pack,2.99
U40498,2026-02-05,3,Small Pack,2.99
U41410,2026-02-05,6,Small Pack,0.99
U41740,2026-02-05,33,Small Pack,0.99
U42583,2026-02-05,0,Monthly Pass,4.99
U42607,2026-02-05,22,Monthly Pass,5.99
U42693,2026-02-05,0,Event Pack,4.99
U43380,2026-02-05,0,Premium Pack,19.99
U43392,2026-02-05,33,Monthly Pass,5.99
U43553,2026-02-05,12,Cosmetic,9.99
U43583,2026-02-05,24,Small Pack,0.99
U44158,2026-02-05,1,Monthly Pass,4.99
U44676,2026-02-05,13,Monthly Pass,5.99
U44739,2026-02-05,27,Premium Pack,99.99
U45285,2026-02-05,5,Cosmetic,29.99
U46018,2026-02-05,10,Cosmetic,19.99
U47240,2026-02-05,0,Small Pack,0.99
U49831,2026-02-05,27,Small Pack,2.99
U49967,2026-02-05,17,Monthly Pass,4.99
U00988,2026-02-06,9,Event Pack,4.99
U01252,2026-02-06,10,Cosmetic,19.99
U02222,2026-02-06,0,Monthly Pass,5.99
U03810,2026-02-06,7,Cosmetic,9.99
U04214,2026-02-06,15,Small Pack,1.99
U04735,2026-02-06,13,Small Pack,0.99
U06625,2026-02-06,9,Premium Pack,19.99
U06648,2026-02-06,32,Cosmetic,29.99
U06923,2026-02-06,0,Premium Pack,49.99
U07861,2026-02-06,26,Small Pack,2.99
U08395,2026-02-06,22,Cosmetic,29.99
U08461,2026-02-06,1,Event Pack,14.99
U08690,2026-02-06,2,Cosmetic,19.99
U09004,2026-02-06,15,Small Pack,0.99
U09583,2026-02-06,0,Small Pack,0.99
U09968,2026-02-06,18,Event Pack,14.99
U10298,2026-02-06,1,Monthly Pass,4.99
U10426,2026-02-06,15,Event Pack,14.99
U10659,2026-02-06,16,Premium Pack,49.99
U10863,2026-02-06,5,Event Pack,4.99
U10944,2026-02-06,2,Small Pack,0.99
U11005,2026-02-06,35,Small Pack,0.99
U12521,2026-02-06,14,Event Pack,4.99
U12636,2026-02-06,10,Cosmetic,19.99
U13207,2026-02-06,0,Cosmetic,9.99
U13425,2026-02-06,11,Monthly Pass,4.99
U14057,2026-02-06,6,Event Pack,14.99
U14119,2026-02-06,8,Small Pack,0.99
U14645,2026-02-06,1,Cosmetic,9.99
U14886,2026-02-06,13,Small Pack,1.99
U15410,2026-02-06,7,Event Pack,4.99
U16321,2026-02-06,11,Small Pack,0.99
U17217,2026-02-06,30,Event Pack,4.99
U17866,2026-02-06,2,Monthly Pass,4.99
U18039,2026-02-06,14,Event Pack,14.99
U18051,2026-02-06,1,Small Pack,1.99
U18381,2026-02-06,1,Event Pack,9.99
U18587,2026-02-06,3,Event Pack,4.99
U19536,2026-02-06,28,Monthly Pass,4.99
U20673,2026-02-06,0,Premium Pack,99.99
U21935,2026-02-06,14,Small Pack,1.99
U22646,2026-02-06,1,Small Pack,1.99
U22754,2026-02-06,0,Event Pack,14.99
U22803,2026-02-06,4,Monthly Pass,4.99
U23222,2026-02-06,18,Monthly Pass,4.99
U23490,2026-02-06,12,Monthly Pass,4.99
U23525,2026-02-06,24,Small Pack,2.99
U25253,2026-02-06,1,Monthly Pass,4.99
U25680,2026-02-06,27,Event Pack,4.99
U25923,2026-02-06,6,Event Pack,9.99
U26028,2026-02-06,4,Small Pack,1.99
U27098,2026-02-06,7,Event Pack,4.99
U29386,2026-02-06,15,Event Pack,4.99
U30149,2026-02-06,8,Small Pack,1.99
U30184,2026-02-06,23,Event Pack,9.99
U30654,2026-02-06,20,Event Pack,14.99
U30833,2026-02-06,0,Small Pack,1.99
U30878,2026-02-06,6,Monthly Pass,5.99
U31158,2026-02-06,6,Cosmetic,29.99
U32206,2026-02-06,4,Event Pack,9.99
U32846,2026-02-06,24,Event Pack,14.99
U32888,2026-02-06,19,Premium Pack,19.99
U33218,2026-02-06,25,Event Pack,14.99
U33266,2026-02-06,0,Monthly Pass,4.99
U33629,2026-02-06,10,Small Pack,0.99
U34302,2026-02-06,30,Small Pack,1.99
U35088,2026-02-06,6,Event Pack,4.99
U36132,2026-02-06,3,Event Pack,4.99
U38684,2026-02-06,21,Premium Pack,19.99
U39030,2026-02-06,0,Event Pack,14.99
U39252,2026-02-06,0,Cosmetic,19.99
U39354,2026-02-06,15,Premium Pack,19.99
U41097,2026-02-06,4,Small Pack,0.99
U42360,2026-02-06,1,Monthly Pass,4.99
U42927,2026-02-06,17,Premium Pack,19.99
U43611,2026-02-06,5,Small Pack,1.99
U44350,2026-02-06,19,Monthly Pass,4.99
U44840,2026-02-06,19,Premium Pack,19.99
U44879,2026-02-06,14,Monthly Pass,4.99
U45413,2026-02-06,13,Event Pack,9.99
U45592,2026-02-06,2,Monthly Pass,4.99
U45854,2026-02-06,3,Monthly Pass,5.99
U46237,2026-02-06,35,Cosmetic,19.99
U48038,2026-02-06,23,Small Pack,2.99
U48550,2026-02-06,34,Event Pack,14.99
U00284,2026-02-07,29,Small Pack,2.99
U00351,2026-02-07,21,Cosmetic,9.99
U00468,2026-02-07,26,Monthly Pass,4.99
U02941,2026-02-07,10,Monthly Pass,4.99
U03835,2026-02-07,1,Monthly Pass,4.99
U04309,2026-02-07,20,Premium Pack,19.99
U05877,2026-02-07,0,Event Pack,14.99
U06770,2026-02-07,0,Event Pack,9.99
U07698,2026-02-07,0,Small Pack,2.99
U08046,2026-02-07,3,Cosmetic,19.99
U09452,2026-02-07,25,Small Pack,2.99
U09669,2026-02-07,14,Small Pack,0.99
U10863,2026-02-07,6,Monthly Pass,5.99
U11003,2026-02-07,20,Small Pack,2.99
U11475,2026-02-07,4,Cosmetic,9.99
U11798,2026-02-07,0,Event Pack,9.99
U12028,2026-02-07,27,Cosmetic,19.99
U12161,2026-02-07,29,Small Pack,1.99
U12283,2026-02-07,30,Small Pack,1.99
U12354,2026-02-07,33,Premium Pack,19.99
U12435,2026-02-07,5,Event Pack,4.99
U13246,2026-02-07,11,Small Pack,2.99
U14805,2026-02-07,0,Event Pack,9.99
U15136,2026-02-07,3,Monthly Pass,5.99
U15172,2026-02-07,0,Small Pack,2.99
U15964,2026-02-07,0,Event Pack,9.99
U16349,2026-02-07,0,Monthly Pass,5.99
U17222,2026-02-07,1,Monthly Pass,4.99
U17250,2026-02-07,5,Small Pack,2.99
U17445,2026-02-07,11,Cosmetic,19.99
U18054,2026-02-07,2,Monthly Pass,4.99
U18079,2026-02-07,2,Monthly Pass,5.99
U18379,2026-02-07,0,Small Pack,1.99
U18528,2026-02-07,22,Premium Pack,49.99
U19271,2026-02-07,4,Small Pack,2.99
U20325,2026-02-07,1,Event Pack,9.99
U20643,2026-02-07,4,Small Pack,0.99
U20910,2026-02-07,7,Small Pack,0.99
U21753,2026-02-07,1,Monthly Pass,5.99
U22790,2026-02-07,3,Small Pack,0.99
U22931,2026-02-07,12,Cosmetic,9.99
U23100,2026-02-07,24,Event Pack,14.99
U24817,2026-02-07,14,Cosmetic,9.99
U24881,2026-02-07,0,Small Pack,0.99
U24937,2026-02-07,5,Monthly Pass,4.99
U25443,2026-02-07,4,Premium Pack,49.99
U26390,2026-02-07,19,Monthly Pass,4.99
U26590,2026-02-07,35,Monthly Pass,4.99
U26715,2026-02-07,0,Small Pack,0.99
U26995,2026-02-07,0,Event Pack,4.99
U27277,2026-02-07,3,Small Pack,2.99
U27361,2026-02-07,3,Small Pack,2.99
U27453,2026-02-07,3,Cosmetic,9.99
U27516,2026-02-07,0,Premium Pack,49.99
U27531,2026-02-07,3,Event Pack,14.99
U28599,2026-02-07,12,Cosmetic,29.99
U29047,2026-02-07,27,Premium Pack,19.99
U30409,2026-02-07,18,Cosmetic,19.99
U30654,2026-02-07,21,Event Pack,9.99
U32046,2026-02-07,11,Small Pack,0.99
U32199,2026-02-07,25,Cosmetic,29.99
U32317,2026-02-07,2,Event Pack,4.99
U33775,2026-02-07,4,Small Pack,2.99
U34332,2026-02-07,17,Cosmetic,19.99
U34724,2026-02-07,18,Event Pack,14.99
U36132,2026-02-07,4,Premium Pack,49.99
U36529,2026-02-07,3,Event Pack,14.99
U36919,2026-02-07,12,Small Pack,1.99
U37196,2026-02-07,9,Small Pack,2.99
U37692,2026-02-07,1,Event Pack,9.99
U38255,2026-02-07,5,Monthly Pass,5.99
U38353,2026-02-07,10,Premium Pack,99.99
U38773,2026-02-07,15,Small Pack,1.99
U39069,2026-02-07,29,Cosmetic,29.99
U39157,2026-02-07,25,Event Pack,9.99
U39291,2026-02-07,5,Small Pack,2.99
U41033,2026-02-07,12,Monthly Pass,5.99
U41293,2026-02-07,9,Small Pack,0.99
U41450,2026-02-07,10,Small Pack,0.99
U41957,2026-02-07,19,Cosmetic,19.99
U41993,2026-02-07,20,Event Pack,4.99
U42325,2026-02-07,18,Small Pack,2.99
U42569,2026-02-07,23,Premium Pack,19.99
U42979,2026-02-07,0,Small Pack,1.99
U43208,2026-02-07,13,Cosmetic,19.99
U43695,2026-02-07,0,Monthly Pass,4.99
U44912,2026-02-07,19,Monthly Pass,5.99
U45021,2026-02-07,33,Monthly Pass,5.99
U45077,2026-02-07,35,Event Pack,9.99
U46482,2026-02-07,26,Cosmetic,9.99
U46668,2026-02-07,13,Small Pack,2.99
U46768,2026-02-07,13,Event Pack,9.99
U47004,2026-02-07,5,Monthly Pass,4.99
U47050,2026-02-07,26,Cosmetic,19.99
U47161,2026-02-07,29,Event Pack,9.99
U47222,2026-02-07,13,Monthly Pass,4.99
U47462,2026-02-07,0,Small Pack,0.99
U48820,2026-02-07,37,Event Pack,4.99
U49659,2026-02-07,30,Small Pack,0.99
U00123,2026-02-08,0,Event Pack,4.99
U00626,2026-02-08,19,Event Pack,4.99
U01199,2026-02-08,9,Monthly Pass,4.99
U03248,2026-02-08,25,Cosmetic,9.99
U03794,2026-02-08,14,Cosmetic,29.99
U03835,2026-02-08,2,Cosmetic,9.99
U03899,2026-02-08,1,Monthly Pass,4.99
U04604,2026-02-08,0,Small Pack,2.99
U04781,2026-02-08,6,Monthly Pass,5.99
U04814,2026-02-08,21,Event Pack,4.99
U06400,2026-02-08,0,Monthly Pass,5.99
U06764,2026-02-08,15,Small Pack,0.99
U07595,2026-02-08,20,Monthly Pass,5.99
U08002,2026-02-08,0,Cosmetic,9.99
U08802,2026-02-08,0,Small Pack,0.99
U08844,2026-02-08,16,Small Pack,2.99
U09183,2026-02-08,1,Monthly Pass,4.99
U09425,2026-02-08,35,Event Pack,4.99
U09474,2026-02-08,1,Small Pack,1.99
U09509,2026-02-08,17,Monthly Pass,5.99
U09843,2026-02-08,0,Event Pack,4.99
U09987,2026-02-08,7,Small Pack,1.99
U10599,2026-02-08,17,Small Pack,1.99
U11324,2026-02-08,0,Monthly Pass,4.99
U11391,2026-02-08,1,Event Pack,4.99
U12020,2026-02-08,21,Event Pack,14.99
U12048,2026-02-08,36,Cosmetic,19.99
U12462,2026-02-08,10,Event Pack,4.99
U12816,2026-02-08,14,Cosmetic,29.99
U12980,2026-02-08,3,Monthly Pass,5.99
U13090,2026-02-08,0,Small Pack,0.99
U13430,2026-02-08,1,Premium Pack,99.99
U13573,2026-02-08,12,Premium Pack,49.99
U14201,2026-02-08,22,Cosmetic,9.99
U15262,2026-02-08,8,Monthly Pass,4.99
U15608,2026-02-08,0,Event Pack,14.99
U16214,2026-02-08,11,Premium Pack,99.99
U16414,2026-02-08,20,Monthly Pass,4.99
U16669,2026-02-08,0,Cosmetic,29.99
U17222,2026-02-08,2,Small Pack,1.99
U17746,2026-02-08,5,Event Pack,14.99
U18379,2026-02-08,1,Event Pack,4.99
U18472,2026-02-08,17,Small Pack,0.99
U18518,2026-02-08,21,Monthly Pass,5.99
U18648,2026-02-08,27,Small Pack,0.99
U18685,2026-02-08,14,Event Pack,9.99
U18848,2026-02-08,0,Small Pack,2.99
U18878,2026-02-08,0,Small Pack,2.99
U19336,2026-02-08,14,Event Pack,14.99
U19821,2026-02-08,14,Premium Pack,19.99
U19887,2026-02-08,11,Premium Pack,19.99
U20652,2026-02-08,0,Premium Pack,49.99
U22042,2026-02-08,14,Cosmetic,29.99
U22168,2026-02-08,30,Premium Pack,99.99
U23179,2026-02-08,26,Small Pack,2.99
U23530,2026-02-08,0,Premium Pack,19.99
U24734,2026-02-08,23,Small Pack,1.99
U25115,2026-02-08,26,Cosmetic,19.99
U26715,2026-02-08,1,Small Pack,2.99
U27379,2026-02-08,19,Premium Pack,49.99
U27499,2026-02-08,14,Event Pack,14.99
U27531,2026-02-08,4,Premium Pack,19.99
U27719,2026-02-08,8,Monthly Pass,4.99
U28449,2026-02-08,15,Event Pack,4.99
U28574,2026-02-08,8,Event Pack,9.99
U29146,2026-02-08,1,Cosmetic,19.99
U30722,2026-02-08,0,Small Pack,2.99
U30740,2026-02-08,4,Monthly Pass,4.99
U31121,2026-02-08,28,Small Pack,1.99
U34321,2026-02-08,0,Small Pack,0.99
U34491,2026-02-08,0,Monthly Pass,4.99
U35324,2026-02-08,35,Cosmetic,19.99
U37214,2026-02-08,25,Premium Pack,49.99
U37278,2026-02-08,5,Cosmetic,9.99
U37722,2026-02-08,27,Small Pack,2.99
U38815,2026-02-08,2,Small Pack,1.99
U39009,2026-02-08,6,Event Pack,4.99
U39208,2026-02-08,9,Event Pack,4.99
U39674,2026-02-08,10,Premium Pack,99.99
U39676,2026-02-08,30,Event Pack,14.99
U39887,2026-02-08,5,Premium Pack,99.99
U39898,2026-02-08,37,Small Pack,1.99
U41212,2026-02-08,2,Premium Pack,99.99
U41824,2026-02-08,2,Small Pack,2.99
U41858,2026-02-08,2,Cosmetic,29.99
U41922,2026-02-08,13,Cosmetic,29.99
U42204,2026-02-08,21,Small Pack,2.99
U42815,2026-02-08,5,Monthly Pass,4.99
U42877,2026-02-08,24,Event Pack,4.99
U43380,2026-02-08,3,Small Pack,1.99
U44028,2026-02-08,17,Small Pack,0.99
U44423,2026-02-08,22,Event Pack,4.99
U44649,2026-02-08,21,Small Pack,1.99
U44668,2026-02-08,23,Monthly Pass,5.99
U45370,2026-02-08,1,Monthly Pass,4.99
U45904,2026-02-08,7,Monthly Pass,5.99
U47498,2026-02-08,1,Small Pack,1.99
U47528,2026-02-08,29,Premium Pack,19.99
U48225,2026-02-08,5,Cosmetic,29.99
U48726,2026-02-08,33,Small Pack,2.99
U00566,2026-02-09,14,Cosmetic,19.99
U00782,2026-02-09,17,Cosmetic,29.99
U01476,2026-02-09,9,Small Pack,1.99
U01909,2026-02-09,3,Cosmetic,19.99
U02397,2026-02-09,9,Event Pack,4.99
U03448,2026-02-09,13,Event Pack,14.99
U03674,2026-02-09,4,Cosmetic,29.99
U03955,2026-02-09,37,Event Pack,4.99
U04804,2026-02-09,0,Small Pack,1.99
U06424,2026-02-09,8,Premium Pack,19.99
U06695,2026-02-09,2,Event Pack,4.99
U06819,2026-02-09,15,Cosmetic,19.99
U06888,2026-02-09,3,Monthly Pass,5.99
U07800,2026-02-09,0,Event Pack,14.99
U08337,2026-02-09,26,Small Pack,1.99
U08461,2026-02-09,4,Cosmetic,9.99
U08743,2026-02-09,17,Monthly Pass,5.99
U09116,2026-02-09,10,Small Pack,2.99
U09247,2026-02-09,2,Event Pack,9.99
U09304,2026-02-09,16,Event Pack,14.99
U09669,2026-02-09,16,Event Pack,4.99
U09989,2026-02-09,25,Cosmetic,29.99
U10129,2026-02-09,28,Small Pack,0.99
U10925,2026-02-09,7,Event Pack,14.99
U11571,2026-02-09,24,Event Pack,14.99
U11596,2026-02-09,15,Monthly Pass,4.99
U12424,2026-02-09,24,Premium Pack,19.99
U14119,2026-02-09,11,Small Pack,2.99
U14484,2026-02-09,28,Monthly Pass,5.99
U15501,2026-02-09,39,Monthly Pass,4.99
U16562,2026-02-09,25,Small Pack,1.99
U16568,2026-02-09,0,Event Pack,9.99
U16698,2026-02-09,24,Event Pack,9.99
U17715,2026-02-09,18,Small Pack,2.99
U17778,2026-02-09,0,Small Pack,2.99
U18670,2026-02-09,12,Premium Pack,49.99
U18707,2026-02-09,19,Event Pack,14.99
U19421,2026-02-09,18,Premium Pack,99.99
U19432,2026-02-09,0,Monthly Pass,4.99
U19792,2026-02-09,13,Event Pack,4.99
U20519,2026-02-09,3,Small Pack,0.99
U21040,2026-02-09,0,Small Pack,1.99
U21578,2026-02-09,6,Monthly Pass,5.99
U25810,2026-02-09,0,Cosmetic,29.99
U26537,2026-02-09,2,Monthly Pass,4.99
U27051,2026-02-09,24,Monthly Pass,4.99
U27247,2026-02-09,1,Cosmetic,9.99
U28463,2026-02-09,3,Monthly Pass,4.99
U30732,2026-02-09,0,Small Pack,1.99
U30794,2026-02-09,7,Cosmetic,19.99
U30872,2026-02-09,37,Premium Pack,49.99
U30938,2026-02-09,2,Small Pack,0.99
U31476,2026-02-09,35,Small Pack,1.99
U31576,2026-02-09,5,Small Pack,0.99
U32082,2026-02-09,1,Small Pack,0.99
U32237,2026-02-09,4,Cosmetic,29.99
U32988,2026-02-09,0,Small Pack,1.99
U33794,2026-02-09,4,Monthly Pass,5.99
U34772,2026-02-09,5,Monthly Pass,4.99
U34795,2026-02-09,3,Small Pack,2.99
U36633,2026-02-09,3,Small Pack,2.99
U36879,2026-02-09,0,Monthly Pass,4.99
U37585,2026-02-09,15,Small Pack,2.99
U38241,2026-02-09,17,Event Pack,14.99
U38559,2026-02-09,14,Cosmetic,9.99
U39131,2026-02-09,0,Monthly Pass,5.99
U39276,2026-02-09,2,Event Pack,4.99
U39815,2026-02-09,4,Event Pack,14.99
U40333,2026-02-09,31,Small Pack,1.99
U40626,2026-02-09,0,Event Pack,4.99
U40740,2026-02-09,4,Small Pack,2.99
U41602,2026-02-09,0,Cosmetic,29.99
U41623,2026-02-09,33,Small Pack,1.99
U42607,2026-02-09,26,Event Pack,9.99
U43921,2026-02-09,24,Event Pack,4.99
U43944,2026-02-09,10,Event Pack,14.99
U44158,2026-02-09,5,Event Pack,9.99
U44454,2026-02-09,29,Cosmetic,29.99
U44523,2026-02-09,12,Event Pack,14.99
U44676,2026-02-09,17,Event Pack,14.99
U45162,2026-02-09,33,Small Pack,1.99
U47118,2026-02-09,25,Small Pack,2.99
U47203,2026-02-09,6,Small Pack,1.99
U47669,2026-02-09,32,Small Pack,0.99
U49087,2026-02-09,9,Premium Pack,99.99
U49821,2026-02-09,3,Small Pack,2.99
U49950,2026-02-09,24,Event Pack,9.99
U00373,2026-02-10,3,Small Pack,0.99
U00674,2026-02-10,15,Monthly Pass,4.99
U01341,2026-02-10,22,Event Pack,14.99
U02008,2026-02-10,3,Event Pack,14.99
U02449,2026-02-10,39,Cosmetic,9.99
U02835,2026-02-10,12,Monthly Pass,5.99
U03071,2026-02-10,6,Event Pack,4.99
U03539,2026-02-10,0,Small Pack,2.99
U03705,2026-02-10,6,Small Pack,2.99
U03820,2026-02-10,4,Premium Pack,19.99
U04313,2026-02-10,13,Monthly Pass,5.99
U04763,2026-02-10,11,Small Pack,1.99
U05232,2026-02-10,8,Small Pack,2.99
U05379,2026-02-10,29,Cosmetic,9.99
U05394,2026-02-10,12,Event Pack,9.99
U05618,2026-02-10,20,Cosmetic,19.99
U05838,2026-02-10,7,Event Pack,4.99
U05904,2026-02-10,0,Monthly Pass,4.99
U06648,2026-02-10,36,Small Pack,2.99
U06989,2026-02-10,2,Small Pack,0.99
U08151,2026-02-10,0,Small Pack,0.99
U08506,2026-02-10,20,Monthly Pass,4.99
U08948,2026-02-10,3,Cosmetic,9.99
U09233,2026-02-10,6,Monthly Pass,5.99
U09437,2026-02-10,30,Event Pack,14.99
U10258,2026-02-10,25,Event Pack,14.99
U10569,2026-02-10,26,Small Pack,1.99
U10701,2026-02-10,34,Cosmetic,9.99
U11230,2026-02-10,34,Monthly Pass,5.99
U11497,2026-02-10,1,Cosmetic,19.99
U12480,2026-02-10,16,Monthly Pass,4.99
U13089,2026-02-10,14,Event Pack,4.99
U13838,2026-02-10,0,Event Pack,4.99
U14981,2026-02-10,14,Event Pack,14.99
U16373,2026-02-10,0,Small Pack,0.99
U17222,2026-02-10,4,Event Pack,4.99
U18250,2026-02-10,24,Event Pack,4.99
U19258,2026-02-10,7,Event Pack,14.99
U19283,2026-02-10,0,Small Pack,0.99
U19379,2026-02-10,2,Small Pack,2.99
U19405,2026-02-10,40,Small Pack,0.99
U19754,2026-02-10,6,Event Pack,9.99
U19810,2026-02-10,10,Event Pack,9.99
U20519,2026-02-10,4,Monthly Pass,5.99
U20529,2026-02-10,1,Monthly Pass,4.99
U20987,2026-02-10,2,Premium Pack,19.99
U21620,2026-02-10,0,Small Pack,2.99
U21903,2026-02-10,13,Cosmetic,29.99
U22072,2026-02-10,0,Cosmetic,9.99
U22078,2026-02-10,37,Cosmetic,29.99
U22428,2026-02-10,37,Cosmetic,9.99
U22453,2026-02-10,9,Monthly Pass,4.99
U22700,2026-02-10,35,Small Pack,1.99
U22887,2026-02-10,16,Event Pack,14.99
U22920,2026-02-10,32,Event Pack,14.99
U23472,2026-02-10,23,Monthly Pass,5.99
U23586,2026-02-10,0,Event Pack,4.99
U24449,2026-02-10,6,Cosmetic,19.99
U25540,2026-02-10,16,Event Pack,14.99
U27123,2026-02-10,17,Monthly Pass,5.99
U27221,2026-02-10,1,Small Pack,0.99
U28463,2026-02-10,4,Small Pack,0.99
U28483,2026-02-10,5,Cosmetic,19.99
U29332,2026-02-10,28,Event Pack,9.99
U29943,2026-02-10,5,Cosmetic,29.99
U30548,2026-02-10,0,Small Pack,1.99
U31000,2026-02-10,2,Event Pack,14.99
U31450,2026-02-10,0,Monthly Pass,4.99
U31919,2026-02-10,0,Event Pack,9.99
U32558,2026-02-10,0,Cosmetic,19.99
U33248,2026-02-10,2,Small Pack,0.99
U33603,2026-02-10,1,Event Pack,14.99
U34321,2026-02-10,2,Event Pack,14.99
U36222,2026-02-10,6,Small Pack,1.99
U36248,2026-02-10,29,Cosmetic,9.99
U36879,2026-02-10,1,Premium Pack,99.99
U37351,2026-02-10,31,Event Pack,4.99
U37418,2026-02-10,1,Event Pack,14.99
U37904,2026-02-10,1,Event Pack,9.99
U38533,2026-02-10,18,Cosmetic,9.99
U39653,2026-02-10,16,Premium Pack,49.99
U39789,2026-02-10,11,Cosmetic,29.99
U40337,2026-02-10,9,Event Pack,4.99
U40740,2026-02-10,5,Premium Pack,49.99
U42303,2026-02-10,34,Small Pack,2.99
U42894,2026-02-10,0,Monthly Pass,4.99
U42975,2026-02-10,0,Event Pack,4.99
U43537,2026-02-10,27,Small Pack,1.99
U43961,2026-02-10,16,Event Pack,14.99
U45069,2026-02-10,7,Small Pack,1.99
U45703,2026-02-10,12,Event Pack,9.99
U45901,2026-02-10,23,Event Pack,9.99
U46163,2026-02-10,15,Small Pack,2.99
U46291,2026-02-10,0,Monthly Pass,4.99
U47548,2026-02-10,1,Event Pack,4.99
U47694,2026-02-10,11,Premium Pack,99.99
U48058,2026-02-10,5,Premium Pack,19.99
U48206,2026-02-10,0,Small Pack,2.99
U48605,2026-02-10,26,Small Pack,0.99
U48848,2026-02-10,22,Small Pack,0.99
U49077,2026-02-10,0,Event Pack,14.99
U49843,2026-02-10,15,Cosmetic,19.99
U00666,2026-02-11,10,Small Pack,0.99
U00674,2026-02-11,16,Cosmetic,19.99
U00878,2026-02-11,24,Monthly Pass,4.99
U01341,2026-02-11,23,Monthly Pass,5.99
U01819,2026-02-11,1,Small Pack,2.99
U02587,2026-02-11,0,Monthly Pass,5.99
U03403,2026-02-11,3,Cosmetic,29.99
U03539,2026-02-11,1,Event Pack,4.99
U04214,2026-02-11,20,Small Pack,1.99
U04628,2026-02-11,0,Small Pack,0.99
U06680,2026-02-11,0,Monthly Pass,5.99
U07030,2026-02-11,0,Small Pack,1.99
U07150,2026-02-11,33,Small Pack,1.99
U08418,2026-02-11,31,Small Pack,1.99
U08584,2026-02-11,16,Cosmetic,29.99
U08698,2026-02-11,0,Event Pack,14.99
U08825,2026-02-11,8,Small Pack,2.99
U09160,2026-02-11,11,Event Pack,14.99
U09236,2026-02-11,3,Monthly Pass,5.99
U09427,2026-02-11,22,Premium Pack,49.99
U09987,2026-02-11,10,Cosmetic,29.99
U10366,2026-02-11,4,Cosmetic,29.99
U11162,2026-02-11,21,Event Pack,4.99
U11200,2026-02-11,14,Small Pack,2.99
U11441,2026-02-11,14,Event Pack,9.99
U13011,2026-02-11,2,Monthly Pass,5.99
U13678,2026-02-11,38,Event Pack,14.99
U15016,2026-02-11,0,Small Pack,2.99
U15260,2026-02-11,4,Small Pack,0.99
U15338,2026-02-11,16,Event Pack,4.99
U17222,2026-02-11,5,Event Pack,4.99
U17359,2026-02-11,4,Small Pack,2.99
U17589,2026-02-11,5,Event Pack,4.99
U18288,2026-02-11,34,Event Pack,4.99
U18679,2026-02-11,5,Premium Pack,99.99
U18791,2026-02-11,20,Small Pack,0.99
U20242,2026-02-11,11,Small Pack,0.99
U20746,2026-02-11,1,Monthly Pass,5.99
U21406,2026-02-11,30,Small Pack,2.99
U21530,2026-02-11,35,Premium Pack,49.99
U21982,2026-02-11,6,Cosmetic,19.99
U22047,2026-02-11,22,Cosmetic,29.99
U23801,2026-02-11,0,Event Pack,4.99
U25015,2026-02-11,19,Small Pack,1.99
U25858,2026-02-11,9,Small Pack,1.99
U27094,2026-02-11,35,Small Pack,0.99
U27486,2026-02-11,19,Event Pack,14.99
U27516,2026-02-11,4,Small Pack,0.99
U27652,2026-02-11,4,Small Pack,1.99
U28071,2026-02-11,0,Event Pack,4.99
U28449,2026-02-11,18,Cosmetic,19.99
U28864,2026-02-11,5,Event Pack,4.99
U29044,2026-02-11,17,Monthly Pass,5.99
U30226,2026-02-11,5,Event Pack,14.99
U30441,2026-02-11,1,Event Pack,9.99
U30476,2026-02-11,13,Event Pack,9.99
U30578,2026-02-11,8,Cosmetic,19.99
U32182,2026-02-11,10,Cosmetic,9.99
U33220,2026-02-11,0,Event Pack,4.99
U33279,2026-02-11,0,Monthly Pass,5.99
U33711,2026-02-11,20,Event Pack,9.99
U34337,2026-02-11,12,Monthly Pass,5.99
U34941,2026-02-11,20,Premium Pack,49.99
U35055,2026-02-11,35,Small Pack,1.99
U35085,2026-02-11,8,Cosmetic,29.99
U35181,2026-02-11,10,Premium Pack,99.99
U35548,2026-02-11,24,Event Pack,9.99
U35725,2026-02-11,36,Event Pack,4.99
U37110,2026-02-11,10,Premium Pack,49.99
U37489,2026-02-11,0,Event Pack,4.99
U38625,2026-02-11,0,Event Pack,14.99
U39110,2026-02-11,2,Cosmetic,29.99
U42693,2026-02-11,6,Monthly Pass,5.99
U42903,2026-02-11,15,Cosmetic,29.99
U44454,2026-02-11,31,Monthly Pass,4.99
U45176,2026-02-11,28,Cosmetic,29.99
U45488,2026-02-11,5,Cosmetic,29.99
U45532,2026-02-11,17,Small Pack,0.99
U45592,2026-02-11,7,Event Pack,4.99
U45765,2026-02-11,37,Event Pack,9.99
U46291,2026-02-11,1,Small Pack,2.99
U46932,2026-02-11,7,Small Pack,0.99
U47249,2026-02-11,38,Premium Pack,49.99
U47646,2026-02-11,11,Event Pack,14.99
U48636,2026-02-11,13,Cosmetic,29.99
U48868,2026-02-11,22,Event Pack,9.99
U49314,2026-02-11,25,Monthly Pass,4.99
U49337,2026-02-11,0,Small Pack,1.99
U49412,2026-02-11,8,Small Pack,2.99
U49659,2026-02-11,34,Small Pack,0.99
U49721,2026-02-11,28,Small Pack,2.99
U00097,2026-02-12,9,Event Pack,14.99
U00966,2026-02-12,10,Event Pack,4.99
U01128,2026-02-12,13,Small Pack,1.99
U01353,2026-02-12,1,Small Pack,2.99
U01509,2026-02-12,3,Small Pack,1.99
U01650,2026-02-12,37,Cosmetic,29.99
U01769,2026-02-12,3,Event Pack,14.99
U01934,2026-02-12,4,Monthly Pass,5.99
U02199,2026-02-12,2,Event Pack,4.99
U02906,2026-02-12,13,Small Pack,1.99
U03022,2026-02-12,0,Premium Pack,49.99
U03028,2026-02-12,10,Premium Pack,19.99
U03191,2026-02-12,20,Small Pack,1.99
U03445,2026-02-12,1,Event Pack,9.99
U04628,2026-02-12,1,Cosmetic,19.99
U04735,2026-02-12,19,Monthly Pass,4.99
U05328,2026-02-12,38,Premium Pack,19.99
U05734,2026-02-12,12,Small Pack,0.99
U05864,2026-02-12,0,Small Pack,1.99
U07536,2026-02-12,19,Event Pack,4.99
U08070,2026-02-12,42,Event Pack,14.99
U08140,2026-02-12,5,Premium Pack,99.99
U09206,2026-02-12,25,Event Pack,9.99
U09247,2026-02-12,5,Event Pack,4.99
U09281,2026-02-12,2,Premium Pack,49.99
U09574,2026-02-12,28,Event Pack,14.99
U10563,2026-02-12,0,Small Pack,1.99
U10750,2026-02-12,29,Small Pack,1.99
U11016,2026-02-12,7,Small Pack,1.99
U11230,2026-02-12,36,Small Pack,0.99
U12277,2026-02-12,34,Monthly Pass,4.99
U12328,2026-02-12,2,Monthly Pass,4.99
U12331,2026-02-12,28,Monthly Pass,5.99
U12579,2026-02-12,24,Event Pack,9.99
U13026,2026-02-12,5,Cosmetic,29.99
U13246,2026-02-12,16,Event Pack,4.99
U13883,2026-02-12,6,Small Pack,1.99
U14619,2026-02-12,39,Event Pack,14.99
U15529,2026-02-12,16,Event Pack,14.99
U15637,2026-02-12,10,Premium Pack,19.99
U16204,2026-02-12,41,Cosmetic,29.99
U19792,2026-02-12,16,Monthly Pass,5.99
U20021,2026-02-12,3,Small Pack,0.99
U22024,2026-02-12,33,Event Pack,9.99
U22375,2026-02-12,10,Monthly Pass,5.99
U22993,2026-02-12,24,Small Pack,1.99
U23332,2026-02-12,27,Event Pack,14.99
U24270,2026-02-12,0,Cosmetic,9.99
U24520,2026-02-12,9,Monthly Pass,4.99
U25368,2026-02-12,0,Small Pack,1.99
U25428,2026-02-12,25,Event Pack,4.99
U25773,2026-02-12,0,Cosmetic,29.99
U25810,2026-02-12,3,Premium Pack,99.99
U26111,2026-02-12,2,Small Pack,1.99
U26424,2026-02-12,25,Event Pack,4.99
U26436,2026-02-12,5,Event Pack,9.99
U26827,2026-02-12,26,Cosmetic,9.99
U27743,2026-02-12,0,Premium Pack,99.99
U28270,2026-02-12,25,Monthly Pass,4.99
U29577,2026-02-12,27,Monthly Pass,4.99
U30007,2026-02-12,14,Premium Pack,49.99
U30379,2026-02-12,38,Small Pack,1.99
U30653,2026-02-12,42,Monthly Pass,4.99
U30906,2026-02-12,1,Small Pack,0.99
U31608,2026-02-12,1,Event Pack,14.99
U31919,2026-02-12,2,Small Pack,1.99
U32046,2026-02-12,16,Event Pack,14.99
U32639,2026-02-12,4,Small Pack,0.99
U33718,2026-02-12,17,Cosmetic,19.99
U35147,2026-02-12,0,Event Pack,9.99
U35663,2026-02-12,11,Monthly Pass,4.99
U35988,2026-02-12,0,Small Pack,0.99
U36723,2026-02-12,28,Event Pack,4.99
U37171,2026-02-12,0,Monthly Pass,4.99
U37649,2026-02-12,14,Cosmetic,29.99
U37846,2026-02-12,0,Event Pack,9.99
U38625,2026-02-12,1,Event Pack,4.99
U38702,2026-02-12,29,Event Pack,4.99
U38825,2026-02-12,2,Monthly Pass,5.99
U39252,2026-02-12,6,Monthly Pass,5.99
U40007,2026-02-12,41,Small Pack,2.99
U40236,2026-02-12,40,Small Pack,2.99
U41215,2026-02-12,3,Monthly Pass,4.99
U41738,2026-02-12,1,Small Pack,2.99
U42263,2026-02-12,0,Event Pack,14.99
U42518,2026-02-12,36,Monthly Pass,5.99
U43046,2026-02-12,32,Small Pack,0.99
U44835,2026-02-12,14,Small Pack,2.99
U45246,2026-02-12,22,Premium Pack,49.99
U47452,2026-02-12,23,Monthly Pass,4.99
U47741,2026-02-12,11,Small Pack,0.99
U48038,2026-02-12,29,Event Pack,4.99
U48134,2026-02-12,10,Event Pack,4.99
U48650,2026-02-12,22,Small Pack,1.99
U48829,2026-02-12,23,Premium Pack,19.99
U49334,2026-02-12,10,Cosmetic,29.99
U49698,2026-02-12,24,Small Pack,2.99
U49779,2026-02-12,13,Monthly Pass,5.99
U00674,2026-02-13,18,Cosmetic,19.99
U02193,2026-02-13,6,Event Pack,4.99
U02275,2026-02-13,3,Cosmetic,9.99
U03312,2026-02-13,17,Monthly Pass,4.99
U03380,2026-02-13,0,Cosmetic,19.99
U04493,2026-02-13,30,Event Pack,4.99
U05276,2026-02-13,11,Event Pack,14.99
U05359,2026-02-13,20,Small Pack,2.99
U05893,2026-02-13,5,Premium Pack,49.99
U06821,2026-02-13,11,Small Pack,2.99
U07419,2026-02-13,1,Cosmetic,19.99
U07595,2026-02-13,25,Monthly Pass,4.99
U08293,2026-02-13,1,Monthly Pass,5.99
U08681,2026-02-13,28,Event Pack,9.99
U08948,2026-02-13,6,Small Pack,2.99
U09964,2026-02-13,25,Monthly Pass,5.99
U10863,2026-02-13,12,Monthly Pass,5.99
U11391,2026-02-13,6,Event Pack,9.99
U11857,2026-02-13,6,Cosmetic,19.99
U11992,2026-02-13,14,Event Pack,14.99
U12091,2026-02-13,27,Monthly Pass,4.99
U12511,2026-02-13,0,Small Pack,1.99
U12761,2026-02-13,6,Event Pack,4.99
U12810,2026-02-13,14,Small Pack,1.99
U12958,2026-02-13,5,Event Pack,9.99
U13133,2026-02-13,18,Premium Pack,49.99
U13337,2026-02-13,14,Premium Pack,99.99
U13624,2026-02-13,39,Small Pack,2.99
U14172,2026-02-13,3,Monthly Pass,4.99
U15260,2026-02-13,6,Cosmetic,19.99
U16042,2026-02-13,0,Event Pack,9.99
U16167,2026-02-13,14,Cosmetic,29.99
U16235,2026-02-13,16,Event Pack,9.99
U16463,2026-02-13,43,Cosmetic,29.99
U17551,2026-02-13,17,Premium Pack,99.99
U17933,2026-02-13,10,Event Pack,4.99
U19344,2026-02-13,7,Event Pack,14.99
U20771,2026-02-13,8,Small Pack,0.99
U20919,2026-02-13,27,Small Pack,0.99
U21335,2026-02-13,0,Monthly Pass,5.99
U21397,2026-02-13,38,Cosmetic,19.99
U21862,2026-02-13,3,Small Pack,0.99
U22132,2026-02-13,42,Cosmetic,19.99
U22356,2026-02-13,7,Small Pack,2.99
U22482,2026-02-13,30,Premium Pack,99.99
U23166,2026-02-13,14,Premium Pack,49.99
U23395,2026-02-13,0,Event Pack,4.99
U23947,2026-02-13,3,Monthly Pass,5.99
U24512,2026-02-13,14,Event Pack,9.99
U24817,2026-02-13,20,Monthly Pass,4.99
U25171,2026-02-13,5,Cosmetic,29.99
U25193,2026-02-13,2,Event Pack,4.99
U25942,2026-02-13,22,Event Pack,9.99
U26436,2026-02-13,6,Event Pack,14.99
U26590,2026-02-13,41,Small Pack,1.99
U26724,2026-02-13,1,Event Pack,14.99
U26810,2026-02-13,9,Event Pack,9.99
U26964,2026-02-13,22,Small Pack,0.99
U28056,2026-02-13,8,Cosmetic,29.99
U28724,2026-02-13,0,Premium Pack,99.99
U29979,2026-02-13,5,Premium Pack,19.99
U30684,2026-02-13,27,Event Pack,4.99
U31114,2026-02-13,25,Event Pack,14.99
U33326,2026-02-13,20,Small Pack,0.99
U33772,2026-02-13,1,Cosmetic,29.99
U34321,2026-02-13,5,Event Pack,4.99
U34433,2026-02-13,39,Monthly Pass,4.99
U34794,2026-02-13,42,Premium Pack,19.99
U36612,2026-02-13,34,Event Pack,14.99
U38367,2026-02-13,3,Monthly Pass,5.99
U39566,2026-02-13,1,Small Pack,1.99
U40467,2026-02-13,37,Premium Pack,19.99
U40999,2026-02-13,23,Monthly Pass,4.99
U41231,2026-02-13,18,Event Pack,14.99
U41600,2026-02-13,33,Cosmetic,29.99
U41858,2026-02-13,7,Cosmetic,9.99
U41957,2026-02-13,25,Small Pack,0.99
U42104,2026-02-13,3,Cosmetic,29.99
U42550,2026-02-13,22,Small Pack,2.99
U43632,2026-02-13,40,Premium Pack,99.99
U43765,2026-02-13,40,Small Pack,1.99
U44120,2026-02-13,18,Event Pack,9.99
U44202,2026-02-13,3,Monthly Pass,4.99
U44744,2026-02-13,0,Small Pack,0.99
U44772,2026-02-13,0,Premium Pack,49.99
U45273,2026-02-13,8,Cosmetic,29.99
U45322,2026-02-13,9,Small Pack,0.99
U47196,2026-02-13,6,Premium Pack,99.99
U47465,2026-02-13,40,Small Pack,0.99
U47741,2026-02-13,12,Premium Pack,19.99
U47940,2026-02-13,37,Event Pack,4.99
U48225,2026-02-13,10,Event Pack,9.99
U48303,2026-02-13,20,Monthly Pass,4.99
U48573,2026-02-13,18,Event Pack,9.99
U48670,2026-02-13,15,Cosmetic,19.99
U48864,2026-02-13,4,Event Pack,14.99
U49166,2026-02-13,0,Event Pack,9.99
U49562,2026-02-13,10,Premium Pack,19.99
U00234,2026-02-14,15,Monthly Pass,4.99
U00752,2026-02-14,4,Small Pack,1.99
U00787,2026-02-14,2,Small Pack,2.99
U00870,2026-02-14,14,Small Pack,1.99
U02906,2026-02-14,15,Small Pack,1.99
U03028,2026-02-14,12,Small Pack,0.99
U03141,2026-02-14,42,Small Pack,0.99
U03403,2026-02-14,6,Small Pack,1.99
U03835,2026-02-14,8,Small Pack,2.99
U04749,2026-02-14,15,Event Pack,9.99
U05398,2026-02-14,39,Monthly Pass,4.99
U05519,2026-02-14,24,Monthly Pass,4.99
U05941,2026-02-14,0,Premium Pack,99.99
U06144,2026-02-14,0,Small Pack,1.99
U06408,2026-02-14,34,Premium Pack,19.99
U07315,2026-02-14,11,Event Pack,9.99
U08395,2026-02-14,30,Event Pack,4.99
U09124,2026-02-14,4,Cosmetic,9.99
U09419,2026-02-14,0,Small Pack,0.99
U11030,2026-02-14,10,Small Pack,2.99
U11205,2026-02-14,1,Monthly Pass,4.99
U12389,2026-02-14,0,Event Pack,14.99
U12575,2026-02-14,13,Event Pack,4.99
U13356,2026-02-14,5,Cosmetic,19.99
U13374,2026-02-14,20,Small Pack,1.99
U13672,2026-02-14,20,Event Pack,9.99
U13974,2026-02-14,0,Monthly Pass,5.99
U14019,2026-02-14,24,Small Pack,2.99
U14521,2026-02-14,25,Monthly Pass,4.99
U14859,2026-02-14,17,Small Pack,0.99
U16420,2026-02-14,0,Small Pack,0.99
U16680,2026-02-14,41,Cosmetic,9.99
U17210,2026-02-14,42,Event Pack,14.99
U17338,2026-02-14,4,Event Pack,14.99
U18503,2026-02-14,11,Small Pack,0.99
U18730,2026-02-14,18,Cosmetic,9.99
U21335,2026-02-14,1,Cosmetic,29.99
U22455,2026-02-14,11,Small Pack,1.99
U22629,2026-02-14,6,Premium Pack,99.99
U22674,2026-02-14,1,Monthly Pass,4.99
U22969,2026-02-14,32,Event Pack,9.99
U23119,2026-02-14,16,Small Pack,2.99
U23500,2026-02-14,1,Event Pack,9.99
U23628,2026-02-14,4,Premium Pack,99.99
U24259,2026-02-14,0,Small Pack,0.99
U24648,2026-02-14,12,Event Pack,9.99
U24886,2026-02-14,13,Small Pack,0.99
U25345,2026-02-14,0,Small Pack,1.99
U26111,2026-02-14,4,Cosmetic,29.99
U26513,2026-02-14,32,Monthly Pass,4.99
U26779,2026-02-14,24,Small Pack,0.99
U26791,2026-02-14,14,Event Pack,4.99
U26904,2026-02-14,7,Small Pack,0.99
U27340,2026-02-14,16,Small Pack,1.99
U28934,2026-02-14,12,Cosmetic,19.99
U29577,2026-02-14,29,Monthly Pass,5.99
U29643,2026-02-14,19,Event Pack,9.99
U29825,2026-02-14,42,Event Pack,4.99
U30058,2026-02-14,4,Event Pack,14.99
U30613,2026-02-14,35,Monthly Pass,4.99
U31469,2026-02-14,2,Event Pack,14.99
U33434,2026-02-14,36,Premium Pack,19.99
U33690,2026-02-14,13,Small Pack,1.99
U34321,2026-02-14,6,Cosmetic,29.99
U34592,2026-02-14,1,Event Pack,4.99
U35202,2026-02-14,7,Monthly Pass,4.99
U35295,2026-02-14,10,Small Pack,2.99
U35977,2026-02-14,16,Cosmetic,29.99
U36342,2026-02-14,0,Monthly Pass,5.99
U36677,2026-02-14,3,Cosmetic,29.99
U38492,2026-02-14,23,Monthly Pass,4.99
U39667,2026-02-14,2,Event Pack,4.99
U40314,2026-02-14,25,Cosmetic,9.99
U40878,2026-02-14,39,Event Pack,14.99
U41095,2026-02-14,14,Monthly Pass,4.99
U41898,2026-02-14,33,Event Pack,14.99
U42856,2026-02-14,15,Premium Pack,99.99
U43168,2026-02-14,3,Monthly Pass,4.99
U43240,2026-02-14,24,Event Pack,4.99
U44033,2026-02-14,17,Monthly Pass,4.99
U44202,2026-02-14,4,Small Pack,0.99
U45549,2026-02-14,10,Event Pack,9.99
U46573,2026-02-14,4,Event Pack,9.99
U47330,2026-02-14,10,Premium Pack,99.99
U00068,2026-02-15,1,Monthly Pass,5.99
U00346,2026-02-15,6,Monthly Pass,5.99
U00653,2026-02-15,0,Monthly Pass,5.99
U01398,2026-02-15,24,Monthly Pass,5.99
U01811,2026-02-15,14,Small Pack,0.99
U02403,2026-02-15,17,Premium Pack,19.99
U02781,2026-02-15,44,Event Pack,9.99
U03002,2026-02-15,0,Cosmetic,29.99
U03725,2026-02-15,41,Cosmetic,19.99
U03743,2026-02-15,15,Cosmetic,29.99
U03860,2026-02-15,30,Small Pack,1.99
U04018,2026-02-15,3,Premium Pack,99.99
U04070,2026-02-15,27,Monthly Pass,4.99
U04566,2026-02-15,5,Cosmetic,19.99
U05182,2026-02-15,2,Cosmetic,19.99
U06361,2026-02-15,29,Small Pack,1.99
U07268,2026-02-15,16,Monthly Pass,4.99
U07782,2026-02-15,22,Premium Pack,19.99
U07784,2026-02-15,17,Event Pack,4.99
U07987,2026-02-15,0,Monthly Pass,5.99
U09183,2026-02-15,8,Monthly Pass,5.99
U09524,2026-02-15,38,Event Pack,4.99
U09866,2026-02-15,2,Monthly Pass,5.99
U11573,2026-02-15,39,Cosmetic,9.99
U12364,2026-02-15,45,Premium Pack,49.99
U13138,2026-02-15,6,Cosmetic,9.99
U14364,2026-02-15,21,Small Pack,1.99
U14470,2026-02-15,3,Monthly Pass,5.99
U14892,2026-02-15,45,Premium Pack,19.99
U15481,2026-02-15,12,Monthly Pass,4.99
U16373,2026-02-15,5,Small Pack,2.99
U16640,2026-02-15,22,Small Pack,0.99
U17619,2026-02-15,37,Event Pack,14.99
U18663,2026-02-15,0,Event Pack,4.99
U19083,2026-02-15,22,Event Pack,9.99
U19336,2026-02-15,21,Monthly Pass,4.99
U19841,2026-02-15,0,Event Pack,9.99
U20220,2026-02-15,44,Small Pack,0.99
U22518,2026-02-15,1,Small Pack,1.99
U23490,2026-02-15,21,Premium Pack,99.99
U23856,2026-02-15,8,Cosmetic,29.99
U25137,2026-02-15,1,Monthly Pass,5.99
U25773,2026-02-15,3,Small Pack,1.99
U25784,2026-02-15,32,Monthly Pass,5.99
U25845,2026-02-15,24,Cosmetic,19.99
U28639,2026-02-15,4,Event Pack,9.99
U28749,2026-02-15,31,Small Pack,1.99
U29509,2026-02-15,3,Premium Pack,49.99
U30276,2026-02-15,34,Cosmetic,29.99
U30475,2026-02-15,6,Small Pack,2.99
U30673,2026-02-15,5,Small Pack,2.99
U30728,2026-02-15,2,Cosmetic,29.99
U30732,2026-02-15,6,Monthly Pass,5.99
U30801,2026-02-15,40,Event Pack,9.99
U30906,2026-02-15,4,Small Pack,1.99
U30958,2026-02-15,9,Small Pack,2.99
U30996,2026-02-15,14,Cosmetic,19.99
U31231,2026-02-15,36,Small Pack,1.99
U32244,2026-02-15,0,Monthly Pass,4.99
U33184,2026-02-15,28,Cosmetic,9.99
U34368,2026-02-15,28,Event Pack,9.99
U35181,2026-02-15,14,Monthly Pass,5.99
U35233,2026-02-15,22,Small Pack,1.99
U35549,2026-02-15,15,Event Pack,9.99
U35984,2026-02-15,0,Event Pack,9.99
U36339,2026-02-15,18,Event Pack,14.99
U37123,2026-02-15,4,Small Pack,0.99
U37643,2026-02-15,31,Monthly Pass,4.99
U38428,2026-02-15,38,Small Pack,1.99
U38726,2026-02-15,22,Small Pack,2.99
U39131,2026-02-15,6,Monthly Pass,4.99
U39575,2026-02-15,35,Event Pack,14.99
U40156,2026-02-15,39,Cosmetic,19.99
U40312,2026-02-15,0,Event Pack,14.99
U41207,2026-02-15,0,Monthly Pass,5.99
U42209,2026-02-15,38,Cosmetic,19.99
U42211,2026-02-15,11,Monthly Pass,4.99
U42360,2026-02-15,10,Monthly Pass,5.99
U43200,2026-02-15,0,Monthly Pass,5.99
U43611,2026-02-15,14,Small Pack,2.99
U43874,2026-02-15,5,Small Pack,2.99
U45115,2026-02-15,2,Event Pack,4.99
U45721,2026-02-15,33,Small Pack,1.99
U45982,2026-02-15,1,Small Pack,0.99
U46085,2026-02-15,13,Small Pack,0.99
U48605,2026-02-15,31,Monthly Pass,5.99
U00082,2026-02-16,33,Small Pack,0.99
U00523,2026-02-16,2,Monthly Pass,4.99
U00712,2026-02-16,36,Small Pack,2.99
U00880,2026-02-16,42,Monthly Pass,5.99
U01920,2026-02-16,24,Small Pack,2.99
U01934,2026-02-16,8,Monthly Pass,4.99
U03445,2026-02-16,5,Small Pack,2.99
U03813,2026-02-16,8,Cosmetic,19.99
U04018,2026-02-16,4,Premium Pack,99.99
U04272,2026-02-16,12,Monthly Pass,5.99
U04312,2026-02-16,33,Cosmetic,19.99
U04459,2026-02-16,2,Premium Pack,49.99
U04604,2026-02-16,8,Cosmetic,9.99
U05075,2026-02-16,21,Small Pack,2.99
U06683,2026-02-16,44,Cosmetic,19.99
U06695,2026-02-16,9,Small Pack,0.99
U07364,2026-02-16,1,Event Pack,9.99
U09219,2026-02-16,0,Event Pack,4.99
U09247,2026-02-16,9,Cosmetic,29.99
U09417,2026-02-16,30,Cosmetic,9.99
U09783,2026-02-16,12,Monthly Pass,5.99
U10504,2026-02-16,3,Cosmetic,9.99
U12183,2026-02-16,19,Event Pack,9.99
U12417,2026-02-16,26,Event Pack,14.99
U12593,2026-02-16,14,Cosmetic,9.99
U12916,2026-02-16,0,Small Pack,0.99
U12922,2026-02-16,16,Small Pack,1.99
U13336,2026-02-16,26,Premium Pack,99.99
U14174,2026-02-16,26,Event Pack,9.99
U14929,2026-02-16,30,Event Pack,14.99
U14947,2026-02-16,0,Monthly Pass,5.99
U15387,2026-02-16,15,Event Pack,4.99
U15728,2026-02-16,34,Cosmetic,9.99
U16204,2026-02-16,45,Small Pack,2.99
U16600,2026-02-16,38,Event Pack,9.99
U17210,2026-02-16,44,Event Pack,14.99
U17370,2026-02-16,18,Event Pack,14.99
U17760,2026-02-16,0,Monthly Pass,5.99
U19531,2026-02-16,0,Cosmetic,9.99
U21137,2026-02-16,17,Event Pack,14.99
U21573,2026-02-16,2,Monthly Pass,4.99
U21771,2026-02-16,0,Small Pack,2.99
U22325,2026-02-16,16,Small Pack,2.99
U22353,2026-02-16,0,Event Pack,14.99
U22990,2026-02-16,3,Monthly Pass,4.99
U23655,2026-02-16,25,Cosmetic,19.99
U24312,2026-02-16,0,Small Pack,0.99
U24371,2026-02-16,33,Small Pack,2.99
U24548,2026-02-16,0,Small Pack,1.99
U24886,2026-02-16,15,Monthly Pass,4.99
U25130,2026-02-16,3,Premium Pack,99.99
U25193,2026-02-16,5,Small Pack,2.99
U25703,2026-02-16,41,Small Pack,0.99
U25710,2026-02-16,1,Premium Pack,99.99
U26514,2026-02-16,0,Cosmetic,19.99
U27377,2026-02-16,5,Small Pack,1.99
U27640,2026-02-16,46,Cosmetic,29.99
U27880,2026-02-16,3,Small Pack,0.99
U27931,2026-02-16,22,Premium Pack,19.99
U28599,2026-02-16,21,Cosmetic,9.99
U29416,2026-02-16,1,Event Pack,14.99
U31772,2026-02-16,5,Small Pack,0.99
U32411,2026-02-16,14,Event Pack,14.99
U33721,2026-02-16,5,Premium Pack,19.99
U35411,2026-02-16,9,Monthly Pass,4.99
U38530,2026-02-16,20,Cosmetic,29.99
U38636,2026-02-16,17,Cosmetic,29.99
U38888,2026-02-16,0,Small Pack,0.99
U39216,2026-02-16,14,Monthly Pass,5.99
U39887,2026-02-16,13,Small Pack,1.99
U40271,2026-02-16,3,Cosmetic,9.99
U40568,2026-02-16,0,Premium Pack,99.99
U42486,2026-02-16,22,Premium Pack,49.99
U42670,2026-02-16,8,Monthly Pass,4.99
U42856,2026-02-16,17,Small Pack,2.99
U43869,2026-02-16,41,Monthly Pass,4.99
U43880,2026-02-16,46,Small Pack,0.99
U44207,2026-02-16,7,Cosmetic,19.99
U44623,2026-02-16,44,Small Pack,0.99
U45642,2026-02-16,39,Event Pack,14.99
U45666,2026-02-16,0,Premium Pack,99.99
U46591,2026-02-16,9,Small Pack,1.99
U46727,2026-02-16,1,Small Pack,1.99
U47290,2026-02-16,38,Monthly Pass,5.99
U48058,2026-02-16,11,Monthly Pass,5.99
U49698,2026-02-16,28,Small Pack,0.99
U00013,2026-02-17,41,Event Pack,9.99
U00523,2026-02-17,3,Event Pack,4.99
U01252,2026-02-17,21,Event Pack,14.99
U01909,2026-02-17,11,Cosmetic,9.99
U01960,2026-02-17,42,Monthly Pass,4.99
U02165,2026-02-17,0,Small Pack,0.99
U02619,2026-02-17,0,Event Pack,4.99
U02781,2026-02-17,46,Small Pack,1.99
U02888,2026-02-17,11,Small Pack,0.99
U02980,2026-02-17,21,Event Pack,4.99
U04706,2026-02-17,22,Event Pack,14.99
U04791,2026-02-17,9,Monthly Pass,4.99
U04932,2026-02-17,40,Small Pack,1.99
U05328,2026-02-17,43,Event Pack,9.99
U05839,2026-02-17,28,Monthly Pass,4.99
U06008,2026-02-17,11,Small Pack,2.99
U06155,2026-02-17,17,Premium Pack,19.99
U06400,2026-02-17,9,Event Pack,4.99
U07248,2026-02-17,0,Cosmetic,9.99
U07315,2026-02-17,14,Small Pack,1.99
U09559,2026-02-17,36,Event Pack,9.99
U09621,2026-02-17,2,Event Pack,14.99
U10758,2026-02-17,5,Monthly Pass,4.99
U10925,2026-02-17,15,Monthly Pass,5.99
U11915,2026-02-17,33,Small Pack,1.99
U12760,2026-02-17,26,Small Pack,1.99
U12778,2026-02-17,36,Monthly Pass,4.99
U13216,2026-02-17,20,Event Pack,14.99
U13941,2026-02-17,38,Small Pack,0.99
U14156,2026-02-17,6,Small Pack,1.99
U14548,2026-02-17,10,Monthly Pass,5.99
U14840,2026-02-17,0,Event Pack,4.99
U15186,2026-02-17,37,Premium Pack,49.99
U15451,2026-02-17,38,Premium Pack,99.99
U16064,2026-02-17,4,Monthly Pass,5.99
U17210,2026-02-17,45,Event Pack,4.99
U17222,2026-02-17,11,Cosmetic,19.99
U17750,2026-02-17,37,Premium Pack,19.99
U17764,2026-02-17,0,Small Pack,1.99
U18281,2026-02-17,0,Event Pack,9.99
U18331,2026-02-17,14,Small Pack,0.99
U19696,2026-02-17,0,Small Pack,2.99
U19958,2026-02-17,19,Small Pack,0.99
U20146,2026-02-17,19,Event Pack,14.99
U20975,2026-02-17,24,Monthly Pass,5.99
U22168,2026-02-17,39,Monthly Pass,4.99
U22366,2026-02-17,5,Cosmetic,19.99
U22393,2026-02-17,29,Cosmetic,29.99
U22398,2026-02-17,0,Event Pack,4.99
U22453,2026-02-17,16,Cosmetic,19.99
U25406,2026-02-17,0,Cosmetic,19.99
U25588,2026-02-17,24,Cosmetic,9.99
U25792,2026-02-17,0,Monthly Pass,5.99
U26006,2026-02-17,0,Small Pack,1.99
U27516,2026-02-17,10,Monthly Pass,4.99
U27749,2026-02-17,0,Small Pack,1.99
U27919,2026-02-17,28,Premium Pack,49.99
U28926,2026-02-17,0,Cosmetic,29.99
U29222,2026-02-17,3,Monthly Pass,4.99
U29715,2026-02-17,8,Event Pack,4.99
U30657,2026-02-17,16,Small Pack,1.99
U30938,2026-02-17,10,Event Pack,9.99
U31158,2026-02-17,17,Monthly Pass,4.99
U31608,2026-02-17,6,Monthly Pass,5.99
U31702,2026-02-17,25,Small Pack,2.99
U33266,2026-02-17,11,Monthly Pass,4.99
U33451,2026-02-17,44,Monthly Pass,4.99
U34553,2026-02-17,46,Small Pack,2.99
U34892,2026-02-17,3,Premium Pack,99.99
U35202,2026-02-17,10,Monthly Pass,5.99
U36339,2026-02-17,20,Cosmetic,9.99
U36910,2026-02-17,30,Cosmetic,19.99
U36963,2026-02-17,0,Cosmetic,19.99
U37241,2026-02-17,16,Event Pack,4.99
U37382,2026-02-17,16,Cosmetic,29.99
U38213,2026-02-17,2,Monthly Pass,4.99
U38351,2026-02-17,13,Event Pack,4.99
U38738,2026-02-17,0,Cosmetic,19.99
U41319,2026-02-17,42,Event Pack,14.99
U41582,2026-02-17,11,Small Pack,0.99
U42002,2026-02-17,23,Event Pack,14.99
U42534,2026-02-17,3,Monthly Pass,5.99
U43166,2026-02-17,4,Event Pack,9.99
U43949,2026-02-17,28,Monthly Pass,4.99
U45176,2026-02-17,34,Premium Pack,19.99
U45484,2026-02-17,7,Small Pack,1.99
U45924,2026-02-17,19,Small Pack,1.99
U46780,2026-02-17,1,Monthly Pass,4.99
U48134,2026-02-17,15,Monthly Pass,4.99
U49602,2026-02-17,3,Small Pack,1.99
U49822,2026-02-17,2,Event Pack,4.99
U49839,2026-02-17,33,Premium Pack,49.99
U49843,2026-02-17,22,Event Pack,14.99
U00381,2026-02-18,8,Event Pack,4.99
U00709,2026-02-18,40,Small Pack,1.99
U02209,2026-02-18,13,Small Pack,2.99
U02610,2026-02-18,0,Monthly Pass,4.99
U03772,2026-02-18,11,Event Pack,14.99
U05588,2026-02-18,15,Monthly Pass,5.99
U05787,2026-02-18,31,Monthly Pass,5.99
U06519,2026-02-18,30,Event Pack,4.99
U07103,2026-02-18,22,Event Pack,14.99
U08214,2026-02-18,22,Event Pack,14.99
U08836,2026-02-18,13,Small Pack,1.99
U09303,2026-02-18,3,Monthly Pass,5.99
U11524,2026-02-18,0,Event Pack,4.99
U12091,2026-02-18,32,Event Pack,9.99
U12710,2026-02-18,21,Small Pack,2.99
U13068,2026-02-18,4,Premium Pack,99.99
U13832,2026-02-18,24,Premium Pack,99.99
U13914,2026-02-18,0,Monthly Pass,5.99
U14099,2026-02-18,0,Small Pack,1.99
U14891,2026-02-18,29,Monthly Pass,5.99
U15309,2026-02-18,26,Small Pack,2.99
U16913,2026-02-18,0,Small Pack,2.99
U17089,2026-02-18,43,Event Pack,4.99
U17099,2026-02-18,0,Monthly Pass,4.99
U17370,2026-02-18,20,Small Pack,0.99
U18054,2026-02-18,13,Small Pack,1.99
U18365,2026-02-18,0,Premium Pack,19.99
U19214,2026-02-18,4,Event Pack,9.99
U19363,2026-02-18,24,Premium Pack,49.99
U21005,2026-02-18,0,Event Pack,14.99
U21357,2026-02-18,2,Small Pack,0.99
U21406,2026-02-18,37,Small Pack,1.99
U22277,2026-02-18,13,Small Pack,2.99
U22334,2026-02-18,10,Event Pack,9.99
U22353,2026-02-18,2,Monthly Pass,4.99
U22560,2026-02-18,2,Small Pack,1.99
U22759,2026-02-18,0,Monthly Pass,5.99
U23202,2026-02-18,24,Small Pack,1.99
U23223,2026-02-18,0,Small Pack,0.99
U23404,2026-02-18,1,Premium Pack,19.99
U23463,2026-02-18,3,Small Pack,0.99
U24246,2026-02-18,3,Small Pack,1.99
U24260,2026-02-18,2,Premium Pack,19.99
U24708,2026-02-18,0,Cosmetic,19.99
U24850,2026-02-18,5,Event Pack,14.99
U25957,2026-02-18,7,Small Pack,1.99
U26743,2026-02-18,22,Small Pack,2.99
U27181,2026-02-18,0,Small Pack,1.99
U27340,2026-02-18,20,Monthly Pass,5.99
U27499,2026-02-18,24,Cosmetic,9.99
U28483,2026-02-18,13,Event Pack,4.99
U29760,2026-02-18,31,Event Pack,14.99
U29943,2026-02-18,13,Small Pack,1.99
U30163,2026-02-18,27,Event Pack,4.99
U30409,2026-02-18,29,Small Pack,2.99
U30728,2026-02-18,5,Cosmetic,9.99
U30962,2026-02-18,2,Small Pack,0.99
U31470,2026-02-18,5,Event Pack,14.99
U31487,2026-02-18,6,Premium Pack,49.99
U32085,2026-02-18,3,Event Pack,14.99
U33330,2026-02-18,0,Small Pack,0.99
U34375,2026-02-18,39,Small Pack,0.99
U34520,2026-02-18,1,Small Pack,0.99
U36287,2026-02-18,8,Small Pack,0.99
U36385,2026-02-18,27,Premium Pack,49.99
U36498,2026-02-18,40,Premium Pack,19.99
U36649,2026-02-18,0,Cosmetic,29.99
U37482,2026-02-18,13,Event Pack,4.99
U37827,2026-02-18,25,Event Pack,14.99
U37863,2026-02-18,41,Event Pack,9.99
U37975,2026-02-18,1,Premium Pack,99.99
U40096,2026-02-18,0,Event Pack,4.99
U41259,2026-02-18,1,Monthly Pass,4.99
U41471,2026-02-18,0,Event Pack,14.99
U42402,2026-02-18,4,Small Pack,2.99
U42448,2026-02-18,0,Premium Pack,19.99
U42736,2026-02-18,4,Monthly Pass,5.99
U43231,2026-02-18,0,Cosmetic,29.99
U45047,2026-02-18,39,Small Pack,0.99
U45115,2026-02-18,5,Event Pack,9.99
U46473,2026-02-18,2,Small Pack,0.99
U46482,2026-02-18,37,Monthly Pass,4.99
U47844,2026-02-18,10,Small Pack,2.99
U49042,2026-02-18,45,Small Pack,0.99
U00307,2026-02-19,34,Small Pack,0.99
U00400,2026-02-19,3,Small Pack,1.99
U00523,2026-02-19,5,Cosmetic,9.99
U00656,2026-02-19,37,Small Pack,2.99
U01907,2026-02-19,0,Small Pack,2.99
U01926,2026-02-19,1,Premium Pack,49.99
U02156,2026-02-19,28,Small Pack,2.99
U03783,2026-02-19,0,Monthly Pass,4.99
U04584,2026-02-19,2,Small Pack,2.99
U04960,2026-02-19,9,Event Pack,14.99
U05138,2026-02-19,0,Small Pack,1.99
U05409,2026-02-19,20,Cosmetic,29.99
U05551,2026-02-19,1,Monthly Pass,4.99
U07962,2026-02-19,8,Monthly Pass,5.99
U08626,2026-02-19,0,Small Pack,1.99
U09078,2026-02-19,40,Event Pack,4.99
U09395,2026-02-19,9,Cosmetic,29.99
U09524,2026-02-19,42,Small Pack,1.99
U09839,2026-02-19,3,Cosmetic,29.99
U09876,2026-02-19,0,Cosmetic,29.99
U10645,2026-02-19,3,Monthly Pass,5.99
U10727,2026-02-19,7,Event Pack,9.99
U12649,2026-02-19,3,Monthly Pass,4.99
U12797,2026-02-19,31,Small Pack,2.99
U13757,2026-02-19,42,Small Pack,2.99
U14210,2026-02-19,4,Small Pack,0.99
U14225,2026-02-19,0,Small Pack,1.99
U14772,2026-02-19,10,Event Pack,9.99
U14864,2026-02-19,1,Cosmetic,29.99
U15779,2026-02-19,5,Event Pack,4.99
U16109,2026-02-19,1,Event Pack,9.99
U16155,2026-02-19,2,Small Pack,1.99
U16373,2026-02-19,9,Small Pack,1.99
U16391,2026-02-19,46,Small Pack,1.99
U16823,2026-02-19,36,Small Pack,2.99
U16833,2026-02-19,28,Small Pack,0.99
U16940,2026-02-19,8,Event Pack,9.99
U17099,2026-02-19,1,Cosmetic,19.99
U17222,2026-02-19,13,Monthly Pass,5.99
U17271,2026-02-19,19,Monthly Pass,4.99
U17886,2026-02-19,1,Premium Pack,19.99
U18421,2026-02-19,5,Premium Pack,49.99
U18609,2026-02-19,38,Event Pack,4.99
U18874,2026-02-19,23,Small Pack,1.99
U18948,2026-02-19,13,Monthly Pass,5.99
U18975,2026-02-19,0,Cosmetic,9.99
U19161,2026-02-19,27,Monthly Pass,5.99
U19322,2026-02-19,4,Premium Pack,49.99
U20455,2026-02-19,41,Small Pack,2.99
U20506,2026-02-19,37,Event Pack,9.99
U20664,2026-02-19,3,Cosmetic,9.99
U21595,2026-02-19,0,Small Pack,1.99
U21650,2026-02-19,3,Small Pack,1.99
U22388,2026-02-19,0,Event Pack,9.99
U22885,2026-02-19,37,Premium Pack,99.99
U23014,2026-02-19,28,Event Pack,4.99
U23395,2026-02-19,6,Cosmetic,29.99
U24387,2026-02-19,45,Small Pack,2.99
U24642,2026-02-19,23,Cosmetic,19.99
U24887,2026-02-19,0,Event Pack,4.99
U25193,2026-02-19,8,Cosmetic,9.99
U25721,2026-02-19,4,Small Pack,2.99
U26222,2026-02-19,1,Small Pack,1.99
U26422,2026-02-19,34,Small Pack,2.99
U26680,2026-02-19,35,Event Pack,4.99
U27060,2026-02-19,21,Small Pack,2.99
U27142,2026-02-19,17,Monthly Pass,5.99
U27424,2026-02-19,2,Monthly Pass,4.99
U27796,2026-02-19,0,Event Pack,9.99
U28186,2026-02-19,45,Small Pack,2.99
U28732,2026-02-19,38,Cosmetic,19.99
U29361,2026-02-19,45,Small Pack,2.99
U29989,2026-02-19,4,Small Pack,1.99
U30506,2026-02-19,21,Small Pack,2.99
U31197,2026-02-19,4,Event Pack,4.99
U31314,2026-02-19,22,Event Pack,4.99
U31431,2026-02-19,4,Monthly Pass,4.99
U31817,2026-02-19,0,Monthly Pass,5.99
U32797,2026-02-19,21,Event Pack,9.99
U34433,2026-02-19,45,Premium Pack,99.99
U34687,2026-02-19,12,Small Pack,1.99
U35223,2026-02-19,7,Event Pack,9.99
U35948,2026-02-19,0,Cosmetic,29.99
U35950,2026-02-19,37,Small Pack,2.99
U36963,2026-02-19,2,Small Pack,0.99
U37871,2026-02-19,26,Monthly Pass,4.99
U37933,2026-02-19,2,Monthly Pass,4.99
U38050,2026-02-19,16,Monthly Pass,5.99
U38730,2026-02-19,44,Small Pack,0.99
U40026,2026-02-19,0,Event Pack,14.99
U40454,2026-02-19,12,Monthly Pass,5.99
U40740,2026-02-19,14,Event Pack,4.99
U40743,2026-02-19,16,Event Pack,14.99
U41808,2026-02-19,14,Event Pack,14.99
U42102,2026-02-19,14,Small Pack,0.99
U43505,2026-02-19,3,Cosmetic,29.99
U43611,2026-02-19,18,Cosmetic,9.99
U44760,2026-02-19,0,Monthly Pass,4.99
U44886,2026-02-19,2,Monthly Pass,5.99
U44899,2026-02-19,0,Monthly Pass,5.99
U45218,2026-02-19,0,Small Pack,0.99
U46049,2026-02-19,12,Monthly Pass,4.99
U46257,2026-02-19,0,Premium Pack,49.99
U46738,2026-02-19,35,Event Pack,14.99
U48562,2026-02-19,13,Small Pack,2.99
U48846,2026-02-19,5,Monthly Pass,4.99
U49742,2026-02-19,22,Event Pack,14.99
U00525,2026-02-20,42,Premium Pack,99.99
U00870,2026-02-20,20,Monthly Pass,4.99
U02556,2026-02-20,19,Premium Pack,49.99
U02925,2026-02-20,6,Small Pack,1.99
U02941,2026-02-20,23,Premium Pack,49.99
U04816,2026-02-20,0,Monthly Pass,4.99
U06291,2026-02-20,0,Monthly Pass,5.99
U06382,2026-02-20,50,Event Pack,4.99
U06424,2026-02-20,19,Premium Pack,19.99
U06464,2026-02-20,0,Monthly Pass,5.99
U06770,2026-02-20,13,Small Pack,2.99
U07717,2026-02-20,22,Monthly Pass,5.99
U07780,2026-02-20,37,Event Pack,14.99
U07882,2026-02-20,17,Monthly Pass,5.99
U07987,2026-02-20,5,Cosmetic,9.99
U08040,2026-02-20,15,Small Pack,2.99
U08458,2026-02-20,19,Small Pack,1.99
U08781,2026-02-20,18,Small Pack,0.99
U09482,2026-02-20,0,Event Pack,9.99
U10296,2026-02-20,9,Event Pack,14.99
U10388,2026-02-20,5,Small Pack,0.99
U10420,2026-02-20,35,Monthly Pass,4.99
U11168,2026-02-20,0,Monthly Pass,4.99
U12334,2026-02-20,1,Monthly Pass,4.99
U12630,2026-02-20,3,Monthly Pass,5.99
U13776,2026-02-20,12,Monthly Pass,5.99
U14464,2026-02-20,36,Small Pack,1.99
U14911,2026-02-20,34,Monthly Pass,5.99
U15849,2026-02-20,19,Event Pack,9.99
U15877,2026-02-20,11,Premium Pack,19.99
U16321,2026-02-20,25,Small Pack,1.99
U16933,2026-02-20,17,Event Pack,4.99
U18033,2026-02-20,9,Event Pack,14.99
U18295,2026-02-20,12,Event Pack,9.99
U18663,2026-02-20,5,Event Pack,9.99
U21253,2026-02-20,18,Small Pack,0.99
U21334,2026-02-20,38,Monthly Pass,4.99
U21595,2026-02-20,1,Small Pack,2.99
U22078,2026-02-20,47,Cosmetic,9.99
U22588,2026-02-20,0,Event Pack,14.99
U22931,2026-02-20,25,Event Pack,9.99
U23119,2026-02-20,22,Monthly Pass,4.99
U23515,2026-02-20,20,Premium Pack,19.99
U23801,2026-02-20,9,Small Pack,1.99
U23926,2026-02-20,0,Event Pack,9.99
U24246,2026-02-20,5,Monthly Pass,5.99
U24290,2026-02-20,26,Event Pack,14.99
U25057,2026-02-20,26,Small Pack,2.99
U25616,2026-02-20,26,Monthly Pass,4.99
U25683,2026-02-20,41,Monthly Pass,4.99
U25773,2026-02-20,8,Small Pack,0.99
U26537,2026-02-20,13,Premium Pack,49.99
U28477,2026-02-20,6,Monthly Pass,4.99
U29351,2026-02-20,14,Event Pack,9.99
U29508,2026-02-20,23,Event Pack,9.99
U29729,2026-02-20,27,Premium Pack,19.99
U29857,2026-02-20,35,Cosmetic,19.99
U30647,2026-02-20,5,Monthly Pass,4.99
U30716,2026-02-20,1,Small Pack,1.99
U30841,2026-02-20,44,Premium Pack,99.99
U31316,2026-02-20,0,Event Pack,9.99
U31368,2026-02-20,25,Cosmetic,29.99
U32008,2026-02-20,14,Monthly Pass,4.99
U33161,2026-02-20,42,Small Pack,0.99
U33422,2026-02-20,42,Monthly Pass,5.99
U33467,2026-02-20,16,Event Pack,14.99
U34372,2026-02-20,3,Event Pack,9.99
U34375,2026-02-20,41,Event Pack,9.99
U34906,2026-02-20,0,Premium Pack,49.99
U34917,2026-02-20,26,Monthly Pass,5.99
U35545,2026-02-20,24,Cosmetic,19.99
U35565,2026-02-20,36,Event Pack,14.99
U35948,2026-02-20,1,Small Pack,2.99
U36565,2026-02-20,9,Event Pack,14.99
U36963,2026-02-20,3,Cosmetic,9.99
U37234,2026-02-20,9,Event Pack,14.99
U38188,2026-02-20,19,Small Pack,2.99
U39789,2026-02-20,21,Monthly Pass,4.99
U40095,2026-02-20,0,Premium Pack,19.99
U40416,2026-02-20,9,Cosmetic,29.99
U40807,2026-02-20,22,Premium Pack,49.99
U41491,2026-02-20,49,Event Pack,9.99
U41915,2026-02-20,37,Premium Pack,49.99
U42631,2026-02-20,0,Small Pack,0.99
U43070,2026-02-20,40,Premium Pack,19.99
U43330,2026-02-20,14,Monthly Pass,4.99
U43591,2026-02-20,11,Cosmetic,29.99
U43776,2026-02-20,1,Event Pack,4.99
U43961,2026-02-20,26,Event Pack,14.99
U44133,2026-02-20,6,Small Pack,0.99
U45854,2026-02-20,17,Event Pack,14.99
U47568,2026-02-20,4,Small Pack,0.99
U48323,2026-02-20,0,Event Pack,4.99
U49408,2026-02-20,0,Premium Pack,99.99
U49425,2026-02-20,31,Event Pack,4.99
U00468,2026-02-21,40,Event Pack,14.99
U01509,2026-02-21,12,Monthly Pass,5.99
U04066,2026-02-21,38,Cosmetic,19.99
U04234,2026-02-21,51,Small Pack,2.99
U04960,2026-02-21,11,Premium Pack,49.99
U05944,2026-02-21,24,Cosmetic,29.99
U07382,2026-02-21,12,Small Pack,0.99
U08189,2026-02-21,2,Event Pack,4.99
U08451,2026-02-21,15,Small Pack,2.99
U08479,2026-02-21,12,Event Pack,14.99
U08690,2026-02-21,17,Event Pack,9.99
U09482,2026-02-21,1,Small Pack,0.99
U09685,2026-02-21,3,Monthly Pass,4.99
U09949,2026-02-21,25,Cosmetic,9.99
U10343,2026-02-21,7,Event Pack,14.99
U12219,2026-02-21,0,Event Pack,9.99
U12854,2026-02-21,11,Cosmetic,19.99
U13535,2026-02-21,1,Monthly Pass,4.99
U14061,2026-02-21,0,Event Pack,14.99
U14337,2026-02-21,44,Event Pack,4.99
U14620,2026-02-21,6,Cosmetic,19.99
U14754,2026-02-21,17,Event Pack,4.99
U15288,2026-02-21,12,Cosmetic,9.99
U15638,2026-02-21,41,Monthly Pass,4.99
U15654,2026-02-21,7,Small Pack,1.99
U15905,2026-02-21,17,Event Pack,14.99
U15907,2026-02-21,0,Premium Pack,99.99
U17126,2026-02-21,0,Event Pack,9.99
U17265,2026-02-21,0,Event Pack,14.99
U17651,2026-02-21,10,Monthly Pass,4.99
U18168,2026-02-21,51,Small Pack,2.99
U18633,2026-02-21,29,Small Pack,2.99
U18861,2026-02-21,18,Event Pack,4.99
U19478,2026-02-21,6,Small Pack,0.99
U20575,2026-02-21,3,Monthly Pass,4.99
U20771,2026-02-21,16,Small Pack,2.99
U21357,2026-02-21,5,Cosmetic,19.99
U22063,2026-02-21,22,Premium Pack,19.99
U22629,2026-02-21,13,Small Pack,2.99
U22999,2026-02-21,50,Small Pack,1.99
U23193,2026-02-21,43,Small Pack,1.99
U23929,2026-02-21,37,Premium Pack,19.99
U24194,2026-02-21,1,Premium Pack,49.99
U24215,2026-02-21,20,Event Pack,9.99
U24252,2026-02-21,44,Small Pack,1.99
U24270,2026-02-21,9,Event Pack,14.99
U24775,2026-02-21,1,Small Pack,0.99
U25011,2026-02-21,1,Small Pack,2.99
U25939,2026-02-21,3,Small Pack,2.99
U25942,2026-02-21,30,Cosmetic,19.99
U26576,2026-02-21,2,Cosmetic,29.99
U26810,2026-02-21,17,Cosmetic,29.99
U27337,2026-02-21,4,Event Pack,4.99
U27582,2026-02-21,29,Small Pack,1.99
U27684,2026-02-21,31,Event Pack,14.99
U28732,2026-02-21,40,Event Pack,9.99
U29170,2026-02-21,39,Premium Pack,49.99
U30383,2026-02-21,2,Monthly Pass,5.99
U30784,2026-02-21,0,Small Pack,1.99
U31645,2026-02-21,5,Premium Pack,49.99
U32431,2026-02-21,17,Small Pack,2.99
U32978,2026-02-21,34,Monthly Pass,4.99
U33228,2026-02-21,50,Premium Pack,49.99
U34188,2026-02-21,26,Monthly Pass,4.99
U36029,2026-02-21,0,Small Pack,0.99
U36193,2026-02-21,4,Monthly Pass,4.99
U36382,2026-02-21,50,Cosmetic,9.99
U38309,2026-02-21,34,Cosmetic,19.99
U38344,2026-02-21,2,Monthly Pass,5.99
U38579,2026-02-21,27,Small Pack,0.99
U39368,2026-02-21,38,Small Pack,0.99
U40267,2026-02-21,5,Event Pack,14.99
U41194,2026-02-21,24,Small Pack,1.99
U41208,2026-02-21,3,Small Pack,0.99
U41257,2026-02-21,0,Monthly Pass,4.99
U41523,2026-02-21,13,Cosmetic,19.99
U43537,2026-02-21,38,Small Pack,2.99
U43683,2026-02-21,39,Small Pack,0.99
U46937,2026-02-21,0,Event Pack,4.99
U47421,2026-02-21,2,Cosmetic,19.99
U47746,2026-02-21,22,Cosmetic,9.99
U48153,2026-02-21,2,Cosmetic,9.99
U48490,2026-02-21,39,Cosmetic,29.99
U49534,2026-02-21,9,Small Pack,0.99
U49758,2026-02-21,0,Small Pack,2.99
U49828,2026-02-21,4,Cosmetic,9.99
U00525,2026-02-22,44,Cosmetic,9.99
U00552,2026-02-22,37,Event Pack,9.99
U01226,2026-02-22,1,Small Pack,1.99
U02110,2026-02-22,43,Event Pack,14.99
U02137,2026-02-22,0,Event Pack,14.99
U02558,2026-02-22,2,Small Pack,0.99
U02763,2026-02-22,43,Premium Pack,99.99
U02779,2026-02-22,17,Monthly Pass,5.99
U02875,2026-02-22,0,Premium Pack,49.99
U03301,2026-02-22,43,Small Pack,0.99
U03311,2026-02-22,51,Monthly Pass,4.99
U03976,2026-02-22,16,Cosmetic,29.99
U04324,2026-02-22,29,Cosmetic,9.99
U04690,2026-02-22,2,Event Pack,4.99
U04793,2026-02-22,19,Small Pack,2.99
U05104,2026-02-22,33,Small Pack,1.99
U05138,2026-02-22,3,Event Pack,4.99
U06816,2026-02-22,3,Monthly Pass,4.99
U08012,2026-02-22,12,Monthly Pass,5.99
U08107,2026-02-22,5,Small Pack,1.99
U08261,2026-02-22,42,Small Pack,1.99
U08280,2026-02-22,0,Small Pack,2.99
U08548,2026-02-22,6,Monthly Pass,4.99
U09370,2026-02-22,10,Small Pack,0.99
U09377,2026-02-22,4,Monthly Pass,5.99
U09559,2026-02-22,41,Monthly Pass,5.99
U10545,2026-02-22,2,Cosmetic,19.99
U10943,2026-02-22,5,Monthly Pass,5.99
U10944,2026-02-22,18,Small Pack,2.99
U11398,2026-02-22,2,Premium Pack,99.99
U11771,2026-02-22,19,Cosmetic,29.99
U12034,2026-02-22,47,Cosmetic,9.99
U12347,2026-02-22,0,Small Pack,2.99
U13430,2026-02-22,15,Small Pack,1.99
U14864,2026-02-22,4,Small Pack,2.99
U15501,2026-02-22,52,Small Pack,2.99
U16784,2026-02-22,32,Premium Pack,99.99
U17377,2026-02-22,0,Premium Pack,49.99
U19838,2026-02-22,43,Monthly Pass,5.99
U19902,2026-02-22,4,Small Pack,1.99
U20101,2026-02-22,30,Small Pack,1.99
U20236,2026-02-22,7,Monthly Pass,5.99
U20982,2026-02-22,0,Event Pack,14.99
U21303,2026-02-22,2,Premium Pack,99.99
U22101,2026-02-22,9,Small Pack,1.99
U22919,2026-02-22,2,Small Pack,0.99
U23324,2026-02-22,49,Event Pack,4.99
U23624,2026-02-22,10,Small Pack,2.99
U24319,2026-02-22,12,Small Pack,0.99
U24755,2026-02-22,0,Event Pack,14.99
U25406,2026-02-22,5,Small Pack,1.99
U25454,2026-02-22,3,Cosmetic,29.99
U25549,2026-02-22,3,Small Pack,1.99
U25710,2026-02-22,7,Event Pack,9.99
U25972,2026-02-22,15,Small Pack,1.99
U26222,2026-02-22,4,Premium Pack,99.99
U26348,2026-02-22,40,Small Pack,0.99
U27455,2026-02-22,8,Cosmetic,9.99
U28732,2026-02-22,41,Monthly Pass,4.99
U28853,2026-02-22,46,Small Pack,0.99
U30446,2026-02-22,4,Cosmetic,29.99
U30507,2026-02-22,14,Event Pack,4.99
U30911,2026-02-22,18,Event Pack,4.99
U31906,2026-02-22,24,Premium Pack,49.99
U31983,2026-02-22,26,Monthly Pass,5.99
U32398,2026-02-22,35,Monthly Pass,4.99
U33614,2026-02-22,0,Small Pack,2.99
U35154,2026-02-22,14,Event Pack,14.99
U35194,2026-02-22,14,Cosmetic,29.99
U35769,2026-02-22,42,Event Pack,4.99
U35824,2026-02-22,11,Event Pack,14.99
U36831,2026-02-22,36,Small Pack,2.99
U37044,2026-02-22,2,Small Pack,2.99
U38083,2026-02-22,40,Monthly Pass,4.99
U38430,2026-02-22,10,Monthly Pass,4.99
U38627,2026-02-22,33,Small Pack,0.99
U38644,2026-02-22,3,Event Pack,4.99
U39898,2026-02-22,51,Event Pack,4.99
U39909,2026-02-22,15,Monthly Pass,5.99
U40096,2026-02-22,4,Monthly Pass,4.99
U40291,2026-02-22,1,Cosmetic,29.99
U40329,2026-02-22,11,Event Pack,4.99
U40420,2026-02-22,23,Event Pack,14.99
U40913,2026-02-22,11,Cosmetic,19.99
U41796,2026-02-22,6,Small Pack,0.99
U42324,2026-02-22,2,Monthly Pass,4.99
U42873,2026-02-22,50,Monthly Pass,4.99
U43159,2026-02-22,41,Cosmetic,29.99
U43201,2026-02-22,1,Event Pack,4.99
U43564,2026-02-22,3,Cosmetic,19.99
U43935,2026-02-22,13,Event Pack,14.99
U43955,2026-02-22,42,Event Pack,14.99
U45590,2026-02-22,0,Monthly Pass,4.99
U45603,2026-02-22,2,Event Pack,14.99
U46237,2026-02-22,51,Monthly Pass,4.99
U48314,2026-02-22,0,Event Pack,4.99
U49523,2026-02-22,26,Small Pack,1.99
U00157,2026-02-23,34,Small Pack,1.99
U01102,2026-02-23,11,Small Pack,1.99
U02222,2026-02-23,17,Small Pack,2.99
U02275,2026-02-23,13,Cosmetic,19.99
U02783,2026-02-23,4,Event Pack,4.99
U02848,2026-02-23,52,Cosmetic,9.99
U03835,2026-02-23,17,Cosmetic,9.99
U04023,2026-02-23,12,Cosmetic,9.99
U04589,2026-02-23,20,Monthly Pass,4.99
U04657,2026-02-23,6,Event Pack,9.99
U04859,2026-02-23,46,Event Pack,14.99
U05591,2026-02-23,49,Event Pack,9.99
U06292,2026-02-23,2,Event Pack,14.99
U06426,2026-02-23,6,Cosmetic,19.99
U07324,2026-02-23,23,Event Pack,4.99
U08880,2026-02-23,0,Event Pack,14.99
U09058,2026-02-23,22,Premium Pack,49.99
U09105,2026-02-23,7,Monthly Pass,5.99
U09387,2026-02-23,40,Small Pack,0.99
U09493,2026-02-23,21,Event Pack,14.99
U10151,2026-02-23,23,Event Pack,9.99
U10570,2026-02-23,2,Small Pack,0.99
U11628,2026-02-23,21,Event Pack,14.99
U11699,2026-02-23,8,Monthly Pass,5.99
U12861,2026-02-23,4,Small Pack,2.99
U13535,2026-02-23,3,Event Pack,14.99
U13875,2026-02-23,6,Cosmetic,29.99
U14489,2026-02-23,0,Event Pack,4.99
U14911,2026-02-23,37,Cosmetic,29.99
U15136,2026-02-23,19,Small Pack,0.99
U15262,2026-02-23,23,Event Pack,14.99
U15862,2026-02-23,0,Cosmetic,9.99
U17085,2026-02-23,0,Small Pack,1.99
U17179,2026-02-23,4,Small Pack,2.99
U18187,2026-02-23,4,Premium Pack,19.99
U20376,2026-02-23,25,Event Pack,14.99
U20664,2026-02-23,7,Small Pack,0.99
U21314,2026-02-23,9,Small Pack,2.99
U21406,2026-02-23,42,Event Pack,4.99
U21753,2026-02-23,17,Event Pack,4.99
U22453,2026-02-23,22,Small Pack,1.99
U24231,2026-02-23,1,Cosmetic,19.99
U25042,2026-02-23,30,Small Pack,1.99
U25401,2026-02-23,13,Small Pack,0.99
U26081,2026-02-23,0,Monthly Pass,5.99
U26637,2026-02-23,15,Event Pack,14.99
U26810,2026-02-23,19,Premium Pack,49.99
U27424,2026-02-23,6,Event Pack,14.99
U28513,2026-02-23,3,Premium Pack,19.99
U28516,2026-02-23,39,Small Pack,1.99
U29343,2026-02-23,13,Monthly Pass,4.99
U30157,2026-02-23,42,Event Pack,4.99
U30202,2026-02-23,11,Event Pack,14.99
U31430,2026-02-23,7,Event Pack,4.99
U31459,2026-02-23,1,Event Pack,9.99
U31848,2026-02-23,40,Event Pack,14.99
U31874,2026-02-23,40,Event Pack,4.99
U31901,2026-02-23,1,Small Pack,2.99
U32189,2026-02-23,0,Cosmetic,29.99
U32252,2026-02-23,35,Cosmetic,19.99
U32299,2026-02-23,9,Premium Pack,99.99
U32633,2026-02-23,3,Small Pack,2.99
U32757,2026-02-23,3,Small Pack,0.99
U32854,2026-02-23,2,Small Pack,1.99
U34237,2026-02-23,47,Monthly Pass,4.99
U34311,2026-02-23,0,Small Pack,0.99
U34447,2026-02-23,3,Small Pack,1.99
U35340,2026-02-23,27,Monthly Pass,4.99
U35485,2026-02-23,34,Monthly Pass,4.99
U35687,2026-02-23,0,Small Pack,2.99
U35709,2026-02-23,40,Premium Pack,19.99
U36703,2026-02-23,7,Small Pack,0.99
U36907,2026-02-23,0,Small Pack,2.99
U36963,2026-02-23,6,Cosmetic,19.99
U37120,2026-02-23,2,Event Pack,9.99
U37244,2026-02-23,35,Small Pack,2.99
U37878,2026-02-23,16,Cosmetic,19.99
U39290,2026-02-23,8,Monthly Pass,4.99
U40467,2026-02-23,47,Cosmetic,9.99
U40626,2026-02-23,14,Small Pack,0.99
U41120,2026-02-23,8,Small Pack,1.99
U41180,2026-02-23,35,Monthly Pass,4.99
U41491,2026-02-23,52,Cosmetic,29.99
U42178,2026-02-23,24,Small Pack,1.99
U42211,2026-02-23,19,Monthly Pass,4.99
U42324,2026-02-23,3,Small Pack,1.99
U43208,2026-02-23,29,Small Pack,0.99
U43564,2026-02-23,4,Event Pack,9.99
U45109,2026-02-23,4,Event Pack,9.99
U46552,2026-02-23,4,Event Pack,4.99
U46653,2026-02-23,0,Event Pack,9.99
U46722,2026-02-23,41,Small Pack,0.99
U47691,2026-02-23,3,Event Pack,9.99
U48669,2026-02-23,41,Monthly Pass,5.99
U49408,2026-02-23,3,Monthly Pass,4.99
U49603,2026-02-23,12,Small Pack,1.99
U00192,2026-02-24,48,Premium Pack,99.99
U00224,2026-02-24,3,Event Pack,9.99
U00377,2026-02-24,45,Cosmetic,9.99
U00523,2026-02-24,10,Small Pack,0.99
U02397,2026-02-24,24,Monthly Pass,5.99
U03853,2026-02-24,34,Event Pack,14.99
U04135,2026-02-24,7,Event Pack,9.99
U04564,2026-02-24,0,Premium Pack,49.99
U04749,2026-02-24,25,Premium Pack,49.99
U04814,2026-02-24,37,Event Pack,14.99
U06353,2026-02-24,11,Monthly Pass,4.99
U07697,2026-02-24,18,Event Pack,4.99
U07726,2026-02-24,7,Small Pack,2.99
U07866,2026-02-24,18,Small Pack,0.99
U08155,2026-02-24,46,Cosmetic,9.99
U08653,2026-02-24,37,Small Pack,2.99
U10249,2026-02-24,0,Cosmetic,29.99
U10688,2026-02-24,11,Small Pack,2.99
U10989,2026-02-24,11,Event Pack,4.99
U12088,2026-02-24,3,Monthly Pass,4.99
U12196,2026-02-24,4,Monthly Pass,5.99
U12404,2026-02-24,15,Small Pack,1.99
U12411,2026-02-24,8,Premium Pack,99.99
U12916,2026-02-24,8,Premium Pack,19.99
U13133,2026-02-24,29,Monthly Pass,4.99
U13246,2026-02-24,28,Cosmetic,19.99
U14049,2026-02-24,8,Cosmetic,29.99
U14456,2026-02-24,34,Cosmetic,29.99
U14775,2026-02-24,3,Premium Pack,99.99
U15388,2026-02-24,3,Small Pack,0.99
U16545,2026-02-24,18,Monthly Pass,4.99
U16556,2026-02-24,2,Small Pack,2.99
U16631,2026-02-24,23,Monthly Pass,4.99
U16993,2026-02-24,3,Event Pack,9.99
U17374,2026-02-24,1,Premium Pack,99.99
U17680,2026-02-24,42,Small Pack,2.99
U17911,2026-02-24,8,Event Pack,4.99
U18053,2026-02-24,42,Small Pack,1.99
U18391,2026-02-24,9,Small Pack,1.99
U18436,2026-02-24,23,Cosmetic,19.99
U20200,2026-02-24,5,Event Pack,9.99
U20642,2026-02-24,12,Cosmetic,19.99
U21921,2026-02-24,2,Premium Pack,19.99
U22244,2026-02-24,48,Monthly Pass,5.99
U22426,2026-02-24,37,Cosmetic,29.99
U22672,2026-02-24,2,Premium Pack,99.99
U22824,2026-02-24,10,Monthly Pass,5.99
U23364,2026-02-24,24,Small Pack,2.99
U23807,2026-02-24,50,Premium Pack,49.99
U23819,2026-02-24,3,Small Pack,1.99
U25406,2026-02-24,7,Monthly Pass,5.99
U25423,2026-02-24,8,Cosmetic,19.99
U25802,2026-02-24,0,Small Pack,0.99
U25845,2026-02-24,33,Monthly Pass,5.99
U25933,2026-02-24,2,Cosmetic,29.99
U26111,2026-02-24,14,Small Pack,0.99
U26156,2026-02-24,0,Monthly Pass,4.99
U26173,2026-02-24,5,Premium Pack,19.99
U26191,2026-02-24,0,Monthly Pass,5.99
U26576,2026-02-24,5,Cosmetic,29.99
U26623,2026-02-24,19,Monthly Pass,5.99
U27011,2026-02-24,12,Small Pack,2.99
U27040,2026-02-24,48,Small Pack,1.99
U27065,2026-02-24,0,Monthly Pass,4.99
U27247,2026-02-24,16,Event Pack,9.99
U27534,2026-02-24,2,Monthly Pass,4.99
U27884,2026-02-24,48,Small Pack,1.99
U28545,2026-02-24,9,Cosmetic,9.99
U28864,2026-02-24,18,Monthly Pass,5.99
U29044,2026-02-24,30,Event Pack,14.99
U29343,2026-02-24,14,Event Pack,4.99
U29465,2026-02-24,39,Small Pack,0.99
U30008,2026-02-24,5,Premium Pack,19.99
U30014,2026-02-24,48,Small Pack,2.99
U30029,2026-02-24,0,Monthly Pass,5.99
U31385,2026-02-24,21,Event Pack,14.99
U31459,2026-02-24,2,Small Pack,2.99
U31571,2026-02-24,33,Monthly Pass,5.99
U31813,2026-02-24,30,Event Pack,14.99
U32016,2026-02-24,29,Monthly Pass,4.99
U32084,2026-02-24,37,Event Pack,9.99
U32189,2026-02-24,1,Cosmetic,19.99
U32723,2026-02-24,0,Event Pack,14.99
U33545,2026-02-24,54,Monthly Pass,5.99
U33553,2026-02-24,31,Monthly Pass,5.99
U33619,2026-02-24,25,Small Pack,2.99
U34119,2026-02-24,30,Small Pack,1.99
U34463,2026-02-24,24,Event Pack,14.99
U35056,2026-02-24,5,Cosmetic,19.99
U35999,2026-02-24,2,Small Pack,1.99
U36691,2026-02-24,29,Cosmetic,29.99
U36817,2026-02-24,11,Event Pack,9.99
U37846,2026-02-24,12,Event Pack,4.99
U37946,2026-02-24,12,Event Pack,14.99
U38225,2026-02-24,49,Monthly Pass,5.99
U39605,2026-02-24,54,Premium Pack,99.99
U40232,2026-02-24,3,Small Pack,0.99
U41824,2026-02-24,18,Small Pack,1.99
U42162,2026-02-24,31,Event Pack,4.99
U42384,2026-02-24,54,Small Pack,0.99
U42910,2026-02-24,0,Small Pack,2.99
U42970,2026-02-24,17,Small Pack,2.99
U43553,2026-02-24,31,Cosmetic,9.99
U43712,2026-02-24,43,Premium Pack,49.99
U43935,2026-02-24,15,Event Pack,4.99
U44359,2026-02-24,2,Cosmetic,9.99
U44450,2026-02-24,37,Small Pack,2.99
U44472,2026-02-24,30,Small Pack,1.99
U44649,2026-02-24,37,Small Pack,0.99
U46018,2026-02-24,29,Event Pack,4.99
U46419,2026-02-24,18,Cosmetic,9.99
U46480,2026-02-24,29,Premium Pack,19.99
U46661,2026-02-24,52,Cosmetic,19.99
U47123,2026-02-24,7,Small Pack,0.99
U47357,2026-02-24,32,Monthly Pass,4.99
U48323,2026-02-24,4,Monthly Pass,4.99
U49427,2026-02-24,28,Cosmetic,29.99
U49582,2026-02-24,36,Premium Pack,99.99
U00057,2026-02-25,5,Small Pack,0.99
U03357,2026-02-25,50,Event Pack,4.99
U03908,2026-02-25,39,Event Pack,4.99
U04363,2026-02-25,54,Event Pack,9.99
U04735,2026-02-25,32,Event Pack,4.99
U05298,2026-02-25,4,Monthly Pass,5.99
U05331,2026-02-25,0,Event Pack,14.99
U05663,2026-02-25,3,Small Pack,0.99
U05699,2026-02-25,45,Premium Pack,19.99
U07118,2026-02-25,7,Cosmetic,19.99
U07218,2026-02-25,34,Event Pack,4.99
U07763,2026-02-25,0,Monthly Pass,4.99
U07815,2026-02-25,0,Event Pack,4.99
U07881,2026-02-25,19,Event Pack,14.99
U08599,2026-02-25,24,Monthly Pass,5.99
U09437,2026-02-25,45,Monthly Pass,5.99
U11152,2026-02-25,23,Small Pack,1.99
U11266,2026-02-25,26,Small Pack,2.99
U11587,2026-02-25,9,Cosmetic,29.99
U12435,2026-02-25,23,Monthly Pass,4.99
U12703,2026-02-25,13,Event Pack,9.99
U14831,2026-02-25,50,Monthly Pass,4.99
U15026,2026-02-25,12,Monthly Pass,5.99
U15474,2026-02-25,28,Small Pack,0.99
U15650,2026-02-25,48,Small Pack,2.99
U16220,2026-02-25,11,Small Pack,0.99
U16394,2026-02-25,10,Event Pack,4.99
U16945,2026-02-25,6,Premium Pack,19.99
U16993,2026-02-25,4,Premium Pack,19.99
U17577,2026-02-25,10,Premium Pack,49.99
U17953,2026-02-25,14,Event Pack,4.99
U18671,2026-02-25,49,Small Pack,1.99
U18933,2026-02-25,4,Event Pack,14.99
U19700,2026-02-25,0,Premium Pack,49.99
U19862,2026-02-25,10,Small Pack,0.99
U20206,2026-02-25,50,Monthly Pass,5.99
U21195,2026-02-25,49,Premium Pack,19.99
U21317,2026-02-25,0,Event Pack,4.99
U21464,2026-02-25,14,Cosmetic,19.99
U21761,2026-02-25,9,Small Pack,1.99
U22455,2026-02-25,22,Event Pack,4.99
U23000,2026-02-25,0,Monthly Pass,4.99
U23247,2026-02-25,6,Small Pack,2.99
U23364,2026-02-25,25,Small Pack,2.99
U23601,2026-02-25,37,Premium Pack,19.99
U23801,2026-02-25,14,Cosmetic,29.99
U24548,2026-02-25,9,Event Pack,9.99
U24850,2026-02-25,12,Small Pack,2.99
U25537,2026-02-25,0,Event Pack,14.99
U25541,2026-02-25,14,Premium Pack,99.99
U26006,2026-02-25,8,Monthly Pass,5.99
U26426,2026-02-25,10,Event Pack,9.99
U27063,2026-02-25,52,Monthly Pass,5.99
U28217,2026-02-25,0,Event Pack,14.99
U28513,2026-02-25,5,Premium Pack,19.99
U28839,2026-02-25,2,Event Pack,4.99
U29363,2026-02-25,12,Small Pack,1.99
U29861,2026-02-25,40,Monthly Pass,4.99
U30106,2026-02-25,1,Event Pack,9.99
U30279,2026-02-25,0,Small Pack,2.99
U30521,2026-02-25,2,Monthly Pass,4.99
U30653,2026-02-25,55,Small Pack,0.99
U30811,2026-02-25,42,Monthly Pass,4.99
U31406,2026-02-25,25,Event Pack,9.99
U31893,2026-02-25,0,Small Pack,0.99
U32342,2026-02-25,46,Small Pack,1.99
U32478,2026-02-25,24,Event Pack,14.99
U32641,2026-02-25,6,Small Pack,0.99
U32915,2026-02-25,5,Premium Pack,19.99
U33619,2026-02-25,26,Monthly Pass,5.99
U33761,2026-02-25,4,Monthly Pass,4.99
U33854,2026-02-25,18,Small Pack,1.99
U34144,2026-02-25,14,Monthly Pass,5.99
U35233,2026-02-25,32,Premium Pack,49.99
U36766,2026-02-25,9,Cosmetic,19.99
U37120,2026-02-25,4,Cosmetic,19.99
U37735,2026-02-25,2,Event Pack,4.99
U38030,2026-02-25,0,Small Pack,2.99
U38050,2026-02-25,22,Event Pack,14.99
U38621,2026-02-25,45,Event Pack,14.99
U38986,2026-02-25,2,Small Pack,0.99
U39009,2026-02-25,23,Event Pack,9.99
U39012,2026-02-25,0,Cosmetic,9.99
U39272,2026-02-25,25,Small Pack,2.99
U39676,2026-02-25,47,Cosmetic,9.99
U39971,2026-02-25,48,Monthly Pass,5.99
U39997,2026-02-25,26,Event Pack,14.99
U41738,2026-02-25,14,Event Pack,4.99
U42389,2026-02-25,31,Small Pack,0.99
U43651,2026-02-25,0,Small Pack,1.99
U45057,2026-02-25,0,Monthly Pass,5.99
U45165,2026-02-25,8,Cosmetic,19.99
U46116,2026-02-25,37,Premium Pack,49.99
U46552,2026-02-25,6,Small Pack,2.99
U46678,2026-02-25,10,Event Pack,9.99
U46714,2026-02-25,13,Premium Pack,99.99
U47099,2026-02-25,55,Event Pack,9.99
U47295,2026-02-25,31,Event Pack,14.99
U47778,2026-02-25,7,Small Pack,0.99
U47807,2026-02-25,0,Premium Pack,19.99
U47827,2026-02-25,0,Cosmetic,29.99
U48614,2026-02-25,0,Small Pack,2.99
U48915,2026-02-25,25,Cosmetic,29.99
U49083,2026-02-25,5,Small Pack,2.99
U00265,2026-02-26,26,Event Pack,14.99
U00307,2026-02-26,41,Event Pack,4.99
U00322,2026-02-26,0,Monthly Pass,5.99
U00597,2026-02-26,11,Monthly Pass,5.99
U01502,2026-02-26,2,Small Pack,1.99
U01858,2026-02-26,37,Event Pack,4.99
U02128,2026-02-26,24,Cosmetic,19.99
U02610,2026-02-26,8,Small Pack,0.99
U03025,2026-02-26,50,Small Pack,1.99
U04312,2026-02-26,43,Event Pack,14.99
U04341,2026-02-26,2,Small Pack,0.99
U04375,2026-02-26,11,Cosmetic,9.99
U04960,2026-02-26,16,Event Pack,9.99
U05026,2026-02-26,0,Event Pack,9.99
U05198,2026-02-26,1,Premium Pack,19.99
U05414,2026-02-26,1,Event Pack,9.99
U05872,2026-02-26,0,Cosmetic,9.99
U06171,2026-02-26,10,Event Pack,9.99
U06932,2026-02-26,25,Monthly Pass,4.99
U07421,2026-02-26,1,Premium Pack,99.99
U07549,2026-02-26,38,Event Pack,9.99
U08026,2026-02-26,3,Monthly Pass,5.99
U08395,2026-02-26,42,Cosmetic,29.99
U08780,2026-02-26,45,Small Pack,1.99
U08918,2026-02-26,24,Small Pack,1.99
U09209,2026-02-26,21,Small Pack,1.99
U09221,2026-02-26,1,Event Pack,14.99
U09901,2026-02-26,7,Monthly Pass,5.99
U10357,2026-02-26,1,Small Pack,2.99
U10421,2026-02-26,21,Event Pack,14.99
U10489,2026-02-26,46,Event Pack,4.99
U11006,2026-02-26,3,Premium Pack,99.99
U11319,2026-02-26,3,Small Pack,2.99
U11571,2026-02-26,41,Small Pack,2.99
U12158,2026-02-26,5,Monthly Pass,5.99
U12343,2026-02-26,0,Monthly Pass,5.99
U13083,2026-02-26,7,Monthly Pass,5.99
U13354,2026-02-26,31,Small Pack,0.99
U13974,2026-02-26,12,Cosmetic,19.99
U14548,2026-02-26,19,Small Pack,1.99
U15301,2026-02-26,1,Small Pack,0.99
U15339,2026-02-26,0,Event Pack,14.99
U15521,2026-02-26,0,Small Pack,2.99
U15702,2026-02-26,0,Premium Pack,99.99
U15735,2026-02-26,4,Cosmetic,9.99
U15748,2026-02-26,12,Small Pack,1.99
U17050,2026-02-26,2,Cosmetic,9.99
U17377,2026-02-26,4,Monthly Pass,4.99
U17868,2026-02-26,24,Premium Pack,99.99
U18159,2026-02-26,35,Small Pack,2.99
U18519,2026-02-26,0,Cosmetic,9.99
U20189,2026-02-26,47,Cosmetic,9.99
U20469,2026-02-26,28,Event Pack,9.99
U21104,2026-02-26,50,Premium Pack,19.99
U21376,2026-02-26,0,Small Pack,1.99
U22170,2026-02-26,6,Premium Pack,99.99
U22181,2026-02-26,11,Small Pack,0.99
U22540,2026-02-26,18,Small Pack,1.99
U22664,2026-02-26,4,Cosmetic,9.99
U23527,2026-02-26,25,Monthly Pass,5.99
U23546,2026-02-26,25,Cosmetic,29.99
U23878,2026-02-26,52,Premium Pack,99.99
U25008,2026-02-26,3,Event Pack,4.99
U25269,2026-02-26,11,Monthly Pass,5.99
U25406,2026-02-26,9,Event Pack,4.99
U27065,2026-02-26,2,Cosmetic,19.99
U27320,2026-02-26,33,Monthly Pass,5.99
U27604,2026-02-26,14,Event Pack,14.99
U27607,2026-02-26,21,Cosmetic,9.99
U27833,2026-02-26,0,Event Pack,9.99
U28132,2026-02-26,48,Small Pack,1.99
U29047,2026-02-26,46,Small Pack,0.99
U29159,2026-02-26,15,Event Pack,4.99
U29343,2026-02-26,16,Monthly Pass,5.99
U30029,2026-02-26,2,Monthly Pass,4.99
U31433,2026-02-26,54,Small Pack,1.99
U31511,2026-02-26,0,Monthly Pass,5.99
U31608,2026-02-26,15,Cosmetic,19.99
U32155,2026-02-26,20,Small Pack,1.99
U32752,2026-02-26,28,Small Pack,2.99
U32935,2026-02-26,8,Event Pack,4.99
U32989,2026-02-26,43,Small Pack,1.99
U33890,2026-02-26,21,Monthly Pass,5.99
U34481,2026-02-26,3,Monthly Pass,5.99
U35181,2026-02-26,25,Small Pack,2.99
U35585,2026-02-26,16,Small Pack,1.99
U35965,2026-02-26,30,Small Pack,2.99
U36029,2026-02-26,5,Small Pack,2.99
U36263,2026-02-26,10,Small Pack,1.99
U36719,2026-02-26,13,Small Pack,2.99
U37678,2026-02-26,3,Cosmetic,29.99
U38458,2026-02-26,0,Small Pack,0.99
U38590,2026-02-26,8,Small Pack,0.99
U39575,2026-02-26,46,Small Pack,2.99
U40420,2026-02-26,27,Monthly Pass,4.99
U42012,2026-02-26,0,Small Pack,1.99
U42263,2026-02-26,14,Small Pack,0.99
U42364,2026-02-26,2,Cosmetic,29.99
U43069,2026-02-26,18,Event Pack,4.99
U43159,2026-02-26,45,Premium Pack,49.99
U43925,2026-02-26,35,Small Pack,0.99
U44898,2026-02-26,31,Small Pack,1.99
U45211,2026-02-26,0,Small Pack,1.99
U46084,2026-02-26,43,Event Pack,9.99
U46291,2026-02-26,16,Event Pack,4.99
U46556,2026-02-26,32,Monthly Pass,4.99
U46881,2026-02-26,3,Small Pack,2.99
U46887,2026-02-26,0,Event Pack,4.99
U47165,2026-02-26,2,Monthly Pass,4.99
U49087,2026-02-26,26,Small Pack,0.99
U49408,2026-02-26,6,Monthly Pass,4.99
U49520,2026-02-26,8,Small Pack,0.99
U49828,2026-02-26,9,Small Pack,1.99
U00104,2026-02-27,6,Small Pack,1.99
U00832,2026-02-27,22,Small Pack,1.99
U01967,2026-02-27,12,Small Pack,2.99
U03594,2026-02-27,2,Monthly Pass,5.99
U03945,2026-02-27,48,Small Pack,0.99
U04163,2026-02-27,33,Monthly Pass,5.99
U04846,2026-02-27,29,Monthly Pass,5.99
U05084,2026-02-27,19,Premium Pack,49.99
U05663,2026-02-27,5,Small Pack,2.99
U05858,2026-02-27,12,Monthly Pass,5.99
U06106,2026-02-27,35,Small Pack,1.99
U06424,2026-02-27,26,Small Pack,0.99
U06738,2026-02-27,0,Event Pack,4.99
U07150,2026-02-27,49,Cosmetic,29.99
U07793,2026-02-27,55,Cosmetic,9.99
U07995,2026-02-27,42,Event Pack,14.99
U08212,2026-02-27,1,Small Pack,0.99
U08609,2026-02-27,3,Small Pack,0.99
U08948,2026-02-27,20,Small Pack,0.99
U09493,2026-02-27,25,Premium Pack,99.99
U09624,2026-02-27,11,Event Pack,14.99
U09851,2026-02-27,8,Cosmetic,9.99
U10219,2026-02-27,0,Cosmetic,9.99
U10297,2026-02-27,6,Small Pack,2.99
U10596,2026-02-27,4,Monthly Pass,5.99
U11070,2026-02-27,28,Monthly Pass,5.99
U11172,2026-02-27,55,Cosmetic,19.99
U11256,2026-02-27,4,Event Pack,9.99
U11613,2026-02-27,31,Event Pack,4.99
U12332,2026-02-27,46,Monthly Pass,4.99
U12739,2026-02-27,9,Event Pack,4.99
U12767,2026-02-27,51,Cosmetic,19.99
U12961,2026-02-27,5,Monthly Pass,4.99
U13117,2026-02-27,24,Event Pack,9.99
U13527,2026-02-27,1,Monthly Pass,4.99
U13577,2026-02-27,33,Small Pack,0.99
U13917,2026-02-27,1,Event Pack,4.99
U14840,2026-02-27,10,Monthly Pass,4.99
U15148,2026-02-27,13,Event Pack,14.99
U15842,2026-02-27,8,Small Pack,0.99
U15972,2026-02-27,2,Premium Pack,19.99
U16562,2026-02-27,43,Monthly Pass,5.99
U17866,2026-02-27,23,Small Pack,2.99
U18811,2026-02-27,50,Small Pack,1.99
U20349,2026-02-27,15,Small Pack,2.99
U20575,2026-02-27,9,Small Pack,1.99
U20833,2026-02-27,54,Small Pack,2.99
U21620,2026-02-27,17,Cosmetic,29.99
U22993,2026-02-27,39,Event Pack,14.99
U23442,2026-02-27,22,Monthly Pass,4.99
U24201,2026-02-27,39,Event Pack,9.99
U24430,2026-02-27,1,Small Pack,0.99
U24658,2026-02-27,32,Cosmetic,29.99
U24811,2026-02-27,43,Event Pack,9.99
U24850,2026-02-27,14,Monthly Pass,5.99
U25008,2026-02-27,4,Cosmetic,9.99
U25445,2026-02-27,35,Premium Pack,99.99
U25810,2026-02-27,18,Monthly Pass,5.99
U26159,2026-02-27,42,Event Pack,14.99
U26907,2026-02-27,3,Event Pack,9.99
U27662,2026-02-27,1,Cosmetic,19.99
U27743,2026-02-27,15,Small Pack,0.99
U28861,2026-02-27,21,Monthly Pass,5.99
U29380,2026-02-27,15,Small Pack,1.99
U30404,2026-02-27,3,Event Pack,4.99
U30787,2026-02-27,11,Premium Pack,49.99
U30895,2026-02-27,2,Event Pack,9.99
U31038,2026-02-27,44,Premium Pack,99.99
U31535,2026-02-27,0,Cosmetic,9.99
U31568,2026-02-27,29,Monthly Pass,5.99
U31893,2026-02-27,2,Monthly Pass,5.99
U32267,2026-02-27,2,Monthly Pass,4.99
U32679,2026-02-27,14,Monthly Pass,4.99
U32854,2026-02-27,6,Cosmetic,9.99
U33699,2026-02-27,38,Monthly Pass,4.99
U34004,2026-02-27,32,Monthly Pass,5.99
U35369,2026-02-27,21,Small Pack,0.99
U35549,2026-02-27,27,Monthly Pass,4.99
U35948,2026-02-27,8,Small Pack,2.99
U35988,2026-02-27,15,Event Pack,4.99
U36162,2026-02-27,35,Monthly Pass,5.99
U36473,2026-02-27,38,Event Pack,14.99
U36530,2026-02-27,10,Monthly Pass,5.99
U37120,2026-02-27,6,Cosmetic,19.99
U38888,2026-02-27,11,Small Pack,0.99
U38994,2026-02-27,2,Cosmetic,9.99
U40441,2026-02-27,19,Small Pack,0.99
U41058,2026-02-27,35,Monthly Pass,5.99
U41131,2026-02-27,0,Small Pack,2.99
U41134,2026-02-27,9,Small Pack,2.99
U42234,2026-02-27,8,Event Pack,9.99
U42599,2026-02-27,49,Cosmetic,19.99
U43103,2026-02-27,0,Premium Pack,99.99
U43231,2026-02-27,9,Small Pack,0.99
U43955,2026-02-27,47,Small Pack,1.99
U44451,2026-02-27,40,Event Pack,14.99
U45162,2026-02-27,51,Event Pack,4.99
U45211,2026-02-27,1,Monthly Pass,4.99
U45258,2026-02-27,6,Premium Pack,49.99
U46341,2026-02-27,15,Monthly Pass,4.99
U46634,2026-02-27,0,Monthly Pass,4.99
U46727,2026-02-27,12,Event Pack,4.99
U47246,2026-02-27,18,Event Pack,4.99
U49415,2026-02-27,3,Small Pack,2.99
U00977,2026-02-28,0,Small Pack,2.99
U01212,2026-02-28,36,Monthly Pass,5.99
U01509,2026-02-28,19,Event Pack,4.99
U01828,2026-02-28,2,Premium Pack,99.99
U01986,2026-02-28,12,Cosmetic,19.99
U02397,2026-02-28,28,Small Pack,1.99
U03181,2026-02-28,58,Monthly Pass,4.99
U03454,2026-02-28,0,Monthly Pass,4.99
U04583,2026-02-28,3,Small Pack,0.99
U05192,2026-02-28,16,Event Pack,4.99
U05313,2026-02-28,37,Small Pack,0.99
U05672,2026-02-28,1,Premium Pack,19.99
U06361,2026-02-28,42,Monthly Pass,4.99
U07303,2026-02-28,40,Small Pack,1.99
U07645,2026-02-28,2,Small Pack,0.99
U09183,2026-02-28,21,Small Pack,0.99
U09851,2026-02-28,9,Monthly Pass,4.99
U10008,2026-02-28,2,Cosmetic,19.99
U10951,2026-02-28,0,Small Pack,0.99
U12703,2026-02-28,16,Small Pack,0.99
U12916,2026-02-28,12,Monthly Pass,5.99
U13094,2026-02-28,8,Event Pack,14.99
U13113,2026-02-28,46,Event Pack,9.99
U15096,2026-02-28,0,Event Pack,4.99
U15283,2026-02-28,4,Event Pack,9.99
U15388,2026-02-28,7,Event Pack,14.99
U15581,2026-02-28,20,Small Pack,0.99
U16063,2026-02-28,8,Monthly Pass,5.99
U16308,2026-02-28,0,Monthly Pass,4.99
U16833,2026-02-28,37,Small Pack,0.99
U17720,2026-02-28,51,Small Pack,0.99
U19042,2026-02-28,37,Cosmetic,19.99
U19348,2026-02-28,41,Cosmetic,9.99
U19349,2026-02-28,36,Premium Pack,99.99
U19472,2026-02-28,3,Cosmetic,29.99
U19585,2026-02-28,23,Premium Pack,19.99
U20129,2026-02-28,2,Monthly Pass,4.99
U20595,2026-02-28,36,Event Pack,4.99
U20686,2026-02-28,15,Monthly Pass,5.99
U21480,2026-02-28,8,Monthly Pass,5.99
U21753,2026-02-28,22,Premium Pack,19.99
U22231,2026-02-28,1,Event Pack,4.99
U23305,2026-02-28,8,Premium Pack,19.99
U23406,2026-02-28,12,Small Pack,1.99
U23468,2026-02-28,28,Small Pack,0.99
U23775,2026-02-28,0,Small Pack,2.99
U23997,2026-02-28,0,Cosmetic,9.99
U24200,2026-02-28,0,Monthly Pass,4.99
U24852,2026-02-28,40,Event Pack,9.99
U25592,2026-02-28,8,Cosmetic,29.99
U25681,2026-02-28,36,Premium Pack,49.99
U27392,2026-02-28,8,Monthly Pass,4.99
U27504,2026-02-28,1,Monthly Pass,4.99
U27558,2026-02-28,42,Small Pack,0.99
U28018,2026-02-28,47,Event Pack,4.99
U28535,2026-02-28,7,Premium Pack,99.99
U28985,2026-02-28,1,Event Pack,4.99
U29795,2026-02-28,44,Event Pack,14.99
U30060,2026-02-28,4,Small Pack,0.99
U30938,2026-02-28,21,Small Pack,1.99
U31815,2026-02-28,0,Cosmetic,29.99
U31816,2026-02-28,0,Small Pack,1.99
U32180,2026-02-28,8,Premium Pack,19.99
U32334,2026-02-28,1,Premium Pack,49.99
U32498,2026-02-28,0,Cosmetic,19.99
U32942,2026-02-28,46,Small Pack,1.99
U33234,2026-02-28,15,Monthly Pass,4.99
U33350,2026-02-28,4,Monthly Pass,5.99
U33796,2026-02-28,9,Monthly Pass,5.99
U34072,2026-02-28,0,Event Pack,9.99
U34461,2026-02-28,13,Small Pack,2.99
U34550,2026-02-28,54,Event Pack,9.99
U35062,2026-02-28,28,Monthly Pass,5.99
U35950,2026-02-28,46,Small Pack,0.99
U36543,2026-02-28,31,Monthly Pass,5.99
U37120,2026-02-28,7,Small Pack,0.99
U38621,2026-02-28,48,Small Pack,2.99
U39028,2026-02-28,14,Monthly Pass,5.99
U39179,2026-02-28,1,Event Pack,4.99
U39368,2026-02-28,45,Cosmetic,29.99
U39751,2026-02-28,1,Premium Pack,49.99
U40283,2026-02-28,2,Monthly Pass,5.99
U40310,2026-02-28,11,Small Pack,2.99
U40329,2026-02-28,17,Cosmetic,19.99
U40330,2026-02-28,4,Monthly Pass,5.99
U41004,2026-02-28,40,Event Pack,14.99
U41523,2026-02-28,20,Event Pack,9.99
U41864,2026-02-28,4,Premium Pack,49.99
U42368,2026-02-28,55,Event Pack,4.99
U43068,2026-02-28,0,Monthly Pass,5.99
U43103,2026-02-28,1,Small Pack,2.99
U43315,2026-02-28,43,Event Pack,4.99
U43695,2026-02-28,21,Small Pack,1.99
U43880,2026-02-28,58,Event Pack,14.99
U44447,2026-02-28,39,Event Pack,14.99
U45013,2026-02-28,18,Monthly Pass,4.99
U46704,2026-02-28,3,Monthly Pass,5.99
U46782,2026-02-28,16,Monthly Pass,5.99
U46809,2026-02-28,2,Small Pack,2.99
U46959,2026-02-28,6,Monthly Pass,4.99
U48396,2026-02-28,0,Monthly Pass,4.99
U49912,2026-02-28,48,Event Pack,14.99
U00377,2026-03-01,50,Event Pack,14.99
U01708,2026-03-01,59,Monthly Pass,5.99
U03047,2026-03-01,59,Event Pack,9.99
U03783,2026-03-01,10,Small Pack,2.99
U04375,2026-03-01,14,Cosmetic,9.99
U04424,2026-03-01,2,Premium Pack,19.99
U04483,2026-03-01,14,Premium Pack,99.99
U04572,2026-03-01,13,Cosmetic,9.99
U05671,2026-03-01,10,Small Pack,1.99
U07395,2026-03-01,55,Premium Pack,99.99
U08418,2026-03-01,49,Event Pack,4.99
U08918,2026-03-01,27,Monthly Pass,5.99
U09110,2026-03-01,28,Cosmetic,9.99
U09219,2026-03-01,13,Monthly Pass,5.99
U09422,2026-03-01,52,Small Pack,2.99
U09821,2026-03-01,43,Small Pack,0.99
U10007,2026-03-01,5,Small Pack,2.99
U10189,2026-03-01,18,Monthly Pass,5.99
U10740,2026-03-01,1,Small Pack,1.99
U11059,2026-03-01,2,Event Pack,9.99
U11567,2026-03-01,30,Small Pack,1.99
U12535,2026-03-01,1,Monthly Pass,5.99
U13903,2026-03-01,12,Cosmetic,9.99
U14179,2026-03-01,12,Monthly Pass,4.99
U15332,2026-03-01,57,Small Pack,0.99
U15339,2026-03-01,3,Premium Pack,49.99
U16153,2026-03-01,28,Premium Pack,19.99
U16793,2026-03-01,51,Cosmetic,29.99
U17313,2026-03-01,3,Monthly Pass,4.99
U17662,2026-03-01,2,Monthly Pass,5.99
U17857,2026-03-01,23,Event Pack,4.99
U19089,2026-03-01,13,Monthly Pass,5.99
U19433,2026-03-01,44,Cosmetic,9.99
U20237,2026-03-01,1,Monthly Pass,5.99
U20480,2026-03-01,31,Monthly Pass,5.99
U20714,2026-03-01,57,Small Pack,0.99
U20740,2026-03-01,1,Cosmetic,19.99
U20900,2026-03-01,33,Small Pack,1.99
U21023,2026-03-01,17,Event Pack,14.99
U22759,2026-03-01,11,Cosmetic,19.99
U24319,2026-03-01,19,Monthly Pass,4.99
U25995,2026-03-01,59,Event Pack,4.99
U26899,2026-03-01,33,Premium Pack,99.99
U26916,2026-03-01,21,Cosmetic,9.99
U26935,2026-03-01,43,Small Pack,1.99
U27110,2026-03-01,8,Small Pack,2.99
U27138,2026-03-01,34,Small Pack,0.99
U27357,2026-03-01,19,Cosmetic,19.99
U28376,2026-03-01,28,Monthly Pass,4.99
U28863,2026-03-01,33,Cosmetic,19.99
U28973,2026-03-01,40,Event Pack,4.99
U29040,2026-03-01,5,Premium Pack,99.99
U29911,2026-03-01,4,Small Pack,1.99
U30001,2026-03-01,44,Monthly Pass,4.99
U30160,2026-03-01,11,Event Pack,9.99
U32717,2026-03-01,12,Event Pack,14.99
U33000,2026-03-01,25,Small Pack,0.99
U33188,2026-03-01,6,Small Pack,1.99
U33248,2026-03-01,21,Premium Pack,49.99
U33440,2026-03-01,41,Event Pack,14.99
U33483,2026-03-01,2,Small Pack,2.99
U33638,2026-03-01,18,Premium Pack,99.99
U34177,2026-03-01,4,Premium Pack,99.99
U34231,2026-03-01,8,Small Pack,0.99
U35946,2026-03-01,32,Small Pack,1.99
U36314,2026-03-01,12,Event Pack,14.99
U36344,2026-03-01,3,Monthly Pass,4.99
U36347,2026-03-01,13,Small Pack,0.99
U36960,2026-03-01,45,Small Pack,1.99
U37109,2026-03-01,40,Event Pack,14.99
U37863,2026-03-01,52,Cosmetic,19.99
U38702,2026-03-01,46,Event Pack,9.99
U38987,2026-03-01,58,Event Pack,9.99
U39893,2026-03-01,15,Small Pack,0.99
U39946,2026-03-01,12,Small Pack,0.99
U40509,2026-03-01,9,Event Pack,4.99
U40791,2026-03-01,22,Cosmetic,29.99
U42260,2026-03-01,2,Small Pack,2.99
U42510,2026-03-01,11,Monthly Pass,5.99
U42739,2026-03-01,16,Cosmetic,19.99
U43378,2026-03-01,34,Small Pack,2.99
U43595,2026-03-01,27,Cosmetic,29.99
U43651,2026-03-01,4,Monthly Pass,4.99
U44063,2026-03-01,42,Cosmetic,19.99
U44670,2026-03-01,52,Monthly Pass,5.99
U44693,2026-03-01,36,Monthly Pass,4.99
U44982,2026-03-01,15,Small Pack,0.99
U45915,2026-03-01,13,Small Pack,0.99
U46352,2026-03-01,36,Event Pack,14.99
U46552,2026-03-01,10,Monthly Pass,5.99
U47455,2026-03-01,10,Small Pack,1.99
U48597,2026-03-01,52,Small Pack,0.99
U48865,2026-03-01,30,Monthly Pass,4.99
U49688,2026-03-01,32,Monthly Pass,5.99
U00207,2026-03-02,25,Cosmetic,9.99
U01038,2026-03-02,8,Event Pack,9.99
U01776,2026-03-02,28,Event Pack,14.99
U02032,2026-03-02,39,Monthly Pass,4.99
U02578,2026-03-02,14,Cosmetic,29.99
U03053,2026-03-02,32,Small Pack,2.99
U03118,2026-03-02,48,Cosmetic,9.99
U03743,2026-03-02,30,Monthly Pass,5.99
U03864,2026-03-02,4,Small Pack,0.99
U03888,2026-03-02,29,Event Pack,9.99
U04536,2026-03-02,44,Small Pack,0.99
U06489,2026-03-02,8,Small Pack,0.99
U06613,2026-03-02,6,Event Pack,9.99
U06770,2026-03-02,23,Cosmetic,9.99
U07082,2026-03-02,44,Small Pack,2.99
U07477,2026-03-02,2,Small Pack,2.99
U08223,2026-03-02,34,Small Pack,1.99
U08396,2026-03-02,56,Premium Pack,19.99
U08870,2026-03-02,10,Cosmetic,9.99
U09303,2026-03-02,15,Cosmetic,29.99
U09934,2026-03-02,2,Event Pack,14.99
U10599,2026-03-02,39,Premium Pack,99.99
U11368,2026-03-02,8,Premium Pack,99.99
U11571,2026-03-02,45,Monthly Pass,5.99
U11632,2026-03-02,32,Small Pack,1.99
U11650,2026-03-02,6,Event Pack,14.99
U11652,2026-03-02,11,Monthly Pass,4.99
U12862,2026-03-02,3,Monthly Pass,5.99
U13234,2026-03-02,20,Small Pack,0.99
U13545,2026-03-02,3,Monthly Pass,4.99
U14260,2026-03-02,50,Monthly Pass,4.99
U14955,2026-03-02,51,Premium Pack,19.99
U15387,2026-03-02,29,Event Pack,4.99
U16308,2026-03-02,2,Event Pack,14.99
U16389,2026-03-02,12,Event Pack,4.99
U17374,2026-03-02,7,Small Pack,0.99
U17551,2026-03-02,34,Small Pack,2.99
U17938,2026-03-02,10,Small Pack,1.99
U18029,2026-03-02,6,Premium Pack,49.99
U18770,2026-03-02,49,Monthly Pass,4.99
U18905,2026-03-02,25,Small Pack,0.99
U19089,2026-03-02,14,Small Pack,2.99
U19597,2026-03-02,13,Small Pack,2.99
U19744,2026-03-02,41,Event Pack,14.99
U20370,2026-03-02,29,Cosmetic,29.99
U20494,2026-03-02,34,Monthly Pass,5.99
U21603,2026-03-02,7,Small Pack,2.99
U21902,2026-03-02,50,Small Pack,2.99
U22109,2026-03-02,5,Small Pack,2.99
U22264,2026-03-02,2,Monthly Pass,5.99
U22416,2026-03-02,11,Event Pack,4.99
U22992,2026-03-02,17,Monthly Pass,5.99
U23930,2026-03-02,21,Premium Pack,99.99
U24290,2026-03-02,36,Premium Pack,99.99
U24381,2026-03-02,4,Premium Pack,19.99
U24687,2026-03-02,29,Cosmetic,9.99
U26917,2026-03-02,27,Event Pack,9.99
U27531,2026-03-02,26,Monthly Pass,4.99
U27844,2026-03-02,35,Event Pack,4.99
U28144,2026-03-02,56,Cosmetic,29.99
U29227,2026-03-02,44,Small Pack,1.99
U30647,2026-03-02,15,Premium Pack,49.99
U30794,2026-03-02,28,Premium Pack,49.99
U30833,2026-03-02,24,Small Pack,2.99
U31257,2026-03-02,18,Cosmetic,29.99
U31732,2026-03-02,53,Small Pack,0.99
U32334,2026-03-02,3,Small Pack,0.99
U33451,2026-03-02,57,Monthly Pass,4.99
U33646,2026-03-02,32,Cosmetic,19.99
U34327,2026-03-02,4,Monthly Pass,5.99
U34529,2026-03-02,11,Small Pack,0.99
U36960,2026-03-02,46,Small Pack,2.99
U37186,2026-03-02,33,Event Pack,4.99
U37975,2026-03-02,13,Small Pack,2.99
U38117,2026-03-02,2,Premium Pack,99.99
U39510,2026-03-02,12,Monthly Pass,4.99
U40653,2026-03-02,47,Small Pack,0.99
U40900,2026-03-02,28,Monthly Pass,5.99
U41058,2026-03-02,38,Cosmetic,19.99
U42334,2026-03-02,24,Small Pack,1.99
U42602,2026-03-02,14,Event Pack,4.99
U43335,2026-03-02,50,Monthly Pass,5.99
U44403,2026-03-02,8,Cosmetic,29.99
U44693,2026-03-02,37,Event Pack,9.99
U44848,2026-03-02,13,Event Pack,14.99
U45484,2026-03-02,20,Small Pack,1.99
U45719,2026-03-02,58,Event Pack,14.99
U45993,2026-03-02,52,Event Pack,9.99
U46515,2026-03-02,13,Event Pack,9.99
U46668,2026-03-02,36,Small Pack,0.99
U46973,2026-03-02,59,Monthly Pass,5.99
U47342,2026-03-02,11,Small Pack,1.99
U47474,2026-03-02,36,Premium Pack,99.99
U48444,2026-03-02,6,Event Pack,9.99
U49683,2026-03-02,60,Event Pack,4.99
U49931,2026-03-02,58,Event Pack,9.99
U00712,2026-03-03,51,Monthly Pass,5.99
U01055,2026-03-03,6,Event Pack,14.99
U01311,2026-03-03,24,Monthly Pass,4.99
U01655,2026-03-03,14,Event Pack,14.99
U02156,2026-03-03,40,Premium Pack,99.99
U03009,2026-03-03,11,Premium Pack,49.99
U03158,2026-03-03,47,Small Pack,1.99
U03357,2026-03-03,56,Small Pack,2.99
U04015,2026-03-03,48,Monthly Pass,5.99
U04657,2026-03-03,14,Small Pack,2.99
U05100,2026-03-03,10,Event Pack,4.99
U05268,2026-03-03,6,Premium Pack,19.99
U06254,2026-03-03,9,Event Pack,9.99
U06736,2026-03-03,16,Event Pack,4.99
U09367,2026-03-03,54,Event Pack,9.99
U09887,2026-03-03,49,Premium Pack,19.99
U10420,2026-03-03,46,Monthly Pass,5.99
U10629,2026-03-03,56,Small Pack,0.99
U11391,2026-03-03,24,Monthly Pass,5.99
U11627,2026-03-03,8,Small Pack,2.99
U12269,2026-03-03,38,Cosmetic,9.99
U12660,2026-03-03,14,Premium Pack,19.99
U14739,2026-03-03,6,Small Pack,1.99
U14864,2026-03-03,13,Monthly Pass,5.99
U15019,2026-03-03,4,Monthly Pass,4.99
U16109,2026-03-03,13,Small Pack,0.99
U16308,2026-03-03,3,Event Pack,14.99
U16930,2026-03-03,45,Event Pack,9.99
U17175,2026-03-03,19,Cosmetic,29.99
U17205,2026-03-03,6,Monthly Pass,4.99
U17445,2026-03-03,35,Monthly Pass,4.99
U17817,2026-03-03,12,Monthly Pass,5.99
U18783,2026-03-03,30,Premium Pack,99.99
U19512,2026-03-03,16,Cosmetic,29.99
U19799,2026-03-03,55,Event Pack,9.99
U20740,2026-03-03,3,Monthly Pass,5.99
U20806,2026-03-03,31,Event Pack,14.99
U22983,2026-03-03,57,Monthly Pass,5.99
U23309,2026-03-03,46,Small Pack,1.99
U23395,2026-03-03,18,Cosmetic,29.99
U23525,2026-03-03,49,Event Pack,4.99
U23762,2026-03-03,3,Small Pack,2.99
U24512,2026-03-03,32,Event Pack,14.99
U24726,2026-03-03,6,Monthly Pass,5.99
U25027,2026-03-03,16,Event Pack,14.99
U25301,2026-03-03,42,Monthly Pass,5.99
U25630,2026-03-03,24,Monthly Pass,4.99
U26907,2026-03-03,7,Small Pack,2.99
U27162,2026-03-03,11,Small Pack,1.99
U28505,2026-03-03,24,Cosmetic,9.99
U28727,2026-03-03,6,Monthly Pass,5.99
U30732,2026-03-03,22,Small Pack,1.99
U30833,2026-03-03,25,Cosmetic,19.99
U30842,2026-03-03,57,Monthly Pass,5.99
U32046,2026-03-03,35,Event Pack,9.99
U33254,2026-03-03,53,Small Pack,2.99
U33717,2026-03-03,5,Cosmetic,29.99
U33912,2026-03-03,39,Cosmetic,19.99
U34461,2026-03-03,16,Event Pack,9.99
U36386,2026-03-03,14,Premium Pack,49.99
U36817,2026-03-03,18,Monthly Pass,5.99
U36989,2026-03-03,19,Cosmetic,9.99
U39453,2026-03-03,3,Small Pack,1.99
U39864,2026-03-03,9,Event Pack,9.99
U40240,2026-03-03,10,Event Pack,4.99
U40382,2026-03-03,10,Monthly Pass,4.99
U40999,2026-03-03,41,Cosmetic,9.99
U41012,2026-03-03,36,Small Pack,1.99
U42167,2026-03-03,61,Small Pack,2.99
U44802,2026-03-03,50,Event Pack,14.99
U44918,2026-03-03,3,Small Pack,2.99
U45491,2026-03-03,7,Premium Pack,99.99
U45796,2026-03-03,8,Premium Pack,99.99
U46028,2026-03-03,25,Event Pack,14.99
U46686,2026-03-03,12,Cosmetic,19.99
U46887,2026-03-03,5,Small Pack,2.99
U47169,2026-03-03,17,Small Pack,1.99
U47381,2026-03-03,6,Cosmetic,9.99
U47685,2026-03-03,46,Small Pack,0.99
U47829,2026-03-03,61,Event Pack,4.99
U49534,2026-03-03,19,Small Pack,0.99
U49980,2026-03-03,8,Cosmetic,29.99
U00010,2026-03-04,29,Event Pack,4.99
U00675,2026-03-04,5,Premium Pack,19.99
U00998,2026-03-04,16,Small Pack,0.99
U02320,2026-03-04,33,Event Pack,9.99
U02610,2026-03-04,14,Small Pack,2.99
U02891,2026-03-04,44,Event Pack,14.99
U04074,2026-03-04,46,Monthly Pass,4.99
U04381,2026-03-04,44,Monthly Pass,4.99
U06437,2026-03-04,5,Event Pack,4.99
U07744,2026-03-04,15,Cosmetic,19.99
U08303,2026-03-04,40,Event Pack,14.99
U08337,2026-03-04,49,Cosmetic,19.99
U08391,2026-03-04,6,Event Pack,4.99
U08459,2026-03-04,57,Event Pack,9.99
U08844,2026-03-04,40,Event Pack,4.99
U11256,2026-03-04,9,Cosmetic,9.99
U11986,2026-03-04,5,Cosmetic,19.99
U12690,2026-03-04,14,Monthly Pass,5.99
U12742,2026-03-04,10,Monthly Pass,4.99
U13537,2026-03-04,5,Small Pack,1.99
U14267,2026-03-04,7,Small Pack,1.99
U15339,2026-03-04,6,Event Pack,14.99
U16286,2026-03-04,13,Cosmetic,29.99
U16338,2026-03-04,27,Monthly Pass,5.99
U16689,2026-03-04,5,Small Pack,1.99
U18655,2026-03-04,16,Small Pack,1.99
U18869,2026-03-04,8,Monthly Pass,4.99
U19160,2026-03-04,9,Monthly Pass,4.99
U20964,2026-03-04,13,Cosmetic,9.99
U21175,2026-03-04,12,Cosmetic,19.99
U21795,2026-03-04,5,Cosmetic,9.99
U23214,2026-03-04,12,Small Pack,2.99
U24252,2026-03-04,55,Small Pack,1.99
U24750,2026-03-04,18,Monthly Pass,4.99
U25983,2026-03-04,39,Monthly Pass,4.99
U25995,2026-03-04,62,Event Pack,4.99
U26375,2026-03-04,40,Small Pack,0.99
U27509,2026-03-04,51,Event Pack,14.99
U29638,2026-03-04,41,Small Pack,1.99
U30383,2026-03-04,13,Event Pack,4.99
U30985,2026-03-04,61,Monthly Pass,4.99
U31027,2026-03-04,44,Monthly Pass,5.99
U31556,2026-03-04,18,Event Pack,4.99
U31849,2026-03-04,12,Small Pack,2.99
U32016,2026-03-04,37,Event Pack,9.99
U32663,2026-03-04,57,Premium Pack,99.99
U33126,2026-03-04,8,Event Pack,4.99
U34448,2026-03-04,23,Premium Pack,19.99
U35056,2026-03-04,13,Event Pack,9.99
U38591,2026-03-04,19,Cosmetic,29.99
U38593,2026-03-04,44,Premium Pack,49.99
U39254,2026-03-04,53,Monthly Pass,5.99
U39433,2026-03-04,7,Small Pack,0.99
U40039,2026-03-04,30,Cosmetic,9.99
U40464,2026-03-04,13,Small Pack,0.99
U41046,2026-03-04,51,Monthly Pass,4.99
U42320,2026-03-04,4,Small Pack,2.99
U42323,2026-03-04,15,Event Pack,9.99
U42854,2026-03-04,19,Cosmetic,19.99
U42910,2026-03-04,8,Event Pack,14.99
U43472,2026-03-04,26,Cosmetic,19.99
U44805,2026-03-04,43,Cosmetic,19.99
U45754,2026-03-04,50,Small Pack,2.99
U46425,2026-03-04,48,Small Pack,0.99
U46569,2026-03-04,23,Monthly Pass,5.99
U46723,2026-03-04,34,Event Pack,9.99
U47464,2026-03-04,12,Small Pack,1.99
U47991,2026-03-04,56,Small Pack,0.99
U48154,2026-03-04,9,Cosmetic,9.99
U49276,2026-03-04,47,Cosmetic,19.99
U00757,2026-03-05,27,Small Pack,2.99
U01215,2026-03-05,22,Monthly Pass,4.99
U01811,2026-03-05,32,Monthly Pass,5.99
U03357,2026-03-05,58,Small Pack,0.99
U03370,2026-03-05,47,Event Pack,4.99
U04383,2026-03-05,7,Event Pack,9.99
U05298,2026-03-05,12,Monthly Pass,4.99
U07001,2026-03-05,5,Cosmetic,9.99
U07921,2026-03-05,10,Event Pack,14.99
U08107,2026-03-05,16,Event Pack,4.99
U09087,2026-03-05,20,Cosmetic,9.99
U09115,2026-03-05,20,Cosmetic,19.99
U10064,2026-03-05,9,Monthly Pass,5.99
U10248,2026-03-05,23,Event Pack,9.99
U10631,2026-03-05,31,Monthly Pass,4.99
U12158,2026-03-05,12,Small Pack,2.99
U12726,2026-03-05,33,Monthly Pass,5.99
U14968,2026-03-05,8,Small Pack,1.99
U15394,2026-03-05,26,Cosmetic,29.99
U15521,2026-03-05,7,Monthly Pass,5.99
U16250,2026-03-05,10,Event Pack,9.99
U17512,2026-03-05,32,Small Pack,2.99
U17694,2026-03-05,59,Event Pack,14.99
U18883,2026-03-05,17,Small Pack,0.99
U19540,2026-03-05,28,Premium Pack,99.99
U20168,2026-03-05,43,Event Pack,14.99
U20407,2026-03-05,26,Cosmetic,9.99
U20644,2026-03-05,42,Event Pack,9.99
U20900,2026-03-05,37,Event Pack,4.99
U22545,2026-03-05,16,Premium Pack,99.99
U23463,2026-03-05,18,Monthly Pass,4.99
U23515,2026-03-05,33,Small Pack,0.99
U23804,2026-03-05,33,Cosmetic,9.99
U24274,2026-03-05,38,Cosmetic,19.99
U24386,2026-03-05,22,Cosmetic,19.99
U25015,2026-03-05,41,Event Pack,14.99
U25279,2026-03-05,7,Monthly Pass,5.99
U25358,2026-03-05,57,Cosmetic,19.99
U25413,2026-03-05,11,Small Pack,0.99
U26426,2026-03-05,18,Cosmetic,19.99
U26715,2026-03-05,26,Event Pack,4.99
U27625,2026-03-05,45,Event Pack,14.99
U29478,2026-03-05,5,Monthly Pass,4.99
U29627,2026-03-05,27,Cosmetic,19.99
U29880,2026-03-05,62,Small Pack,2.99
U30087,2026-03-05,11,Event Pack,9.99
U31693,2026-03-05,13,Event Pack,4.99
U32395,2026-03-05,43,Cosmetic,29.99
U32440,2026-03-05,19,Event Pack,4.99
U33450,2026-03-05,7,Event Pack,9.99
U34481,2026-03-05,10,Monthly Pass,4.99
U35131,2026-03-05,13,Event Pack,9.99
U36016,2026-03-05,51,Small Pack,1.99
U36344,2026-03-05,7,Monthly Pass,5.99
U36907,2026-03-05,10,Small Pack,1.99
U37924,2026-03-05,62,Small Pack,1.99
U37961,2026-03-05,37,Small Pack,1.99
U38344,2026-03-05,14,Small Pack,1.99
U38503,2026-03-05,13,Monthly Pass,4.99
U38625,2026-03-05,22,Small Pack,1.99
U39044,2026-03-05,11,Premium Pack,99.99
U39455,2026-03-05,13,Event Pack,9.99
U40156,2026-03-05,57,Cosmetic,9.99
U41955,2026-03-05,13,Event Pack,4.99
U42326,2026-03-05,10,Event Pack,4.99
U43134,2026-03-05,56,Small Pack,1.99
U43159,2026-03-05,52,Small Pack,0.99
U43562,2026-03-05,35,Premium Pack,49.99
U44038,2026-03-05,52,Event Pack,4.99
U44139,2026-03-05,59,Premium Pack,19.99
U44609,2026-03-05,45,Small Pack,2.99
U44835,2026-03-05,35,Premium Pack,99.99
U46226,2026-03-05,23,Monthly Pass,5.99
U46509,2026-03-05,9,Event Pack,9.99
U46657,2026-03-05,10,Small Pack,1.99
U46791,2026-03-05,26,Small Pack,0.99
U47004,2026-03-05,31,Cosmetic,29.99
U47115,2026-03-05,51,Cosmetic,29.99
U47186,2026-03-05,19,Small Pack,0.99
U49087,2026-03-05,33,Small Pack,1.99
U00846,2026-03-06,27,Monthly Pass,5.99
U01212,2026-03-06,42,Premium Pack,49.99
U02362,2026-03-06,12,Monthly Pass,5.99
U02884,2026-03-06,59,Event Pack,4.99
U03668,2026-03-06,6,Small Pack,1.99
U03794,2026-03-06,40,Monthly Pass,4.99
U04637,2026-03-06,36,Small Pack,0.99
U05313,2026-03-06,43,Small Pack,0.99
U05427,2026-03-06,35,Small Pack,0.99
U05832,2026-03-06,11,Event Pack,14.99
U07065,2026-03-06,13,Event Pack,14.99
U07313,2026-03-06,48,Event Pack,4.99
U09375,2026-03-06,16,Premium Pack,19.99
U11059,2026-03-06,7,Small Pack,0.99
U11152,2026-03-06,32,Small Pack,0.99
U12411,2026-03-06,18,Monthly Pass,5.99
U12562,2026-03-06,6,Cosmetic,29.99
U12782,2026-03-06,7,Event Pack,14.99
U13171,2026-03-06,57,Monthly Pass,5.99
U13698,2026-03-06,14,Monthly Pass,5.99
U13790,2026-03-06,32,Event Pack,14.99
U14203,2026-03-06,11,Cosmetic,9.99
U15151,2026-03-06,8,Small Pack,0.99
U15440,2026-03-06,10,Event Pack,14.99
U15474,2026-03-06,37,Event Pack,9.99
U16101,2026-03-06,19,Cosmetic,29.99
U16926,2026-03-06,42,Monthly Pass,4.99
U17098,2026-03-06,10,Monthly Pass,5.99
U17359,2026-03-06,27,Small Pack,0.99
U17548,2026-03-06,57,Monthly Pass,4.99
U17620,2026-03-06,11,Cosmetic,9.99
U17921,2026-03-06,16,Event Pack,4.99
U18343,2026-03-06,30,Cosmetic,19.99
U18482,2026-03-06,14,Premium Pack,19.99
U18559,2026-03-06,34,Cosmetic,9.99
U18869,2026-03-06,10,Small Pack,1.99
U20519,2026-03-06,28,Monthly Pass,5.99
U21175,2026-03-06,14,Monthly Pass,5.99
U24246,2026-03-06,19,Premium Pack,99.99
U24508,2026-03-06,35,Event Pack,9.99
U25710,2026-03-06,19,Event Pack,9.99
U26354,2026-03-06,32,Cosmetic,9.99
U27247,2026-03-06,26,Event Pack,4.99
U27404,2026-03-06,28,Monthly Pass,5.99
U27418,2026-03-06,44,Small Pack,1.99
U27451,2026-03-06,32,Small Pack,1.99
U28659,2026-03-06,19,Small Pack,2.99
U29713,2026-03-06,27,Monthly Pass,5.99
U31336,2026-03-06,10,Premium Pack,19.99
U31406,2026-03-06,34,Event Pack,14.99
U31556,2026-03-06,20,Cosmetic,19.99
U31919,2026-03-06,24,Cosmetic,29.99
U34104,2026-03-06,11,Monthly Pass,5.99
U34563,2026-03-06,13,Monthly Pass,4.99
U34697,2026-03-06,10,Premium Pack,99.99
U35324,2026-03-06,61,Event Pack,4.99
U36319,2026-03-06,8,Small Pack,2.99
U36457,2026-03-06,33,Monthly Pass,5.99
U37784,2026-03-06,7,Small Pack,0.99
U37863,2026-03-06,57,Small Pack,2.99
U39309,2026-03-06,7,Monthly Pass,5.99
U39527,2026-03-06,15,Small Pack,2.99
U39937,2026-03-06,8,Event Pack,9.99
U40048,2026-03-06,47,Monthly Pass,4.99
U41471,2026-03-06,16,Monthly Pass,4.99
U41807,2026-03-06,11,Small Pack,0.99
U42811,2026-03-06,16,Monthly Pass,5.99
U43539,2026-03-06,23,Event Pack,14.99
U44038,2026-03-06,53,Small Pack,2.99
U44066,2026-03-06,6,Cosmetic,19.99
U44572,2026-03-06,11,Cosmetic,19.99
U46612,2026-03-06,63,Premium Pack,99.99
U46663,2026-03-06,12,Small Pack,2.99
U46772,2026-03-06,36,Small Pack,1.99
U46881,2026-03-06,11,Premium Pack,99.99
U47012,2026-03-06,23,Cosmetic,19.99
U48099,2026-03-06,6,Small Pack,2.99
U48108,2026-03-06,7,Premium Pack,19.99
U48327,2026-03-06,11,Cosmetic,19.99
U48577,2026-03-06,63,Small Pack,0.99
U48590,2026-03-06,21,Small Pack,2.99
U49042,2026-03-06,61,Event Pack,9.99
U49157,2026-03-06,14,Cosmetic,29.99
U49180,2026-03-06,8,Small Pack,1.99
U49670,2026-03-06,64,Small Pack,2.99
U00004,2026-03-07,51,Event Pack,4.99
U01826,2026-03-07,13,Event Pack,14.99
U02202,2026-03-07,10,Event Pack,4.99
U02456,2026-03-07,15,Small Pack,2.99
U03047,2026-03-07,65,Premium Pack,49.99
U03658,2026-03-07,8,Monthly Pass,5.99
U03809,2026-03-07,11,Small Pack,1.99
U03990,2026-03-07,14,Monthly Pass,5.99
U04023,2026-03-07,24,Monthly Pass,5.99
U04424,2026-03-07,8,Event Pack,14.99
U04564,2026-03-07,11,Event Pack,14.99
U04859,2026-03-07,58,Cosmetic,19.99
U05138,2026-03-07,16,Small Pack,1.99
U05151,2026-03-07,63,Event Pack,9.99
U05182,2026-03-07,22,Event Pack,4.99
U05414,2026-03-07,10,Monthly Pass,4.99
U05505,2026-03-07,25,Event Pack,4.99
U05509,2026-03-07,40,Small Pack,1.99
U05519,2026-03-07,45,Cosmetic,9.99
U07189,2026-03-07,63,Premium Pack,99.99
U07871,2026-03-07,14,Cosmetic,9.99
U08690,2026-03-07,31,Cosmetic,19.99
U10878,2026-03-07,18,Monthly Pass,4.99
U11205,2026-03-07,22,Cosmetic,29.99
U13437,2026-03-07,24,Cosmetic,29.99
U13527,2026-03-07,9,Event Pack,9.99
U13606,2026-03-07,10,Small Pack,0.99
U13671,2026-03-07,7,Cosmetic,19.99
U14511,2026-03-07,48,Cosmetic,29.99
U15729,2026-03-07,47,Small Pack,1.99
U17303,2026-03-07,52,Event Pack,9.99
U17517,2026-03-07,56,Event Pack,14.99
U17817,2026-03-07,16,Monthly Pass,4.99
U18146,2026-03-07,7,Small Pack,2.99
U18162,2026-03-07,9,Small Pack,0.99
U18518,2026-03-07,48,Small Pack,2.99
U18783,2026-03-07,34,Event Pack,14.99
U23586,2026-03-07,25,Event Pack,4.99
U23996,2026-03-07,34,Monthly Pass,4.99
U24312,2026-03-07,19,Small Pack,0.99
U26707,2026-03-07,60,Event Pack,14.99
U27165,2026-03-07,7,Cosmetic,9.99
U27345,2026-03-07,60,Event Pack,9.99
U27898,2026-03-07,29,Small Pack,2.99
U28675,2026-03-07,8,Small Pack,2.99
U28732,2026-03-07,54,Event Pack,4.99
U29013,2026-03-07,9,Event Pack,9.99
U29127,2026-03-07,9,Monthly Pass,4.99
U29170,2026-03-07,53,Premium Pack,99.99
U29416,2026-03-07,20,Monthly Pass,4.99
U30999,2026-03-07,27,Premium Pack,99.99
U31079,2026-03-07,11,Event Pack,4.99
U31132,2026-03-07,49,Cosmetic,19.99
U31194,2026-03-07,11,Event Pack,14.99
U31527,2026-03-07,38,Small Pack,0.99
U33403,2026-03-07,11,Monthly Pass,5.99
U34210,2026-03-07,11,Monthly Pass,4.99
U34433,2026-03-07,61,Event Pack,14.99
U35324,2026-03-07,62,Small Pack,0.99
U35977,2026-03-07,37,Event Pack,9.99
U36227,2026-03-07,20,Event Pack,14.99
U38296,2026-03-07,18,Premium Pack,19.99
U38552,2026-03-07,26,Premium Pack,99.99
U38662,2026-03-07,35,Premium Pack,49.99
U39772,2026-03-07,19,Cosmetic,29.99
U40131,2026-03-07,52,Premium Pack,49.99
U40555,2026-03-07,57,Small Pack,0.99
U41716,2026-03-07,57,Monthly Pass,5.99
U42317,2026-03-07,51,Event Pack,9.99
U42670,2026-03-07,27,Cosmetic,29.99
U43651,2026-03-07,10,Small Pack,2.99
U44451,2026-03-07,48,Cosmetic,19.99
U44886,2026-03-07,18,Cosmetic,19.99
U44996,2026-03-07,15,Cosmetic,29.99
U46049,2026-03-07,28,Event Pack,4.99
U46482,2026-03-07,54,Event Pack,4.99
U46599,2026-03-07,38,Premium Pack,49.99
U46780,2026-03-07,19,Small Pack,2.99
U00207,2026-03-08,31,Premium Pack,49.99
U00782,2026-03-08,44,Event Pack,9.99
U01974,2026-03-08,17,Event Pack,4.99
U03125,2026-03-08,12,Small Pack,2.99
U03955,2026-03-08,64,Event Pack,4.99
U04560,2026-03-08,22,Cosmetic,29.99
U05191,2026-03-08,10,Monthly Pass,4.99
U05563,2026-03-08,25,Small Pack,1.99
U05646,2026-03-08,52,Event Pack,14.99
U06413,2026-03-08,34,Small Pack,1.99
U06820,2026-03-08,46,Event Pack,4.99
U07038,2026-03-08,31,Monthly Pass,5.99
U07364,2026-03-08,21,Event Pack,14.99
U07437,2026-03-08,8,Event Pack,9.99
U07486,2026-03-08,40,Event Pack,14.99
U08046,2026-03-08,32,Event Pack,4.99
U08238,2026-03-08,12,Small Pack,1.99
U08703,2026-03-08,17,Small Pack,0.99
U09843,2026-03-08,28,Small Pack,0.99
U11391,2026-03-08,29,Event Pack,14.99
U11798,2026-03-08,29,Premium Pack,49.99
U12389,2026-03-08,22,Event Pack,14.99
U12691,2026-03-08,13,Cosmetic,19.99
U13640,2026-03-08,45,Small Pack,2.99
U14130,2026-03-08,36,Event Pack,9.99
U14906,2026-03-08,38,Premium Pack,19.99
U14927,2026-03-08,62,Monthly Pass,4.99
U18883,2026-03-08,20,Event Pack,14.99
U19084,2026-03-08,10,Cosmetic,9.99
U19433,2026-03-08,51,Small Pack,1.99
U19862,2026-03-08,21,Small Pack,1.99
U20686,2026-03-08,23,Monthly Pass,5.99
U21247,2026-03-08,19,Event Pack,14.99
U21352,2026-03-08,16,Monthly Pass,5.99
U22357,2026-03-08,34,Cosmetic,19.99
U22748,2026-03-08,55,Small Pack,1.99
U22962,2026-03-08,38,Premium Pack,99.99
U24295,2026-03-08,60,Cosmetic,19.99
U24553,2026-03-08,14,Small Pack,2.99
U24850,2026-03-08,23,Small Pack,0.99
U24881,2026-03-08,29,Event Pack,9.99
U24947,2026-03-08,17,Event Pack,4.99
U25355,2026-03-08,60,Premium Pack,49.99
U26006,2026-03-08,19,Small Pack,0.99
U26571,2026-03-08,54,Monthly Pass,5.99
U27065,2026-03-08,12,Premium Pack,49.99
U27107,2026-03-08,26,Event Pack,4.99
U27535,2026-03-08,22,Small Pack,2.99
U27649,2026-03-08,60,Small Pack,1.99
U28864,2026-03-08,30,Cosmetic,29.99
U29759,2026-03-08,35,Event Pack,9.99
U30666,2026-03-08,63,Premium Pack,49.99
U31907,2026-03-08,55,Monthly Pass,4.99
U32013,2026-03-08,18,Premium Pack,49.99
U32196,2026-03-08,50,Event Pack,4.99
U32540,2026-03-08,42,Event Pack,14.99
U33451,2026-03-08,63,Event Pack,9.99
U33937,2026-03-08,8,Cosmetic,19.99
U34981,2026-03-08,14,Monthly Pass,4.99
U35220,2026-03-08,58,Monthly Pass,5.99
U36344,2026-03-08,10,Cosmetic,29.99
U36679,2026-03-08,62,Monthly Pass,5.99
U38489,2026-03-08,37,Premium Pack,99.99
U40152,2026-03-08,38,Event Pack,4.99
U40480,2026-03-08,8,Small Pack,1.99
U40880,2026-03-08,40,Small Pack,0.99
U41049,2026-03-08,25,Monthly Pass,4.99
U41146,2026-03-08,33,Event Pack,14.99
U41390,2026-03-08,11,Monthly Pass,5.99
U41608,2026-03-08,13,Event Pack,14.99
U42736,2026-03-08,22,Monthly Pass,5.99
U43201,2026-03-08,15,Small Pack,2.99
U43552,2026-03-08,12,Event Pack,14.99
U43735,2026-03-08,8,Event Pack,4.99
U44019,2026-03-08,55,Event Pack,14.99
U44177,2026-03-08,9,Monthly Pass,4.99
U46820,2026-03-08,28,Monthly Pass,4.99
U47012,2026-03-08,25,Cosmetic,19.99
U49250,2026-03-08,48,Monthly Pass,4.99
U49477,2026-03-08,43,Small Pack,1.99
U00675,2026-03-09,10,Premium Pack,49.99
U00846,2026-03-09,30,Cosmetic,9.99
U01029,2026-03-09,12,Premium Pack,99.99
U01257,2026-03-09,15,Small Pack,2.99
U03277,2026-03-09,35,Event Pack,14.99
U03407,2026-03-09,23,Premium Pack,49.99
U03446,2026-03-09,19,Event Pack,9.99
U03805,2026-03-09,62,Small Pack,1.99
U04074,2026-03-09,51,Monthly Pass,5.99
U04564,2026-03-09,13,Event Pack,9.99
U04811,2026-03-09,52,Event Pack,14.99
U05722,2026-03-09,11,Event Pack,9.99
U05944,2026-03-09,40,Small Pack,2.99
U06113,2026-03-09,16,Cosmetic,19.99
U08189,2026-03-09,18,Small Pack,0.99
U08212,2026-03-09,11,Event Pack,9.99
U08362,2026-03-09,63,Event Pack,4.99
U08556,2026-03-09,37,Premium Pack,49.99
U08830,2026-03-09,9,Cosmetic,29.99
U08994,2026-03-09,18,Premium Pack,49.99
U11567,2026-03-09,38,Small Pack,1.99
U11678,2026-03-09,10,Monthly Pass,4.99
U12129,2026-03-09,35,Monthly Pass,4.99
U12255,2026-03-09,15,Small Pack,0.99
U12809,2026-03-09,13,Premium Pack,99.99
U13049,2026-03-09,44,Event Pack,4.99
U13477,2026-03-09,20,Cosmetic,9.99
U13684,2026-03-09,45,Monthly Pass,5.99
U14239,2026-03-09,24,Event Pack,14.99
U15201,2026-03-09,40,Event Pack,14.99
U15309,2026-03-09,45,Small Pack,2.99
U16214,2026-03-09,40,Small Pack,0.99
U18864,2026-03-09,26,Event Pack,14.99
U18875,2026-03-09,18,Cosmetic,9.99
U19996,2026-03-09,9,Event Pack,4.99
U20129,2026-03-09,11,Event Pack,14.99
U20771,2026-03-09,32,Monthly Pass,5.99
U21222,2026-03-09,13,Premium Pack,19.99
U21465,2026-03-09,35,Premium Pack,99.99
U22353,2026-03-09,21,Small Pack,2.99
U23161,2026-03-09,49,Event Pack,14.99
U25322,2026-03-09,24,Event Pack,4.99
U25868,2026-03-09,52,Cosmetic,29.99
U25923,2026-03-09,37,Monthly Pass,5.99
U28639,2026-03-09,26,Event Pack,4.99
U29015,2026-03-09,31,Event Pack,9.99
U29671,2026-03-09,21,Premium Pack,99.99
U29841,2026-03-09,9,Event Pack,9.99
U30784,2026-03-09,16,Small Pack,1.99
U30875,2026-03-09,26,Event Pack,14.99
U31102,2026-03-09,17,Cosmetic,29.99
U31336,2026-03-09,13,Premium Pack,99.99
U31450,2026-03-09,27,Event Pack,4.99
U31702,2026-03-09,45,Event Pack,14.99
U32272,2026-03-09,15,Event Pack,4.99
U34461,2026-03-09,22,Monthly Pass,4.99
U36165,2026-03-09,20,Premium Pack,49.99
U39757,2026-03-09,30,Monthly Pass,5.99
U39922,2026-03-09,56,Monthly Pass,5.99
U40656,2026-03-09,56,Monthly Pass,5.99
U41219,2026-03-09,47,Small Pack,0.99
U42368,2026-03-09,64,Monthly Pass,5.99
U42669,2026-03-09,23,Small Pack,2.99
U43635,2026-03-09,64,Monthly Pass,5.99
U44701,2026-03-09,42,Premium Pack,19.99
U44948,2026-03-09,13,Monthly Pass,4.99
U45048,2026-03-09,16,Monthly Pass,4.99
U45272,2026-03-09,51,Monthly Pass,4.99
U47050,2026-03-09,56,Small Pack,0.99
U49757,2026-03-09,26,Small Pack,1.99
U49782,2026-03-09,29,Event Pack,9.99
U49930,2026-03-09,29,Cosmetic,29.99
U49983,2026-03-09,12,Event Pack,4.99
U00480,2026-03-10,54,Premium Pack,49.99
U01038,2026-03-10,16,Premium Pack,49.99
U01343,2026-03-10,10,Monthly Pass,5.99
U01353,2026-03-10,27,Premium Pack,19.99
U02930,2026-03-10,47,Small Pack,1.99
U03826,2026-03-10,20,Premium Pack,49.99
U09258,2026-03-10,67,Monthly Pass,5.99
U11413,2026-03-10,44,Monthly Pass,5.99
U11776,2026-03-10,34,Premium Pack,49.99
U12158,2026-03-10,17,Event Pack,9.99
U12777,2026-03-10,13,Small Pack,2.99
U12901,2026-03-10,26,Small Pack,0.99
U13576,2026-03-10,25,Cosmetic,29.99
U15246,2026-03-10,12,Event Pack,9.99
U15262,2026-03-10,38,Event Pack,14.99
U15388,2026-03-10,17,Event Pack,9.99
U16912,2026-03-10,31,Event Pack,14.99
U17139,2026-03-10,38,Small Pack,2.99
U17727,2026-03-10,52,Monthly Pass,4.99
U18907,2026-03-10,22,Monthly Pass,4.99
U19821,2026-03-10,44,Event Pack,9.99
U20975,2026-03-10,45,Small Pack,2.99
U21595,2026-03-10,19,Cosmetic,9.99
U21958,2026-03-10,13,Event Pack,4.99
U22269,2026-03-10,42,Event Pack,14.99
U22836,2026-03-10,33,Small Pack,1.99
U22945,2026-03-10,19,Event Pack,9.99
U23807,2026-03-10,64,Monthly Pass,4.99
U24886,2026-03-10,37,Event Pack,9.99
U24943,2026-03-10,12,Monthly Pass,5.99
U24974,2026-03-10,37,Small Pack,0.99
U25635,2026-03-10,65,Event Pack,14.99
U25723,2026-03-10,57,Small Pack,1.99
U26566,2026-03-10,33,Small Pack,0.99
U26891,2026-03-10,11,Cosmetic,29.99
U27075,2026-03-10,39,Event Pack,4.99
U27294,2026-03-10,38,Small Pack,0.99
U27948,2026-03-10,10,Event Pack,4.99
U28216,2026-03-10,56,Cosmetic,29.99
U29111,2026-03-10,67,Event Pack,9.99
U29150,2026-03-10,24,Premium Pack,99.99
U29227,2026-03-10,52,Event Pack,9.99
U29572,2026-03-10,40,Premium Pack,19.99
U29953,2026-03-10,32,Monthly Pass,5.99
U30784,2026-03-10,17,Event Pack,14.99
U31336,2026-03-10,14,Monthly Pass,4.99
U31459,2026-03-10,16,Cosmetic,19.99
U31738,2026-03-10,32,Small Pack,2.99
U32887,2026-03-10,60,Small Pack,2.99
U33188,2026-03-10,15,Event Pack,4.99
U33886,2026-03-10,19,Cosmetic,29.99
U35385,2026-03-10,15,Premium Pack,49.99
U37348,2026-03-10,61,Premium Pack,49.99
U38086,2026-03-10,55,Monthly Pass,4.99
U38383,2026-03-10,56,Event Pack,4.99
U39247,2026-03-10,27,Monthly Pass,4.99
U39602,2026-03-10,50,Monthly Pass,5.99
U40172,2026-03-10,52,Monthly Pass,4.99
U41590,2026-03-10,31,Monthly Pass,5.99
U42242,2026-03-10,22,Event Pack,4.99
U42877,2026-03-10,54,Premium Pack,99.99
U42885,2026-03-10,39,Small Pack,2.99
U43238,2026-03-10,10,Event Pack,4.99
U43558,2026-03-10,12,Cosmetic,29.99
U43672,2026-03-10,12,Monthly Pass,4.99
U44064,2026-03-10,12,Small Pack,0.99
U44470,2026-03-10,17,Event Pack,9.99
U44915,2026-03-10,27,Premium Pack,49.99
U45388,2026-03-10,35,Event Pack,14.99
U45820,2026-03-10,12,Event Pack,14.99
U47147,2026-03-10,26,Monthly Pass,4.99
U47266,2026-03-10,34,Small Pack,0.99
U47645,2026-03-10,49,Small Pack,1.99
U48630,2026-03-10,14,Cosmetic,9.99
U49967,2026-03-10,50,Event Pack,9.99
U01673,2026-03-11,37,Event Pack,9.99
U02403,2026-03-11,41,Event Pack,9.99
U03088,2026-03-11,12,Small Pack,0.99
U03265,2026-03-11,24,Small Pack,1.99
U04344,2026-03-11,15,Premium Pack,19.99
U04757,2026-03-11,28,Small Pack,0.99
U05216,2026-03-11,58,Event Pack,14.99
U05238,2026-03-11,62,Small Pack,0.99
U06045,2026-03-11,14,Monthly Pass,4.99
U06274,2026-03-11,17,Small Pack,0.99
U08395,2026-03-11,55,Cosmetic,29.99
U08836,2026-03-11,34,Small Pack,0.99
U09040,2026-03-11,28,Small Pack,1.99
U10195,2026-03-11,18,Event Pack,14.99
U12219,2026-03-11,18,Cosmetic,9.99
U12803,2026-03-11,41,Event Pack,9.99
U12861,2026-03-11,20,Premium Pack,99.99
U12912,2026-03-11,11,Event Pack,9.99
U13031,2026-03-11,64,Event Pack,4.99
U14911,2026-03-11,53,Premium Pack,99.99
U16323,2026-03-11,19,Small Pack,1.99
U16395,2026-03-11,67,Small Pack,2.99
U16514,2026-03-11,12,Small Pack,2.99
U16669,2026-03-11,31,Monthly Pass,5.99
U17250,2026-03-11,37,Monthly Pass,5.99
U17615,2026-03-11,16,Small Pack,1.99
U18019,2026-03-11,12,Small Pack,0.99
U18493,2026-03-11,37,Small Pack,2.99
U18883,2026-03-11,23,Monthly Pass,4.99
U19480,2026-03-11,21,Event Pack,9.99
U19487,2026-03-11,13,Event Pack,14.99
U19902,2026-03-11,21,Cosmetic,29.99
U20642,2026-03-11,27,Event Pack,9.99
U21040,2026-03-11,30,Event Pack,9.99
U22170,2026-03-11,19,Small Pack,2.99
U22299,2026-03-11,40,Event Pack,9.99
U22308,2026-03-11,31,Small Pack,2.99
U22969,2026-03-11,57,Event Pack,4.99
U23247,2026-03-11,20,Small Pack,2.99
U23667,2026-03-11,16,Event Pack,4.99
U24290,2026-03-11,45,Event Pack,4.99
U24542,2026-03-11,16,Small Pack,0.99
U25720,2026-03-11,63,Event Pack,14.99
U26122,2026-03-11,19,Monthly Pass,5.99
U26562,2026-03-11,27,Cosmetic,29.99
U27562,2026-03-11,57,Small Pack,0.99
U27667,2026-03-11,14,Event Pack,9.99
U30199,2026-03-11,44,Event Pack,14.99
U32411,2026-03-11,37,Small Pack,2.99
U33170,2026-03-11,45,Cosmetic,19.99
U33536,2026-03-11,47,Premium Pack,49.99
U38287,2026-03-11,22,Cosmetic,9.99
U38382,2026-03-11,11,Cosmetic,9.99
U38664,2026-03-11,12,Small Pack,0.99
U38979,2026-03-11,54,Small Pack,0.99
U40284,2026-03-11,18,Small Pack,0.99
U41798,2026-03-11,21,Event Pack,4.99
U42736,2026-03-11,25,Monthly Pass,4.99
U44943,2026-03-11,49,Event Pack,9.99
U45900,2026-03-11,25,Event Pack,4.99
U46231,2026-03-11,69,Event Pack,9.99
U46344,2026-03-11,48,Small Pack,1.99
U47310,2026-03-11,44,Event Pack,4.99
U47455,2026-03-11,20,Monthly Pass,4.99
U47465,2026-03-11,66,Cosmetic,9.99
U48086,2026-03-11,13,Monthly Pass,5.99
U48942,2026-03-11,53,Event Pack,9.99
U00709,2026-03-12,62,Event Pack,14.99
U01387,2026-03-12,18,Small Pack,2.99
U02456,2026-03-12,20,Small Pack,1.99
U04604,2026-03-12,32,Event Pack,4.99
U05198,2026-03-12,15,Monthly Pass,5.99
U05592,2026-03-12,59,Cosmetic,19.99
U05672,2026-03-12,13,Cosmetic,29.99
U06149,2026-03-12,44,Cosmetic,29.99
U08155,2026-03-12,62,Cosmetic,9.99
U08533,2026-03-12,41,Cosmetic,29.99
U08584,2026-03-12,45,Small Pack,2.99
U09558,2026-03-12,35,Small Pack,1.99
U09937,2026-03-12,25,Small Pack,0.99
U10475,2026-03-12,14,Event Pack,4.99
U10659,2026-03-12,50,Cosmetic,19.99
U10749,2026-03-12,26,Small Pack,2.99
U11077,2026-03-12,22,Monthly Pass,4.99
U11133,2026-03-12,13,Monthly Pass,5.99
U11538,2026-03-12,29,Event Pack,14.99
U11935,2026-03-12,30,Small Pack,2.99
U11972,2026-03-12,27,Small Pack,2.99
U12625,2026-03-12,23,Small Pack,0.99
U12686,2026-03-12,13,Event Pack,9.99
U13527,2026-03-12,14,Cosmetic,29.99
U13588,2026-03-12,13,Premium Pack,19.99
U14014,2026-03-12,36,Event Pack,14.99
U14019,2026-03-12,50,Event Pack,4.99
U14096,2026-03-12,24,Small Pack,2.99
U15469,2026-03-12,40,Small Pack,2.99
U16233,2026-03-12,13,Monthly Pass,5.99
U18053,2026-03-12,58,Event Pack,14.99
U18421,2026-03-12,26,Monthly Pass,4.99
U18634,2026-03-12,49,Event Pack,4.99
U18704,2026-03-12,45,Small Pack,0.99
U19262,2026-03-12,69,Monthly Pass,4.99
U20537,2026-03-12,54,Event Pack,9.99
U20646,2026-03-12,44,Small Pack,1.99
U22270,2026-03-12,38,Small Pack,1.99
U22755,2026-03-12,28,Small Pack,1.99
U23586,2026-03-12,30,Premium Pack,49.99
U24974,2026-03-12,39,Event Pack,4.99
U25216,2026-03-12,46,Small Pack,2.99
U25329,2026-03-12,69,Small Pack,2.99
U26235,2026-03-12,44,Premium Pack,99.99
U26493,2026-03-12,45,Premium Pack,49.99
U27317,2026-03-12,42,Event Pack,9.99
U27433,2026-03-12,16,Premium Pack,49.99
U27540,2026-03-12,23,Premium Pack,99.99
U28619,2026-03-12,53,Monthly Pass,5.99
U29627,2026-03-12,34,Monthly Pass,4.99
U30222,2026-03-12,36,Cosmetic,9.99
U33404,2026-03-12,54,Small Pack,0.99
U33461,2026-03-12,42,Event Pack,9.99
U33746,2026-03-12,57,Small Pack,0.99
U34327,2026-03-12,14,Small Pack,2.99
U35161,2026-03-12,17,Monthly Pass,4.99
U36344,2026-03-12,14,Premium Pack,99.99
U36907,2026-03-12,17,Small Pack,0.99
U37975,2026-03-12,23,Monthly Pass,5.99
U40047,2026-03-12,42,Monthly Pass,5.99
U41600,2026-03-12,60,Small Pack,2.99
U41931,2026-03-12,41,Event Pack,4.99
U42740,2026-03-12,58,Cosmetic,29.99
U42930,2026-03-12,49,Small Pack,0.99
U43187,2026-03-12,30,Cosmetic,29.99
U43564,2026-03-12,21,Event Pack,9.99
U43677,2026-03-12,35,Monthly Pass,5.99
U43712,2026-03-12,59,Monthly Pass,4.99
U44750,2026-03-12,52,Premium Pack,49.99
U45488,2026-03-12,34,Small Pack,0.99
U45755,2026-03-12,23,Event Pack,14.99
U46480,2026-03-12,45,Event Pack,4.99
U47115,2026-03-12,58,Monthly Pass,5.99
U47372,2026-03-12,32,Premium Pack,49.99
U47693,2026-03-12,30,Monthly Pass,4.99
U47746,2026-03-12,41,Event Pack,14.99
U48821,2026-03-12,59,Small Pack,0.99
U04604,2026-03-13,33,Cosmetic,19.99
U05084,2026-03-13,33,Event Pack,14.99
U05198,2026-03-13,16,Monthly Pass,4.99
U05905,2026-03-13,14,Event Pack,4.99
U08046,2026-03-13,37,Monthly Pass,4.99
U08853,2026-03-13,22,Event Pack,14.99
U08985,2026-03-13,50,Premium Pack,49.99
U09500,2026-03-13,14,Small Pack,2.99
U10926,2026-03-13,36,Event Pack,14.99
U11107,2026-03-13,59,Small Pack,1.99
U12022,2026-03-13,56,Event Pack,14.99
U12129,2026-03-13,39,Small Pack,0.99
U12392,2026-03-13,57,Small Pack,1.99
U12798,2026-03-13,22,Event Pack,9.99
U13354,2026-03-13,46,Event Pack,14.99
U14242,2026-03-13,20,Premium Pack,49.99
U14863,2026-03-13,19,Event Pack,14.99
U15148,2026-03-13,27,Monthly Pass,5.99
U15299,2026-03-13,44,Cosmetic,19.99
U15387,2026-03-13,40,Event Pack,14.99
U15581,2026-03-13,33,Small Pack,1.99
U15783,2026-03-13,18,Cosmetic,19.99
U15902,2026-03-13,53,Small Pack,0.99
U15937,2026-03-13,32,Event Pack,4.99
U16475,2026-03-13,23,Monthly Pass,5.99
U19457,2026-03-13,14,Event Pack,9.99
U22083,2026-03-13,25,Small Pack,2.99
U22173,2026-03-13,43,Event Pack,9.99
U22278,2026-03-13,52,Monthly Pass,4.99
U22374,2026-03-13,58,Cosmetic,29.99
U24200,2026-03-13,13,Event Pack,14.99
U25279,2026-03-13,15,Small Pack,1.99
U25845,2026-03-13,50,Cosmetic,19.99
U26582,2026-03-13,17,Small Pack,0.99
U27141,2026-03-13,25,Cosmetic,9.99
U27743,2026-03-13,29,Cosmetic,19.99
U28675,2026-03-13,14,Small Pack,0.99
U29516,2026-03-13,47,Small Pack,2.99
U30459,2026-03-13,22,Small Pack,0.99
U31593,2026-03-13,47,Event Pack,4.99
U32334,2026-03-13,14,Premium Pack,19.99
U32395,2026-03-13,51,Event Pack,9.99
U33450,2026-03-13,15,Cosmetic,29.99
U33461,2026-03-13,43,Cosmetic,19.99
U33886,2026-03-13,22,Monthly Pass,5.99
U34941,2026-03-13,50,Small Pack,1.99
U35886,2026-03-13,14,Monthly Pass,4.99
U37507,2026-03-13,51,Small Pack,0.99
U38095,2026-03-13,14,Event Pack,9.99
U38514,2026-03-13,34,Monthly Pass,5.99
U38557,2026-03-13,52,Premium Pack,99.99
U39538,2026-03-13,58,Premium Pack,19.99
U39937,2026-03-13,15,Small Pack,2.99
U40533,2026-03-13,57,Premium Pack,99.99
U40568,2026-03-13,25,Premium Pack,19.99
U40681,2026-03-13,17,Event Pack,4.99
U40784,2026-03-13,17,Small Pack,0.99
U41652,2026-03-13,30,Cosmetic,9.99
U41934,2026-03-13,66,Small Pack,0.99
U42532,2026-03-13,44,Event Pack,14.99
U42800,2026-03-13,14,Event Pack,9.99
U42802,2026-03-13,49,Monthly Pass,4.99
U43064,2026-03-13,26,Small Pack,1.99
U44133,2026-03-13,27,Monthly Pass,5.99
U47643,2026-03-13,26,Small Pack,0.99
U47780,2026-03-13,40,Event Pack,9.99
U47807,2026-03-13,16,Event Pack,14.99
U49069,2026-03-13,55,Event Pack,9.99
U00010,2026-03-14,39,Monthly Pass,4.99
U01101,2026-03-14,19,Small Pack,1.99
U02049,2026-03-14,57,Small Pack,0.99
U02766,2026-03-14,27,Event Pack,14.99
U02941,2026-03-14,45,Monthly Pass,4.99
U03102,2026-03-14,48,Monthly Pass,5.99
U03158,2026-03-14,58,Monthly Pass,4.99
U03403,2026-03-14,34,Event Pack,14.99
U03454,2026-03-14,14,Small Pack,0.99
U05478,2026-03-14,26,Monthly Pass,5.99
U05798,2026-03-14,55,Monthly Pass,4.99
U06008,2026-03-14,36,Monthly Pass,5.99
U06362,2026-03-14,17,Cosmetic,29.99
U07584,2026-03-14,57,Cosmetic,29.99
U07884,2026-03-14,30,Event Pack,14.99
U08246,2026-03-14,14,Monthly Pass,5.99
U08594,2026-03-14,21,Event Pack,14.99
U08653,2026-03-14,55,Event Pack,14.99
U08787,2026-03-14,64,Event Pack,4.99
U09590,2026-03-14,27,Monthly Pass,4.99
U10599,2026-03-14,51,Small Pack,1.99
U10657,2026-03-14,33,Event Pack,4.99
U11771,2026-03-14,39,Small Pack,2.99
U12424,2026-03-14,57,Premium Pack,49.99
U12438,2026-03-14,33,Monthly Pass,5.99
U12980,2026-03-14,37,Small Pack,2.99
U13628,2026-03-14,41,Cosmetic,19.99
U13634,2026-03-14,18,Cosmetic,29.99
U14327,2026-03-14,51,Event Pack,4.99
U14863,2026-03-14,20,Cosmetic,29.99
U16327,2026-03-14,71,Cosmetic,9.99
U16391,2026-03-14,69,Event Pack,4.99
U16945,2026-03-14,23,Small Pack,0.99
U20987,2026-03-14,34,Cosmetic,19.99
U21239,2026-03-14,30,Small Pack,2.99
U21265,2026-03-14,72,Monthly Pass,5.99
U21796,2026-03-14,65,Cosmetic,19.99
U22251,2026-03-14,22,Event Pack,9.99
U23443,2026-03-14,19,Event Pack,4.99
U24086,2026-03-14,41,Cosmetic,19.99
U25792,2026-03-14,25,Small Pack,2.99
U25845,2026-03-14,51,Small Pack,0.99
U27345,2026-03-14,67,Event Pack,4.99
U27516,2026-03-14,35,Monthly Pass,4.99
U28106,2026-03-14,28,Monthly Pass,5.99
U28968,2026-03-14,34,Premium Pack,19.99
U29040,2026-03-14,18,Monthly Pass,5.99
U29137,2026-03-14,42,Small Pack,2.99
U29989,2026-03-14,27,Small Pack,2.99
U30536,2026-03-14,21,Event Pack,9.99
U31654,2026-03-14,14,Cosmetic,9.99
U33467,2026-03-14,38,Small Pack,1.99
U33619,2026-03-14,43,Cosmetic,19.99
U34072,2026-03-14,14,Event Pack,4.99
U34576,2026-03-14,21,Cosmetic,19.99
U36553,2026-03-14,58,Cosmetic,29.99
U36660,2026-03-14,55,Monthly Pass,4.99
U38447,2026-03-14,17,Premium Pack,19.99
U38600,2026-03-14,20,Monthly Pass,5.99
U39028,2026-03-14,28,Small Pack,1.99
U39035,2026-03-14,72,Event Pack,9.99
U39354,2026-03-14,51,Monthly Pass,5.99
U39472,2026-03-14,68,Cosmetic,19.99
U44373,2026-03-14,64,Event Pack,14.99
U45755,2026-03-14,25,Premium Pack,19.99
U45968,2026-03-14,43,Small Pack,2.99
U46226,2026-03-14,32,Cosmetic,9.99
U46678,2026-03-14,27,Cosmetic,9.99
U47091,2026-03-14,25,Event Pack,14.99
U49266,2026-03-14,17,Monthly Pass,5.99
U49314,2026-03-14,56,Cosmetic,19.99
U49782,2026-03-14,34,Small Pack,1.99
U00002,2026-03-15,28,Event Pack,4.99
U01443,2026-03-15,47,Cosmetic,19.99
U01534,2026-03-15,16,Event Pack,14.99
U02804,2026-03-15,36,Small Pack,0.99
U04803,2026-03-15,24,Event Pack,4.99
U05394,2026-03-15,45,Event Pack,4.99
U06624,2026-03-15,24,Event Pack,9.99
U07175,2026-03-15,29,Monthly Pass,4.99
U07783,2026-03-15,29,Event Pack,4.99
U08310,2026-03-15,23,Event Pack,9.99
U09558,2026-03-15,38,Event Pack,14.99
U10233,2026-03-15,73,Cosmetic,19.99
U10736,2026-03-15,16,Event Pack,14.99
U13026,2026-03-15,36,Monthly Pass,5.99
U13270,2026-03-15,44,Small Pack,1.99
U13698,2026-03-15,23,Small Pack,1.99
U14210,2026-03-15,28,Event Pack,14.99
U15088,2026-03-15,17,Event Pack,9.99
U15091,2026-03-15,33,Monthly Pass,4.99
U15623,2026-03-15,68,Monthly Pass,4.99
U15664,2026-03-15,59,Monthly Pass,4.99
U16739,2026-03-15,19,Cosmetic,19.99
U17252,2026-03-15,71,Event Pack,14.99
U17306,2026-03-15,48,Cosmetic,9.99
U17356,2026-03-15,29,Premium Pack,49.99
U17543,2026-03-15,19,Small Pack,0.99
U18948,2026-03-15,37,Event Pack,4.99
U20129,2026-03-15,17,Small Pack,0.99
U20900,2026-03-15,47,Event Pack,4.99
U21255,2026-03-15,24,Small Pack,1.99
U23239,2026-03-15,56,Event Pack,9.99
U24594,2026-03-15,37,Small Pack,2.99
U27040,2026-03-15,67,Cosmetic,19.99
U27352,2026-03-15,39,Monthly Pass,4.99
U27796,2026-03-15,24,Monthly Pass,4.99
U28545,2026-03-15,28,Cosmetic,29.99
U29627,2026-03-15,37,Premium Pack,19.99
U29671,2026-03-15,27,Small Pack,0.99
U32771,2026-03-15,72,Monthly Pass,4.99
U34806,2026-03-15,58,Monthly Pass,4.99
U35803,2026-03-15,17,Event Pack,4.99
U35978,2026-03-15,23,Cosmetic,19.99
U36521,2026-03-15,26,Monthly Pass,4.99
U37719,2026-03-15,17,Cosmetic,9.99
U37850,2026-03-15,42,Cosmetic,9.99
U38117,2026-03-15,15,Premium Pack,49.99
U38223,2026-03-15,17,Event Pack,14.99
U39399,2026-03-15,23,Monthly Pass,4.99
U40595,2026-03-15,30,Cosmetic,9.99
U40653,2026-03-15,60,Cosmetic,19.99
U41304,2026-03-15,41,Event Pack,4.99
U41491,2026-03-15,72,Small Pack,2.99
U42176,2026-03-15,32,Monthly Pass,4.99
U43984,2026-03-15,48,Monthly Pass,5.99
U44063,2026-03-15,56,Cosmetic,29.99
U44171,2026-03-15,46,Monthly Pass,4.99
U44394,2026-03-15,18,Monthly Pass,4.99
U44408,2026-03-15,20,Cosmetic,29.99
U44725,2026-03-15,42,Small Pack,0.99
U44746,2026-03-15,57,Cosmetic,29.99
U45258,2026-03-15,22,Monthly Pass,5.99
U46584,2026-03-15,28,Small Pack,0.99
U47166,2026-03-15,16,Premium Pack,99.99
U47562,2026-03-15,26,Event Pack,9.99
U47767,2026-03-15,54,Small Pack,0.99
U48013,2026-03-15,19,Event Pack,9.99
U48298,2026-03-15,15,Event Pack,14.99
U00377,2026-03-16,65,Premium Pack,99.99
U02469,2026-03-16,46,Cosmetic,9.99
U02518,2026-03-16,20,Event Pack,4.99
U03311,2026-03-16,73,Cosmetic,29.99
U04381,2026-03-16,56,Cosmetic,29.99
U05143,2026-03-16,16,Cosmetic,9.99
U07382,2026-03-16,35,Cosmetic,29.99
U07389,2026-03-16,22,Event Pack,4.99
U08212,2026-03-16,18,Premium Pack,99.99
U08310,2026-03-16,24,Cosmetic,9.99
U09161,2026-03-16,34,Small Pack,0.99
U10060,2026-03-16,66,Cosmetic,29.99
U11262,2026-03-16,72,Cosmetic,9.99
U13117,2026-03-16,41,Event Pack,14.99
U14268,2026-03-16,20,Monthly Pass,5.99
U14739,2026-03-16,19,Small Pack,1.99
U15283,2026-03-16,20,Small Pack,2.99
U15474,2026-03-16,47,Monthly Pass,4.99
U15481,2026-03-16,41,Small Pack,0.99
U15608,2026-03-16,36,Event Pack,4.99
U16905,2026-03-16,28,Event Pack,14.99
U17184,2026-03-16,18,Premium Pack,99.99
U18634,2026-03-16,53,Monthly Pass,5.99
U19311,2026-03-16,17,Small Pack,1.99
U20752,2026-03-16,16,Cosmetic,9.99
U21864,2026-03-16,60,Small Pack,0.99
U22503,2026-03-16,23,Cosmetic,29.99
U22873,2026-03-16,70,Small Pack,2.99
U22993,2026-03-16,56,Monthly Pass,5.99
U23819,2026-03-16,23,Small Pack,2.99
U24330,2026-03-16,39,Cosmetic,9.99
U26904,2026-03-16,37,Small Pack,1.99
U27140,2026-03-16,69,Premium Pack,19.99
U28680,2026-03-16,30,Small Pack,2.99
U30700,2026-03-16,40,Cosmetic,29.99
U31470,2026-03-16,31,Event Pack,9.99
U31697,2026-03-16,70,Small Pack,2.99
U32013,2026-03-16,26,Event Pack,14.99
U33092,2026-03-16,21,Cosmetic,29.99
U33210,2026-03-16,42,Cosmetic,9.99
U34019,2026-03-16,36,Small Pack,1.99
U34072,2026-03-16,16,Premium Pack,19.99
U34221,2026-03-16,52,Premium Pack,49.99
U34414,2026-03-16,44,Event Pack,14.99
U35482,2026-03-16,72,Monthly Pass,5.99
U35641,2026-03-16,51,Cosmetic,19.99
U37007,2026-03-16,31,Monthly Pass,5.99
U37356,2026-03-16,58,Monthly Pass,5.99
U40093,2026-03-16,32,Monthly Pass,5.99
U40167,2026-03-16,45,Small Pack,0.99
U40192,2026-03-16,50,Premium Pack,99.99
U43908,2026-03-16,18,Small Pack,1.99
U44745,2026-03-16,49,Monthly Pass,4.99
U45064,2026-03-16,33,Monthly Pass,4.99
U45592,2026-03-16,40,Event Pack,4.99
U46163,2026-03-16,49,Monthly Pass,5.99
U46895,2026-03-16,41,Cosmetic,29.99
U48573,2026-03-16,49,Small Pack,0.99
U00729,2026-03-17,59,Monthly Pass,5.99
U00924,2026-03-17,22,Premium Pack,99.99
U01045,2026-03-17,27,Small Pack,2.99
U02275,2026-03-17,35,Event Pack,4.99
U04874,2026-03-17,54,Premium Pack,49.99
U05586,2026-03-17,44,Small Pack,2.99
U06173,2026-03-17,47,Event Pack,14.99
U06504,2026-03-17,59,Small Pack,1.99
U08371,2026-03-17,26,Monthly Pass,5.99
U10063,2026-03-17,34,Small Pack,1.99
U10552,2026-03-17,52,Cosmetic,29.99
U10722,2026-03-17,63,Small Pack,2.99
U11915,2026-03-17,61,Small Pack,0.99
U12610,2026-03-17,45,Monthly Pass,5.99
U13026,2026-03-17,38,Event Pack,4.99
U15661,2026-03-17,30,Event Pack,9.99
U16271,2026-03-17,34,Event Pack,9.99
U18365,2026-03-17,27,Monthly Pass,5.99
U19432,2026-03-17,36,Premium Pack,99.99
U20620,2026-03-17,37,Small Pack,0.99
U21074,2026-03-17,17,Small Pack,0.99
U22357,2026-03-17,43,Small Pack,0.99
U23214,2026-03-17,25,Premium Pack,49.99
U23425,2026-03-17,65,Event Pack,4.99
U23622,2026-03-17,37,Event Pack,9.99
U24462,2026-03-17,24,Small Pack,0.99
U25592,2026-03-17,25,Event Pack,9.99
U27317,2026-03-17,47,Monthly Pass,5.99
U29269,2026-03-17,34,Small Pack,0.99
U30157,2026-03-17,64,Monthly Pass,5.99
U31388,2026-03-17,19,Small Pack,2.99
U34987,2026-03-17,38,Event Pack,14.99
U35337,2026-03-17,25,Small Pack,0.99
U35725,2026-03-17,70,Cosmetic,9.99
U37035,2026-03-17,58,Monthly Pass,4.99
U37852,2026-03-17,33,Premium Pack,19.99
U38241,2026-03-17,53,Monthly Pass,5.99
U38438,2026-03-17,34,Event Pack,9.99
U38579,2026-03-17,51,Small Pack,1.99
U38727,2026-03-17,51,Small Pack,1.99
U38917,2026-03-17,20,Premium Pack,99.99
U40284,2026-03-17,24,Premium Pack,49.99
U40464,2026-03-17,26,Small Pack,1.99
U41498,2026-03-17,50,Event Pack,9.99
U42592,2026-03-17,51,Premium Pack,19.99
U44028,2026-03-17,54,Monthly Pass,4.99
U44325,2026-03-17,19,Event Pack,4.99
U44774,2026-03-17,34,Small Pack,2.99
U45463,2026-03-17,54,Cosmetic,19.99
U45632,2026-03-17,18,Small Pack,0.99
U46182,2026-03-17,60,Small Pack,1.99
U47161,2026-03-17,67,Event Pack,4.99
U47203,2026-03-17,42,Event Pack,4.99
U47973,2026-03-17,21,Premium Pack,99.99
U48042,2026-03-17,55,Cosmetic,19.99
U48134,2026-03-17,43,Event Pack,4.99
U00207,2026-03-18,41,Cosmetic,19.99
U00855,2026-03-18,22,Monthly Pass,4.99
U00895,2026-03-18,23,Event Pack,4.99
U01599,2026-03-18,33,Small Pack,1.99
U01955,2026-03-18,38,Event Pack,14.99
U02425,2026-03-18,38,Event Pack,4.99
U03446,2026-03-18,28,Monthly Pass,5.99
U03813,2026-03-18,38,Event Pack,9.99
U04583,2026-03-18,21,Small Pack,2.99
U04657,2026-03-18,29,Small Pack,2.99
U05461,2026-03-18,35,Cosmetic,19.99
U07601,2026-03-18,29,Premium Pack,19.99
U07657,2026-03-18,24,Cosmetic,29.99
U08303,2026-03-18,54,Monthly Pass,4.99
U08830,2026-03-18,18,Monthly Pass,4.99
U09491,2026-03-18,29,Event Pack,4.99
U10024,2026-03-18,76,Monthly Pass,4.99
U10758,2026-03-18,34,Monthly Pass,5.99
U10913,2026-03-18,67,Small Pack,0.99
U11059,2026-03-18,19,Small Pack,2.99
U11125,2026-03-18,71,Small Pack,1.99
U11370,2026-03-18,67,Small Pack,1.99
U11415,2026-03-18,36,Small Pack,1.99
U11433,2026-03-18,54,Premium Pack,49.99
U12158,2026-03-18,25,Small Pack,2.99
U13571,2026-03-18,75,Monthly Pass,4.99
U15648,2026-03-18,21,Small Pack,0.99
U15661,2026-03-18,31,Small Pack,1.99
U15845,2026-03-18,31,Event Pack,4.99
U16475,2026-03-18,28,Monthly Pass,4.99
U16981,2026-03-18,19,Monthly Pass,5.99
U17774,2026-03-18,24,Small Pack,1.99
U17868,2026-03-18,44,Small Pack,2.99
U18216,2026-03-18,71,Monthly Pass,5.99
U18421,2026-03-18,32,Monthly Pass,5.99
U20021,2026-03-18,37,Monthly Pass,5.99
U21259,2026-03-18,41,Small Pack,1.99
U22021,2026-03-18,22,Monthly Pass,5.99
U22748,2026-03-18,65,Event Pack,4.99
U23202,2026-03-18,52,Event Pack,14.99
U23247,2026-03-18,27,Event Pack,9.99
U23741,2026-03-18,27,Event Pack,9.99
U24698,2026-03-18,63,Small Pack,1.99
U25469,2026-03-18,29,Monthly Pass,4.99
U25735,2026-03-18,54,Monthly Pass,5.99
U26851,2026-03-18,60,Event Pack,14.99
U27611,2026-03-18,26,Premium Pack,49.99
U28749,2026-03-18,62,Cosmetic,19.99
U30755,2026-03-18,73,Monthly Pass,4.99
U33220,2026-03-18,35,Monthly Pass,4.99
U34668,2026-03-18,42,Small Pack,2.99
U35600,2026-03-18,21,Small Pack,2.99
U37178,2026-03-18,70,Monthly Pass,4.99
U37507,2026-03-18,56,Monthly Pass,4.99
U38554,2026-03-18,75,Event Pack,9.99
U39971,2026-03-18,69,Small Pack,1.99
U40039,2026-03-18,44,Small Pack,2.99
U40047,2026-03-18,48,Premium Pack,99.99
U43188,2026-03-18,18,Event Pack,4.99
U44523,2026-03-18,49,Event Pack,14.99
U45109,2026-03-18,27,Event Pack,14.99
U45721,2026-03-18,64,Small Pack,2.99
U46655,2026-03-18,43,Small Pack,2.99
U46742,2026-03-18,69,Event Pack,14.99
U01123,2026-03-19,33,Cosmetic,29.99
U01832,2026-03-19,57,Small Pack,2.99
U03025,2026-03-19,71,Monthly Pass,4.99
U03122,2026-03-19,28,Small Pack,1.99
U07218,2026-03-19,56,Event Pack,9.99
U07533,2026-03-19,54,Small Pack,1.99
U08046,2026-03-19,43,Monthly Pass,4.99
U08506,2026-03-19,57,Monthly Pass,5.99
U08752,2026-03-19,72,Small Pack,1.99
U09087,2026-03-19,34,Cosmetic,9.99
U09236,2026-03-19,39,Monthly Pass,5.99
U09971,2026-03-19,49,Event Pack,4.99
U10224,2026-03-19,68,Event Pack,4.99
U10582,2026-03-19,41,Cosmetic,19.99
U11571,2026-03-19,62,Small Pack,1.99
U11611,2026-03-19,23,Monthly Pass,5.99
U12255,2026-03-19,25,Small Pack,0.99
U12417,2026-03-19,57,Event Pack,14.99
U12854,2026-03-19,37,Event Pack,4.99
U12962,2026-03-19,28,Premium Pack,19.99
U13334,2026-03-19,57,Small Pack,1.99
U13477,2026-03-19,30,Small Pack,2.99
U14524,2026-03-19,51,Event Pack,14.99
U14824,2026-03-19,23,Small Pack,2.99
U15332,2026-03-19,75,Monthly Pass,5.99
U17099,2026-03-19,29,Premium Pack,99.99
U17313,2026-03-19,21,Small Pack,0.99
U17370,2026-03-19,49,Small Pack,2.99
U17439,2026-03-19,49,Small Pack,2.99
U17866,2026-03-19,43,Small Pack,0.99
U18198,2026-03-19,27,Premium Pack,19.99
U18645,2026-03-19,31,Monthly Pass,5.99
U19343,2026-03-19,49,Small Pack,0.99
U22748,2026-03-19,66,Monthly Pass,4.99
U23929,2026-03-19,63,Monthly Pass,5.99
U24816,2026-03-19,33,Event Pack,9.99
U28758,2026-03-19,70,Monthly Pass,4.99
U29127,2026-03-19,21,Event Pack,4.99
U29316,2026-03-19,52,Cosmetic,19.99
U30654,2026-03-19,61,Small Pack,1.99
U31470,2026-03-19,34,Small Pack,0.99
U33835,2026-03-19,45,Event Pack,4.99
U33846,2026-03-19,45,Small Pack,1.99
U34550,2026-03-19,73,Cosmetic,9.99
U34646,2026-03-19,26,Cosmetic,29.99
U36096,2026-03-19,44,Small Pack,0.99
U36342,2026-03-19,33,Premium Pack,49.99
U36506,2026-03-19,49,Cosmetic,29.99
U39602,2026-03-19,59,Monthly Pass,5.99
U39789,2026-03-19,48,Monthly Pass,4.99
U39856,2026-03-19,34,Cosmetic,9.99
U40256,2026-03-19,58,Event Pack,9.99
U40999,2026-03-19,57,Small Pack,1.99
U41069,2026-03-19,55,Event Pack,4.99
U43625,2026-03-19,38,Event Pack,14.99
U44274,2026-03-19,27,Cosmetic,19.99
U45484,2026-03-19,37,Monthly Pass,5.99
U47165,2026-03-19,23,Event Pack,9.99
U48024,2026-03-19,66,Event Pack,4.99
U49313,2026-03-19,63,Event Pack,14.99
U00185,2026-03-20,21,Small Pack,1.99
U02276,2026-03-20,24,Monthly Pass,5.99
U03158,2026-03-20,64,Cosmetic,29.99
U03853,2026-03-20,58,Small Pack,0.99
U04923,2026-03-20,25,Small Pack,0.99
U06400,2026-03-20,40,Small Pack,0.99
U06408,2026-03-20,68,Monthly Pass,4.99
U08083,2026-03-20,40,Monthly Pass,4.99
U08811,2026-03-20,48,Premium Pack,19.99
U09105,2026-03-20,32,Event Pack,9.99
U09482,2026-03-20,28,Cosmetic,9.99
U09540,2026-03-20,47,Monthly Pass,4.99
U10838,2026-03-20,61,Cosmetic,19.99
U11423,2026-03-20,60,Small Pack,0.99
U12056,2026-03-20,77,Monthly Pass,4.99
U12664,2026-03-20,30,Cosmetic,29.99
U14469,2026-03-20,46,Event Pack,4.99
U14760,2026-03-20,67,Premium Pack,49.99
U15088,2026-03-20,22,Small Pack,2.99
U15288,2026-03-20,39,Small Pack,2.99
U16897,2026-03-20,24,Premium Pack,19.99
U17190,2026-03-20,38,Cosmetic,29.99
U18743,2026-03-20,67,Event Pack,14.99
U22063,2026-03-20,49,Monthly Pass,5.99
U22810,2026-03-20,25,Cosmetic,29.99
U23249,2026-03-20,36,Monthly Pass,5.99
U23561,2026-03-20,42,Small Pack,0.99
U25810,2026-03-20,39,Small Pack,2.99
U26911,2026-03-20,58,Cosmetic,29.99
U27133,2026-03-20,41,Small Pack,0.99
U27764,2026-03-20,33,Small Pack,2.99
U28691,2026-03-20,32,Event Pack,4.99
U31363,2026-03-20,62,Small Pack,2.99
U33156,2026-03-20,75,Monthly Pass,5.99
U33450,2026-03-20,22,Cosmetic,9.99
U33483,2026-03-20,21,Small Pack,2.99
U34302,2026-03-20,72,Event Pack,9.99
U34765,2026-03-20,21,Cosmetic,19.99
U36314,2026-03-20,31,Premium Pack,99.99
U36756,2026-03-20,63,Cosmetic,29.99
U37154,2026-03-20,23,Premium Pack,49.99
U38135,2026-03-20,63,Small Pack,1.99
U38845,2026-03-20,39,Small Pack,1.99
U39448,2026-03-20,38,Small Pack,2.99
U40027,2026-03-20,36,Small Pack,1.99
U41131,2026-03-20,21,Small Pack,1.99
U42923,2026-03-20,24,Cosmetic,29.99
U43935,2026-03-20,39,Cosmetic,9.99
U45227,2026-03-20,38,Small Pack,2.99
U46074,2026-03-20,50,Cosmetic,29.99
U47169,2026-03-20,34,Cosmetic,19.99
U00185,2026-03-21,22,Small Pack,1.99
U00377,2026-03-21,70,Monthly Pass,4.99
U00549,2026-03-21,33,Small Pack,0.99
U00658,2026-03-21,35,Small Pack,2.99
U01527,2026-03-21,63,Premium Pack,49.99
U02156,2026-03-21,58,Monthly Pass,5.99
U08146,2026-03-21,22,Small Pack,0.99
U08674,2026-03-21,68,Small Pack,0.99
U09281,2026-03-21,39,Monthly Pass,4.99
U09673,2026-03-21,27,Event Pack,4.99
U11077,2026-03-21,31,Cosmetic,19.99
U11678,2026-03-21,22,Small Pack,0.99
U12551,2026-03-21,21,Monthly Pass,4.99
U15088,2026-03-21,23,Event Pack,9.99
U15898,2026-03-21,22,Event Pack,14.99
U16320,2026-03-21,48,Event Pack,14.99
U16993,2026-03-21,28,Small Pack,1.99
U19041,2026-03-21,72,Premium Pack,99.99
U19214,2026-03-21,35,Monthly Pass,5.99
U22210,2026-03-21,33,Cosmetic,9.99
U22919,2026-03-21,29,Cosmetic,9.99
U24107,2026-03-21,33,Small Pack,0.99
U24149,2026-03-21,25,Monthly Pass,5.99
U24459,2026-03-21,31,Small Pack,0.99
U25366,2026-03-21,64,Event Pack,14.99
U25622,2026-03-21,29,Event Pack,14.99
U26243,2026-03-21,66,Cosmetic,9.99
U26320,2026-03-21,26,Small Pack,0.99
U26480,2026-03-21,47,Small Pack,0.99
U26637,2026-03-21,41,Cosmetic,19.99
U27838,2026-03-21,44,Monthly Pass,4.99
U28505,2026-03-21,42,Small Pack,1.99
U29958,2026-03-21,70,Small Pack,2.99
U31267,2026-03-21,40,Premium Pack,49.99
U32500,2026-03-21,56,Monthly Pass,4.99
U34327,2026-03-21,23,Small Pack,2.99
U37355,2026-03-21,43,Cosmetic,9.99
U38547,2026-03-21,43,Event Pack,14.99
U38653,2026-03-21,73,Monthly Pass,5.99
U39527,2026-03-21,30,Event Pack,4.99
U40359,2026-03-21,22,Event Pack,4.99
U40642,2026-03-21,22,Monthly Pass,5.99
U43826,2026-03-21,79,Small Pack,0.99
U44274,2026-03-21,29,Small Pack,0.99
U44912,2026-03-21,61,Cosmetic,9.99
U45356,2026-03-21,39,Monthly Pass,4.99
U46973,2026-03-21,78,Monthly Pass,5.99
U47767,2026-03-21,60,Premium Pack,49.99
U48168,2026-03-21,23,Premium Pack,19.99
U48512,2026-03-21,29,Event Pack,4.99
U49936,2026-03-21,25,Monthly Pass,4.99
U00222,2026-03-22,38,Small Pack,0.99
U01367,2026-03-22,29,Monthly Pass,4.99
U01815,2026-03-22,24,Cosmetic,19.99
U02215,2026-03-22,50,Small Pack,0.99
U02487,2026-03-22,76,Premium Pack,99.99
U02745,2026-03-22,44,Premium Pack,99.99
U03510,2026-03-22,44,Premium Pack,99.99
U03933,2026-03-22,34,Small Pack,0.99
U04369,2026-03-22,76,Cosmetic,29.99
U05764,2026-03-22,63,Monthly Pass,5.99
U06408,2026-03-22,70,Cosmetic,19.99
U08528,2026-03-22,58,Event Pack,14.99
U09044,2026-03-22,59,Cosmetic,9.99
U09387,2026-03-22,67,Monthly Pass,5.99
U11902,2026-03-22,41,Small Pack,1.99
U12332,2026-03-22,69,Cosmetic,19.99
U12948,2026-03-22,26,Monthly Pass,4.99
U13084,2026-03-22,27,Event Pack,14.99
U13838,2026-03-22,40,Cosmetic,9.99
U14172,2026-03-22,40,Cosmetic,29.99
U14268,2026-03-22,26,Cosmetic,19.99
U14427,2026-03-22,51,Monthly Pass,4.99
U14959,2026-03-22,25,Cosmetic,29.99
U15151,2026-03-22,24,Monthly Pass,5.99
U15416,2026-03-22,40,Premium Pack,99.99
U18000,2026-03-22,62,Small Pack,0.99
U18350,2026-03-22,25,Cosmetic,29.99
U18360,2026-03-22,27,Event Pack,14.99
U18503,2026-03-22,47,Event Pack,9.99
U18905,2026-03-22,45,Monthly Pass,5.99
U18920,2026-03-22,37,Event Pack,14.99
U19424,2026-03-22,66,Premium Pack,19.99
U21638,2026-03-22,60,Monthly Pass,5.99
U22613,2026-03-22,41,Cosmetic,29.99
U23220,2026-03-22,27,Monthly Pass,5.99
U23792,2026-03-22,70,Small Pack,2.99
U23944,2026-03-22,33,Small Pack,0.99
U26354,2026-03-22,48,Small Pack,0.99
U26537,2026-03-22,43,Small Pack,0.99
U26566,2026-03-22,45,Event Pack,14.99
U28177,2026-03-22,28,Monthly Pass,5.99
U29114,2026-03-22,61,Premium Pack,49.99
U29714,2026-03-22,23,Small Pack,1.99
U29850,2026-03-22,29,Small Pack,0.99
U34251,2026-03-22,50,Cosmetic,19.99
U34327,2026-03-22,24,Small Pack,2.99
U36344,2026-03-22,24,Event Pack,14.99
U36399,2026-03-22,56,Small Pack,1.99
U38317,2026-03-22,55,Small Pack,2.99
U39208,2026-03-22,51,Monthly Pass,5.99
U39708,2026-03-22,25,Event Pack,4.99
U40382,2026-03-22,29,Premium Pack,49.99
U42055,2026-03-22,55,Event Pack,14.99
U43007,2026-03-22,29,Cosmetic,19.99
U43790,2026-03-22,23,Cosmetic,29.99
U44725,2026-03-22,49,Monthly Pass,5.99
U46552,2026-03-22,31,Small Pack,1.99
U49284,2026-03-22,29,Small Pack,0.99
U49523,2026-03-22,54,Small Pack,0.99
U49912,2026-03-22,70,Small Pack,2.99
U01758,2026-03-23,40,Small Pack,1.99
U01776,2026-03-23,49,Small Pack,0.99
U02432,2026-03-23,74,Small Pack,1.99
U02724,2026-03-23,36,Event Pack,4.99
U03493,2026-03-23,33,Monthly Pass,5.99
U04706,2026-03-23,56,Small Pack,0.99
U04932,2026-03-23,74,Monthly Pass,5.99
U05238,2026-03-23,74,Monthly Pass,4.99
U05864,2026-03-23,39,Cosmetic,29.99
U06850,2026-03-23,72,Monthly Pass,4.99
U08578,2026-03-23,30,Small Pack,0.99
U08703,2026-03-23,32,Monthly Pass,5.99
U09133,2026-03-23,58,Monthly Pass,5.99
U09219,2026-03-23,35,Small Pack,0.99
U11107,2026-03-23,69,Event Pack,9.99
U12411,2026-03-23,35,Event Pack,14.99
U13334,2026-03-23,61,Monthly Pass,4.99
U13498,2026-03-23,62,Event Pack,4.99
U14073,2026-03-23,29,Event Pack,9.99
U15779,2026-03-23,37,Monthly Pass,5.99
U16919,2026-03-23,43,Premium Pack,49.99
U18779,2026-03-23,48,Small Pack,1.99
U18791,2026-03-23,60,Cosmetic,29.99
U20055,2026-03-23,55,Cosmetic,29.99
U20091,2026-03-23,33,Small Pack,2.99
U22773,2026-03-23,79,Small Pack,2.99
U23723,2026-03-23,36,Monthly Pass,4.99
U24549,2026-03-23,50,Event Pack,9.99
U24687,2026-03-23,50,Small Pack,1.99
U25378,2026-03-23,54,Cosmetic,19.99
U26375,2026-03-23,59,Event Pack,9.99
U27065,2026-03-23,27,Event Pack,14.99
U27654,2026-03-23,71,Monthly Pass,5.99
U27671,2026-03-23,50,Event Pack,9.99
U28675,2026-03-23,24,Event Pack,9.99
U30404,2026-03-23,27,Monthly Pass,4.99
U30521,2026-03-23,28,Cosmetic,9.99
U30987,2026-03-23,68,Event Pack,4.99
U34987,2026-03-23,44,Premium Pack,49.99
U35005,2026-03-23,26,Cosmetic,29.99
U35284,2026-03-23,23,Premium Pack,19.99
U36280,2026-03-23,76,Event Pack,4.99
U37946,2026-03-23,39,Monthly Pass,5.99
U39937,2026-03-23,25,Event Pack,9.99
U40892,2026-03-23,55,Event Pack,4.99
U43064,2026-03-23,36,Small Pack,1.99
U43286,2026-03-23,29,Event Pack,14.99
U44802,2026-03-23,70,Small Pack,2.99
U45050,2026-03-23,28,Monthly Pass,5.99
U45162,2026-03-23,75,Event Pack,4.99
U45273,2026-03-23,46,Small Pack,2.99
U46552,2026-03-23,32,Event Pack,4.99
U47973,2026-03-23,27,Monthly Pass,5.99
U48212,2026-03-23,68,Cosmetic,9.99
U48619,2026-03-23,73,Monthly Pass,4.99
U02209,2026-03-24,47,Event Pack,4.99
U02288,2026-03-24,47,Small Pack,0.99
U04529,2026-03-24,64,Cosmetic,9.99
U05296,2026-03-24,24,Event Pack,9.99
U05328,2026-03-24,78,Event Pack,14.99
U05597,2026-03-24,56,Small Pack,0.99
U08851,2026-03-24,26,Cosmetic,9.99
U09482,2026-03-24,32,Premium Pack,19.99
U12158,2026-03-24,31,Event Pack,14.99
U12625,2026-03-24,35,Monthly Pass,5.99
U12660,2026-03-24,35,Monthly Pass,4.99
U12778,2026-03-24,71,Small Pack,0.99
U16912,2026-03-24,45,Event Pack,4.99
U17026,2026-03-24,63,Cosmetic,29.99
U17336,2026-03-24,71,Cosmetic,19.99
U18861,2026-03-24,49,Small Pack,1.99
U18864,2026-03-24,41,Event Pack,4.99
U18948,2026-03-24,46,Monthly Pass,5.99
U21099,2026-03-24,34,Event Pack,9.99
U23353,2026-03-24,27,Premium Pack,49.99
U23383,2026-03-24,51,Small Pack,1.99
U24548,2026-03-24,36,Event Pack,4.99
U28018,2026-03-24,71,Monthly Pass,4.99
U30263,2026-03-24,66,Monthly Pass,4.99
U31906,2026-03-24,54,Small Pack,2.99
U32243,2026-03-24,54,Small Pack,1.99
U33321,2026-03-24,58,Small Pack,1.99
U33366,2026-03-24,39,Small Pack,1.99
U33861,2026-03-24,30,Cosmetic,19.99
U36267,2026-03-24,29,Cosmetic,9.99
U37511,2026-03-24,46,Premium Pack,49.99
U39249,2026-03-24,37,Event Pack,9.99
U39499,2026-03-24,24,Event Pack,9.99
U39578,2026-03-24,65,Premium Pack,99.99
U41097,2026-03-24,50,Cosmetic,9.99
U42012,2026-03-24,26,Cosmetic,29.99
U43679,2026-03-24,26,Small Pack,2.99
U46823,2026-03-24,59,Small Pack,0.99
U47004,2026-03-24,50,Cosmetic,29.99
U47940,2026-03-24,76,Cosmetic,29.99
U48013,2026-03-24,28,Monthly Pass,5.99
U48333,2026-03-24,42,Cosmetic,9.99
U00616,2026-03-25,32,Monthly Pass,4.99
U00852,2026-03-25,55,Event Pack,9.99
U00874,2026-03-25,78,Monthly Pass,4.99
U01942,2026-03-25,35,Premium Pack,19.99
U04381,2026-03-25,65,Small Pack,1.99
U04657,2026-03-25,36,Event Pack,4.99
U04781,2026-03-25,51,Small Pack,2.99
U05084,2026-03-25,45,Monthly Pass,5.99
U06461,2026-03-25,76,Premium Pack,99.99
U07404,2026-03-25,70,Monthly Pass,4.99
U07942,2026-03-25,31,Event Pack,9.99
U08506,2026-03-25,63,Small Pack,1.99
U09452,2026-03-25,71,Monthly Pass,4.99
U11005,2026-03-25,82,Cosmetic,9.99
U11353,2026-03-25,41,Monthly Pass,5.99
U11836,2026-03-25,34,Cosmetic,19.99
U14049,2026-03-25,37,Event Pack,4.99
U14260,2026-03-25,73,Monthly Pass,5.99
U14619,2026-03-25,80,Cosmetic,19.99
U15779,2026-03-25,39,Monthly Pass,4.99
U17463,2026-03-25,66,Small Pack,1.99
U18053,2026-03-25,71,Small Pack,1.99
U18598,2026-03-25,41,Small Pack,2.99
U18869,2026-03-25,29,Premium Pack,19.99
U21110,2026-03-25,58,Event Pack,4.99
U22274,2026-03-25,52,Small Pack,0.99
U23202,2026-03-25,59,Small Pack,0.99
U23609,2026-03-25,69,Event Pack,14.99
U24813,2026-03-25,25,Monthly Pass,4.99
U26642,2026-03-25,32,Monthly Pass,5.99
U26687,2026-03-25,39,Cosmetic,29.99
U27754,2026-03-25,66,Event Pack,4.99
U28575,2026-03-25,58,Premium Pack,99.99
U28749,2026-03-25,69,Event Pack,14.99
U29594,2026-03-25,35,Event Pack,14.99
U29627,2026-03-25,47,Premium Pack,99.99
U29736,2026-03-25,37,Cosmetic,19.99
U29759,2026-03-25,52,Event Pack,14.99
U30279,2026-03-25,28,Event Pack,14.99
U30578,2026-03-25,50,Monthly Pass,4.99
U30966,2026-03-25,61,Premium Pack,99.99
U31742,2026-03-25,43,Small Pack,2.99
U33255,2026-03-25,26,Event Pack,4.99
U34612,2026-03-25,45,Premium Pack,19.99
U36604,2026-03-25,62,Cosmetic,19.99
U39249,2026-03-25,38,Premium Pack,19.99
U40059,2026-03-25,25,Event Pack,14.99
U40167,2026-03-25,54,Cosmetic,19.99
U40339,2026-03-25,28,Premium Pack,49.99
U41240,2026-03-25,79,Event Pack,4.99
U41449,2026-03-25,64,Cosmetic,19.99
U42211,2026-03-25,49,Small Pack,1.99
U43711,2026-03-25,32,Small Pack,0.99
U43908,2026-03-25,27,Small Pack,1.99
U43974,2026-03-25,51,Cosmetic,19.99
U47807,2026-03-25,28,Event Pack,14.99
U48477,2026-03-25,67,Event Pack,14.99
U49158,2026-03-25,75,Small Pack,0.99
U49324,2026-03-25,77,Monthly Pass,4.99
U49712,2026-03-25,33,Event Pack,4.99
U49764,2026-03-25,73,Monthly Pass,4.99
U01092,2026-03-26,31,Monthly Pass,4.99
U01826,2026-03-26,32,Monthly Pass,4.99
U02193,2026-03-26,47,Event Pack,9.99
U02389,2026-03-26,34,Cosmetic,19.99
U02558,2026-03-26,34,Event Pack,9.99
U03811,2026-03-26,65,Monthly Pass,5.99
U04763,2026-03-26,55,Small Pack,0.99
U05478,2026-03-26,38,Monthly Pass,5.99
U07233,2026-03-26,39,Monthly Pass,5.99
U08497,2026-03-26,32,Small Pack,1.99
U09571,2026-03-26,26,Cosmetic,9.99
U10248,2026-03-26,44,Monthly Pass,4.99
U10504,2026-03-26,41,Small Pack,0.99
U10896,2026-03-26,29,Cosmetic,9.99
U10984,2026-03-26,78,Event Pack,9.99
U11718,2026-03-26,27,Monthly Pass,5.99
U12610,2026-03-26,54,Monthly Pass,4.99
U12761,2026-03-26,47,Small Pack,2.99
U13337,2026-03-26,55,Premium Pack,99.99
U14257,2026-03-26,50,Monthly Pass,4.99
U15430,2026-03-26,27,Small Pack,1.99
U15511,2026-03-26,42,Small Pack,2.99
U16547,2026-03-26,27,Premium Pack,49.99
U18734,2026-03-26,51,Monthly Pass,4.99
U19066,2026-03-26,44,Cosmetic,19.99
U19089,2026-03-26,38,Event Pack,9.99
U20673,2026-03-26,48,Cosmetic,29.99
U21573,2026-03-26,40,Monthly Pass,4.99
U21761,2026-03-26,38,Monthly Pass,5.99
U22520,2026-03-26,54,Event Pack,9.99
U23082,2026-03-26,27,Small Pack,1.99
U24401,2026-03-26,42,Event Pack,14.99
U24658,2026-03-26,59,Monthly Pass,5.99
U24937,2026-03-26,52,Monthly Pass,4.99
U27544,2026-03-26,26,Premium Pack,19.99
U29577,2026-03-26,69,Event Pack,9.99
U30895,2026-03-26,29,Monthly Pass,4.99
U31816,2026-03-26,26,Small Pack,1.99
U33289,2026-03-26,50,Monthly Pass,5.99
U33369,2026-03-26,66,Premium Pack,19.99
U33645,2026-03-26,37,Small Pack,1.99
U35324,2026-03-26,81,Event Pack,4.99
U35535,2026-03-26,28,Cosmetic,9.99
U36303,2026-03-26,83,Cosmetic,29.99
U36684,2026-03-26,62,Event Pack,9.99
U36742,2026-03-26,68,Monthly Pass,5.99
U37784,2026-03-26,27,Small Pack,1.99
U38196,2026-03-26,74,Monthly Pass,4.99
U39237,2026-03-26,58,Event Pack,9.99
U39429,2026-03-26,43,Cosmetic,9.99
U39472,2026-03-26,80,Premium Pack,99.99
U42012,2026-03-26,28,Event Pack,4.99
U42942,2026-03-26,62,Monthly Pass,4.99
U44334,2026-03-26,34,Monthly Pass,4.99
U45590,2026-03-26,32,Event Pack,9.99
U46330,2026-03-26,41,Monthly Pass,4.99
U47333,2026-03-26,44,Small Pack,0.99
U47646,2026-03-26,54,Monthly Pass,4.99
U48099,2026-03-26,26,Monthly Pass,4.99
U48183,2026-03-26,35,Small Pack,2.99
U01521,2026-03-27,75,Event Pack,9.99
U04654,2026-03-27,51,Cosmetic,19.99
U05320,2026-03-27,53,Small Pack,0.99
U05379,2026-03-27,74,Event Pack,14.99
U05398,2026-03-27,80,Small Pack,0.99
U07916,2026-03-27,81,Small Pack,1.99
U10854,2026-03-27,62,Small Pack,0.99
U12378,2026-03-27,51,Monthly Pass,4.99
U12912,2026-03-27,27,Monthly Pass,4.99
U14363,2026-03-27,85,Event Pack,9.99
U14494,2026-03-27,43,Monthly Pass,5.99
U14728,2026-03-27,65,Cosmetic,9.99
U15813,2026-03-27,36,Monthly Pass,4.99
U16153,2026-03-27,54,Monthly Pass,4.99
U20644,2026-03-27,64,Monthly Pass,4.99
U21557,2026-03-27,33,Small Pack,2.99
U23364,2026-03-27,55,Event Pack,14.99
U24943,2026-03-27,29,Monthly Pass,5.99
U25306,2026-03-27,28,Event Pack,9.99
U25478,2026-03-27,30,Event Pack,14.99
U26007,2026-03-27,73,Small Pack,2.99
U26779,2026-03-27,65,Event Pack,4.99
U27604,2026-03-27,43,Event Pack,14.99
U28483,2026-03-27,50,Monthly Pass,4.99
U29120,2026-03-27,33,Cosmetic,9.99
U29416,2026-03-27,40,Cosmetic,9.99
U29469,2026-03-27,83,Premium Pack,19.99
U30521,2026-03-27,32,Small Pack,2.99
U32897,2026-03-27,44,Event Pack,4.99
U33721,2026-03-27,44,Premium Pack,49.99
U37819,2026-03-27,36,Premium Pack,99.99
U38241,2026-03-27,63,Monthly Pass,5.99
U39035,2026-03-27,85,Premium Pack,19.99
U39667,2026-03-27,43,Cosmetic,29.99
U39982,2026-03-27,29,Monthly Pass,5.99
U40128,2026-03-27,35,Monthly Pass,5.99
U41473,2026-03-27,28,Small Pack,0.99
U42346,2026-03-27,39,Event Pack,9.99
U42809,2026-03-27,44,Small Pack,0.99
U43839,2026-03-27,34,Cosmetic,19.99
U43949,2026-03-27,66,Small Pack,1.99
U44334,2026-03-27,35,Monthly Pass,4.99
U45102,2026-03-27,67,Small Pack,1.99
U45413,2026-03-27,62,Small Pack,2.99
U45764,2026-03-27,31,Event Pack,14.99
U46140,2026-03-27,37,Monthly Pass,4.99
U48058,2026-03-27,50,Premium Pack,19.99
U48486,2026-03-27,44,Monthly Pass,4.99
U49117,2026-03-27,58,Small Pack,0.99
U49314,2026-03-27,69,Monthly Pass,4.99
U49912,2026-03-27,75,Event Pack,9.99
U01186,2026-03-28,85,Cosmetic,19.99
U01582,2026-03-28,44,Cosmetic,19.99
U01939,2026-03-28,57,Small Pack,0.99
U02587,2026-03-28,45,Event Pack,4.99
U03081,2026-03-28,69,Monthly Pass,4.99
U04053,2026-03-28,63,Event Pack,14.99
U05459,2026-03-28,66,Small Pack,2.99
U05468,2026-03-28,79,Event Pack,14.99
U05877,2026-03-28,49,Cosmetic,19.99
U06426,2026-03-28,39,Monthly Pass,4.99
U06931,2026-03-28,35,Cosmetic,29.99
U08536,2026-03-28,34,Monthly Pass,5.99
U08593,2026-03-28,72,Small Pack,2.99
U09988,2026-03-28,40,Monthly Pass,5.99
U11633,2026-03-28,42,Monthly Pass,4.99
U12158,2026-03-28,35,Small Pack,0.99
U12438,2026-03-28,47,Small Pack,1.99
U14037,2026-03-28,58,Event Pack,4.99
U14843,2026-03-28,81,Event Pack,4.99
U17306,2026-03-28,61,Monthly Pass,4.99
U19373,2026-03-28,39,Small Pack,2.99
U19887,2026-03-28,59,Cosmetic,29.99
U21405,2026-03-28,37,Small Pack,0.99
U22806,2026-03-28,30,Cosmetic,29.99
U23443,2026-03-28,33,Event Pack,14.99
U23500,2026-03-28,43,Premium Pack,49.99
U23637,2026-03-28,78,Event Pack,4.99
U23878,2026-03-28,82,Monthly Pass,5.99
U24290,2026-03-28,62,Event Pack,4.99
U25142,2026-03-28,41,Small Pack,2.99
U26159,2026-03-28,71,Monthly Pass,5.99
U27199,2026-03-28,81,Event Pack,4.99
U28074,2026-03-28,58,Cosmetic,19.99
U29294,2026-03-28,75,Monthly Pass,4.99
U29386,2026-03-28,65,Monthly Pass,5.99
U30008,2026-03-28,37,Event Pack,14.99
U31034,2026-03-28,31,Small Pack,0.99
U31470,2026-03-28,43,Small Pack,2.99
U31538,2026-03-28,31,Event Pack,14.99
U33483,2026-03-28,29,Small Pack,1.99
U35686,2026-03-28,28,Event Pack,4.99
U37278,2026-03-28,53,Small Pack,0.99
U38979,2026-03-28,71,Cosmetic,9.99
U41725,2026-03-28,47,Event Pack,9.99
U42127,2026-03-28,81,Small Pack,1.99
U44028,2026-03-28,65,Small Pack,1.99
U46067,2026-03-28,75,Small Pack,2.99
U47180,2026-03-28,80,Event Pack,14.99
U49530,2026-03-28,31,Monthly Pass,4.99
U00658,2026-03-29,43,Event Pack,4.99
U00855,2026-03-29,33,Cosmetic,19.99
U01052,2026-03-29,74,Small Pack,1.99
U01212,2026-03-29,65,Cosmetic,19.99
U02590,2026-03-29,37,Small Pack,2.99
U03835,2026-03-29,51,Small Pack,2.99
U04225,2026-03-29,32,Event Pack,9.99
U04829,2026-03-29,75,Small Pack,2.99
U05864,2026-03-29,45,Premium Pack,49.99
U06159,2026-03-29,65,Monthly Pass,4.99
U06260,2026-03-29,40,Small Pack,2.99
U06412,2026-03-29,71,Small Pack,2.99
U08320,2026-03-29,48,Event Pack,4.99
U08794,2026-03-29,68,Cosmetic,19.99
U09303,2026-03-29,42,Premium Pack,49.99
U09571,2026-03-29,29,Cosmetic,29.99
U10733,2026-03-29,32,Monthly Pass,4.99
U11776,2026-03-29,53,Cosmetic,9.99
U11880,2026-03-29,75,Cosmetic,9.99
U12798,2026-03-29,38,Monthly Pass,4.99
U13205,2026-03-29,71,Small Pack,1.99
U14327,2026-03-29,66,Monthly Pass,4.99
U14728,2026-03-29,67,Small Pack,0.99
U15283,2026-03-29,33,Monthly Pass,4.99
U15339,2026-03-29,31,Monthly Pass,4.99
U17649,2026-03-29,32,Small Pack,2.99
U18559,2026-03-29,57,Small Pack,0.99
U20242,2026-03-29,57,Small Pack,2.99
U20552,2026-03-29,59,Small Pack,2.99
U21104,2026-03-29,81,Event Pack,4.99
U23545,2026-03-29,60,Small Pack,1.99
U24381,2026-03-29,31,Monthly Pass,4.99
U24385,2026-03-29,36,Small Pack,0.99
U26917,2026-03-29,54,Cosmetic,19.99
U28217,2026-03-29,32,Cosmetic,9.99
U28379,2026-03-29,49,Monthly Pass,5.99
U28516,2026-03-29,73,Event Pack,9.99
U29244,2026-03-29,45,Event Pack,14.99
U32431,2026-03-29,53,Event Pack,4.99
U33335,2026-03-29,29,Small Pack,0.99
U34550,2026-03-29,83,Event Pack,9.99
U35324,2026-03-29,84,Premium Pack,49.99
U35522,2026-03-29,66,Event Pack,14.99
U37087,2026-03-29,74,Premium Pack,99.99
U38447,2026-03-29,32,Small Pack,0.99
U40256,2026-03-29,68,Event Pack,4.99
U41889,2026-03-29,61,Event Pack,14.99
U41954,2026-03-29,69,Monthly Pass,4.99
U43995,2026-03-29,37,Small Pack,2.99
U44729,2026-03-29,47,Monthly Pass,5.99
U45652,2026-03-29,80,Event Pack,14.99
U45874,2026-03-29,45,Cosmetic,9.99
U46374,2026-03-29,86,Event Pack,4.99
U46797,2026-03-29,61,Event Pack,9.99
U47249,2026-03-29,84,Small Pack,0.99
U47357,2026-03-29,65,Small Pack,1.99
U47474,2026-03-29,63,Event Pack,9.99
U48037,2026-03-29,44,Premium Pack,19.99
U48531,2026-03-29,78,Monthly Pass,4.99
U49158,2026-03-29,79,Event Pack,9.99
U00196,2026-03-30,38,Event Pack,4.99
U00909,2026-03-30,71,Cosmetic,29.99
U00959,2026-03-30,58,Small Pack,2.99
U01456,2026-03-30,56,Event Pack,4.99
U05687,2026-03-30,84,Monthly Pass,5.99
U07065,2026-03-30,37,Event Pack,4.99
U07707,2026-03-30,52,Event Pack,4.99
U08533,2026-03-30,59,Monthly Pass,4.99
U10388,2026-03-30,43,Small Pack,1.99
U10645,2026-03-30,42,Premium Pack,99.99
U16568,2026-03-30,49,Small Pack,0.99
U17026,2026-03-30,69,Monthly Pass,4.99
U20394,2026-03-30,39,Event Pack,14.99
U21434,2026-03-30,43,Event Pack,9.99
U22654,2026-03-30,51,Cosmetic,29.99
U23171,2026-03-30,46,Monthly Pass,4.99
U24698,2026-03-30,75,Event Pack,14.99
U26991,2026-03-30,79,Small Pack,2.99
U27181,2026-03-30,40,Event Pack,9.99
U28968,2026-03-30,50,Cosmetic,9.99
U29073,2026-03-30,59,Small Pack,1.99
U29391,2026-03-30,40,Event Pack,14.99
U30416,2026-03-30,74,Event Pack,14.99
U31430,2026-03-30,42,Event Pack,4.99
U33200,2026-03-30,87,Small Pack,0.99
U34382,2026-03-30,61,Monthly Pass,5.99
U34941,2026-03-30,67,Premium Pack,19.99
U35740,2026-03-30,38,Event Pack,4.99
U35896,2026-03-30,38,Event Pack,14.99
U36264,2026-03-30,68,Event Pack,9.99
U38921,2026-03-30,39,Small Pack,2.99
U39745,2026-03-30,74,Event Pack,9.99
U40626,2026-03-30,49,Event Pack,14.99
U42748,2026-03-30,36,Small Pack,2.99
U44745,2026-03-30,63,Premium Pack,19.99
U45273,2026-03-30,53,Event Pack,9.99
U46185,2026-03-30,66,Event Pack,9.99
U46591,2026-03-30,51,Cosmetic,9.99
U49711,2026-03-30,67,Small Pack,2.99
U01708,2026-03-31,89,Small Pack,0.99
U01791,2026-03-31,35,Event Pack,9.99
U04357,2026-03-31,46,Event Pack,14.99
U04508,2026-03-31,35,Cosmetic,19.99
U04946,2026-03-31,35,Small Pack,0.99
U06197,2026-03-31,51,Cosmetic,19.99
U06417,2026-03-31,84,Monthly Pass,4.99
U06786,2026-03-31,72,Cosmetic,9.99
U07012,2026-03-31,77,Event Pack,14.99
U07098,2026-03-31,49,Cosmetic,19.99
U07189,2026-03-31,87,Small Pack,2.99
U08794,2026-03-31,70,Event Pack,4.99
U10758,2026-03-31,47,Small Pack,2.99
U13864,2026-03-31,86,Small Pack,2.99
U14470,2026-03-31,47,Monthly Pass,4.99
U15136,2026-03-31,55,Event Pack,9.99
U17995,2026-03-31,69,Premium Pack,49.99
U18558,2026-03-31,39,Cosmetic,9.99
U19457,2026-03-31,32,Monthly Pass,5.99
U20363,2026-03-31,86,Cosmetic,29.99
U20646,2026-03-31,63,Premium Pack,49.99
U20679,2026-03-31,56,Premium Pack,19.99
U20973,2026-03-31,49,Small Pack,0.99
U20999,2026-03-31,65,Small Pack,0.99
U21076,2026-03-31,32,Premium Pack,99.99
U21730,2026-03-31,74,Small Pack,0.99
U22308,2026-03-31,51,Event Pack,14.99
U24786,2026-03-31,31,Small Pack,2.99
U24943,2026-03-31,33,Small Pack,0.99
U25136,2026-03-31,34,Monthly Pass,5.99
U26426,2026-03-31,44,Premium Pack,99.99
U28546,2026-03-31,69,Event Pack,9.99
U28986,2026-03-31,51,Monthly Pass,4.99
U30613,2026-03-31,80,Premium Pack,99.99
U33073,2026-03-31,43,Small Pack,2.99
U35585,2026-03-31,49,Monthly Pass,4.99
U38438,2026-03-31,48,Event Pack,14.99
U39527,2026-03-31,40,Event Pack,9.99
U39990,2026-03-31,82,Event Pack,14.99
U41798,2026-03-31,41,Small Pack,2.99
U43103,2026-03-31,32,Monthly Pass,5.99
U43478,2026-03-31,60,Monthly Pass,4.99
U43523,2026-03-31,31,Cosmetic,29.99
U43681,2026-03-31,62,Small Pack,0.99
U44334,2026-03-31,39,Event Pack,4.99
U44623,2026-03-31,87,Cosmetic,29.99
U44886,2026-03-31,42,Event Pack,4.99
U44899,2026-03-31,40,Cosmetic,9.99
U45456,2026-03-31,36,Cosmetic,9.99
U46377,2026-03-31,38,Monthly Pass,4.99
U48018,2026-03-31,40,Event Pack,9.99
U49721,2026-03-31,76,Event Pack,4.99
