date,country,platform,channel,installs,base_cpi,CPI,spend,CVR,clicks,CTR,impressions,D7_revenue,D30_revenue,D7_ROAS_pct,D30_ROAS_pct
2026-01-01,JP,Android,Google,39,1.1,1.1731833579237863,45.75,0.1883076095627822,207,0.020052397573272297,10323,37.96,56.93,82.97267759562843,124.43715846994536
2026-01-01,JP,Android,Meta,25,0.95,0.9804773495747815,24.51,0.1318437061911834,190,0.012506463434636524,15192,1.99,12.97,8.119135046919626,52.9171766625867
2026-01-01,JP,Android,TikTok,38,1.35,1.3251328939967324,50.36,0.13377663373931042,284,0.019390017694472277,14647,49.99,55.97,99.26528991262907,111.13979348689436
2026-01-01,JP,iOS,Google,61,1.1,1.3340718375192449,81.38,0.15503148174560336,393,0.018839710430606376,20860,31.96,50.900000000000006,39.27254853772426,62.54608011796511
2026-01-01,JP,iOS,Meta,34,0.95,1.0729637850589158,36.48,0.11813769713326427,288,0.013185867728151241,21842,0.0,5.98,0.0,16.392543859649127
2026-01-01,JP,iOS,TikTok,69,1.35,1.6057563773414476,110.8,0.12315304691884445,560,0.016091255769658523,34802,22.969999999999995,283.9,20.73104693140794,256.2274368231047
2026-01-01,US,Android,Google,25,1.1,1.0096668614385569,25.24,0.17897982111394392,140,0.0194780361716428,7188,0.0,0.0,0.0,0.0
2026-01-01,US,Android,Meta,54,0.95,0.8239860312704749,44.5,0.12468463783747882,433,0.012107232124394124,35764,0.0,21.97,0.0,49.37078651685393
2026-01-01,US,Android,TikTok,59,1.35,1.2766631179184136,75.32,0.12381441975024608,477,0.01760645158830363,27092,0.0,9.99,0.0,13.263409453000532
2026-01-01,US,iOS,Google,41,1.1,1.0867205504269541,44.56,0.20636764698322638,199,0.018783150738031704,10595,22.979999999999997,22.979999999999997,51.57091561938958,51.57091561938958
2026-01-01,US,iOS,Meta,63,0.95,0.9316279094197273,58.69,0.12980569751688686,485,0.013893214930379936,34909,2.99,2.99,5.094564661782246,5.094564661782246
2026-01-01,US,iOS,TikTok,70,1.35,1.4165690055487687,99.16,0.12119205841055268,578,0.018570443956944186,31125,16.97,18.96,17.113755546591367,19.120613150463896
2026-01-02,JP,Android,Google,49,1.1,1.0818439128051702,53.01,0.1639652808226713,299,0.020022795699609627,14933,14.99,14.99,28.277683455951706,28.277683455951706
2026-01-02,JP,Android,Meta,32,0.95,1.033874814539617,33.08,0.12589514032295565,254,0.012580829057113987,20189,36.97,122.91999999999999,111.75937122128174,371.584038694075
2026-01-02,JP,Android,TikTok,36,1.35,1.3241289922853723,47.67,0.150438101611063,239,0.016580549321766672,14414,57.97,72.93,121.60688063771762,152.98930144745125
2026-01-02,JP,iOS,Google,64,1.1,1.4236807607896322,91.12,0.1744795648971632,367,0.019955957354880812,18390,70.96000000000001,182.93,77.87532923617209,200.75724319578575
2026-01-02,JP,iOS,Meta,37,0.95,1.121395003566614,41.49,0.12554803757982297,295,0.013372418183604125,22060,5.99,108.97,14.437213786454567,262.64160038563506
2026-01-02,JP,iOS,TikTok,68,1.35,1.565100165516669,106.43,0.1227731908813047,554,0.01677654223656918,33022,46.96,99.87,44.12289767922578,93.83632434463966
2026-01-02,US,Android,Google,35,1.1,1.0461877819877088,36.62,0.17741746967242514,197,0.021771435437119468,9049,9.99,44.97,27.280174767886407,122.801747678864
2026-01-02,US,Android,Meta,63,0.95,0.87175489989895,54.92,0.11573684001157271,544,0.014344516914424652,37924,2.99,12.98,5.444282592862345,23.634377276037874
2026-01-02,US,Android,TikTok,70,1.35,1.264512927729822,88.52,0.1384316925916812,506,0.017903091356654608,28263,28.96,43.95,32.71577044735653,49.649796656122916
2026-01-02,US,iOS,Google,46,1.1,1.1395630305963285,52.42,0.16966245894466866,271,0.01980796575071539,13681,4.99,9.98,9.519267455169784,19.038534910339568
2026-01-02,US,iOS,Meta,61,0.95,1.0383728498099838,63.34,0.12660942256052962,482,0.011174278581234851,43135,0.0,69.97,0.0,110.46731922955478
2026-01-02,US,iOS,TikTok,71,1.35,1.4796043404618096,105.05,0.140844107874968,504,0.017350820592835867,29048,16.96,68.89,16.14469300333175,65.57829604950024
2026-01-03,JP,Android,Google,36,1.1,1.0387985817907393,37.4,0.176153817384945,204,0.020175549252087012,10111,32.98,35.97,88.18181818181817,96.17647058823529
2026-01-03,JP,Android,Meta,20,0.95,0.9479976444950866,18.96,0.12684139526369284,158,0.011320613676927497,13957,0.0,4.99,0.0,26.31856540084388
2026-01-03,JP,Android,TikTok,45,1.35,1.2092778414382903,54.42,0.13996156348889663,322,0.01631699591671561,19734,74.97,81.95,137.76185226019845,150.5880191106211
2026-01-03,JP,iOS,Google,64,1.1,1.3167940932115179,84.27,0.19293391439233543,332,0.021174717580073672,15679,11.98,50.94,14.216209801827462,60.44855820576718
2026-01-03,JP,iOS,Meta,34,0.95,1.0615833342394658,36.09,0.11794359915015531,288,0.013114529695864012,21960,0.0,121.96,0.0,337.9329454142421
2026-01-03,JP,iOS,TikTok,63,1.35,1.5933364911906336,100.38,0.14514613739009116,434,0.013979066402976005,31046,34.98,35.97,34.84757919904363,35.833831440526005
2026-01-03,US,Android,Google,37,1.1,0.9975395650429699,36.91,0.18887096685062024,196,0.020080805513387767,9761,99.99,140.95,270.9021945272284,381.8748306691953
2026-01-03,US,Android,Meta,49,0.95,0.9632654578920692,47.2,0.12355377018532401,397,0.012815390884608644,30978,15.98,25.97,33.85593220338983,55.02118644067796
2026-01-03,US,Android,TikTok,53,1.35,1.1398073529864834,60.41,0.15151530513212821,350,0.01610726900128988,21729,0.0,0.0,0.0,0.0
2026-01-03,US,iOS,Google,42,1.1,1.0559741573067238,44.35,0.1688939617245715,249,0.02432605199501906,10236,0.0,0.0,0.0,0.0
2026-01-03,US,iOS,Meta,73,0.95,1.0395376573533945,75.89,0.11874918436625592,615,0.013402859294309942,45886,9.99,31.97,13.16378969561207,42.126762419291076
2026-01-03,US,iOS,TikTok,73,1.35,1.4395242913829325,105.09,0.13736831901715216,531,0.01598479711891333,33219,11.98,69.94,11.39975259301551,66.55247882767151
2026-01-04,JP,Android,Google,38,1.1,1.28018,48.65,0.17898700025763406,212,0.02184060325259072,9707,29.979999999999997,41.96,61.62384378211716,86.24871531346352
2026-01-04,JP,Android,Meta,26,0.95,0.9639395423989099,25.06,0.11243370024941764,231,0.012188306576466584,18953,0.0,0.0,0.0,0.0
2026-01-04,JP,Android,TikTok,49,1.35,1.3169906348039382,64.53,0.13741809613905595,357,0.016350741276702718,21834,12.96,50.93,20.0836820083682,78.92453122578645
2026-01-04,JP,iOS,Google,46,1.1,1.11078,51.1,0.17119699505912828,269,0.016514425621214315,16289,0.0,15.98,0.0,31.272015655577302
2026-01-04,JP,iOS,Meta,32,0.95,1.1476662792574572,36.73,0.12527061221075775,255,0.012635170464739179,20182,6.98,146.94,19.003539341138037,400.0544514021236
2026-01-04,JP,iOS,TikTok,63,1.35,1.4657915628126252,92.34,0.15167702882324222,415,0.014542885427858405,28536,8.96,21.93,9.703270521983972,23.749187784275502
2026-01-04,US,Android,Google,31,1.1,1.0612135585244231,32.9,0.1749374818282566,177,0.019379815532251207,9133,0.0,50.980000000000004,0.0,154.95440729483286
2026-01-04,US,Android,Meta,44,0.95,0.8915289878738181,39.23,0.12352562953549447,356,0.011210479675715562,31756,14.99,32.96,38.21055314810094,84.01733367320928
2026-01-04,US,Android,TikTok,62,1.35,1.288435211758481,79.88,0.13036498203268046,476,0.0157340396102468,30253,0.0,0.0,0.0,0.0
2026-01-04,US,iOS,Google,45,1.1,1.3235497464218988,59.56,0.17723286455799447,254,0.019455385632504162,13056,32.98,47.96,55.37273337810611,80.52384150436535
2026-01-04,US,iOS,Meta,71,0.95,1.1427345541518747,81.13,0.09844127517721168,721,0.013009527322055143,55421,14.99,70.96000000000001,18.476519166769386,87.46456304696169
2026-01-04,US,iOS,TikTok,80,1.35,1.5906956529619434,127.26,0.1417649106247544,564,0.014080505775830785,40055,29.99,85.92,23.565928021373566,67.51532296086752
2026-01-05,JP,Android,Google,35,1.1,1.1229990414077917,39.3,0.1661270739208891,211,0.01867064579379592,11301,94.96000000000001,109.95,241.6284987277354,279.7709923664122
2026-01-05,JP,Android,Meta,29,0.95,0.9503910020834818,27.56,0.1244602238723181,233,0.013540465861370686,17208,0.0,64.98,0.0,235.77648766328014
2026-01-05,JP,Android,TikTok,38,1.35,1.4906051444754447,56.64,0.15185730444996157,250,0.016558968015322865,15098,69.97,85.92,123.534604519774,151.6949152542373
2026-01-05,JP,iOS,Google,68,1.1,1.382839749299345,94.03,0.19628595414550817,346,0.019716335590068596,17549,31.94,39.92,33.967882590662555,42.45453578645114
2026-01-05,JP,iOS,Meta,36,0.95,1.1045050405222532,39.76,0.11386560842998633,316,0.013564179474736543,23297,5.99,6.98,15.065392354124748,17.55533199195171
2026-01-05,JP,iOS,TikTok,73,1.35,1.5886211355510889,115.97,0.12837213726773497,569,0.014882023942276883,38234,99.99,120.94999999999999,86.22057428645338,104.29421402086744
2026-01-05,US,Android,Google,46,1.1,0.9466671303398124,43.55,0.2133705319876783,216,0.02067926524020007,10445,10.98,45.96,25.21239954075775,105.53386911595868
2026-01-05,US,Android,Meta,61,0.95,0.8363524007472629,51.02,0.12019225564896975,508,0.015569493221451652,32628,0.0,0.0,0.0,0.0
2026-01-05,US,Android,TikTok,64,1.35,1.2590616738701166,80.58,0.15728489485123762,407,0.01589128784393512,25612,111.97,217.95,138.95507570116655,270.4765450483991
2026-01-05,US,iOS,Google,39,1.1,1.081717196539327,42.19,0.20140889635207815,194,0.021879405784524512,8867,29.98,34.97,71.05949277079877,82.88694003318322
2026-01-05,US,iOS,Meta,68,0.95,0.9703161695261194,65.98,0.10911040087900777,623,0.012016334603454453,51846,7.98,54.93,12.094574113367687,83.2525007578054
2026-01-05,US,iOS,TikTok,76,1.35,1.4102148133292052,107.18,0.13667279592066392,556,0.015582511394351049,35681,128.95,139.93,120.31162530322818,130.55607389438327
2026-01-06,JP,Android,Google,46,1.1,1.0653919803805325,49.01,0.172988508806021,266,0.018404468266046504,14453,0.0,12.98,0.0,26.484390940624365
2026-01-06,JP,Android,Meta,20,0.95,0.9020747445524491,18.04,0.10197208982139393,196,0.013325995685665783,14708,0.0,0.0,0.0,0.0
2026-01-06,JP,Android,TikTok,49,1.35,1.400327733659745,68.62,0.1286377794823013,381,0.01561952725748745,24393,0.0,57.96,0.0,84.46517050422617
2026-01-06,JP,iOS,Google,79,1.1,1.2042246862700035,95.13,0.20367883077619092,388,0.019255697765913803,20150,15.98,107.94,16.79806580468832,113.46578366445917
2026-01-06,JP,iOS,Meta,36,0.95,1.2010487186008143,43.24,0.1133096864243946,318,0.013275432149414877,23954,52.959999999999994,83.91,122.4791859389454,194.0564292321924
2026-01-06,JP,iOS,TikTok,53,1.35,1.6197617847009758,85.85,0.14235119778956407,372,0.015124079080700615,24597,20.98,32.96,24.437973209085616,38.39254513686663
2026-01-06,US,Android,Google,29,1.1,1.1396178197217843,33.05,0.17998162396718656,161,0.020837061998238836,7727,59.98,70.96,181.48260211800303,214.7049924357035
2026-01-06,US,Android,Meta,45,0.95,0.9571095062230865,43.07,0.1257319890585096,358,0.012233435531718864,29264,14.99,14.99,34.80380775481774,34.80380775481774
2026-01-06,US,Android,TikTok,62,1.35,1.2670449726903557,78.56,0.1290437131171317,480,0.015654649982628936,30662,8.98,8.98,11.430753564154786,11.430753564154786
2026-01-06,US,iOS,Google,40,1.1,1.0606341936825319,42.43,0.14482553732848355,276,0.017975864642912953,15354,31.97,31.97,75.34763139288239,75.34763139288239
2026-01-06,US,iOS,Meta,69,0.95,0.9910490746957035,68.38,0.11987810801527425,576,0.011636666749390944,49499,32.98,34.97,48.23047674758701,51.14068441064639
2026-01-06,US,iOS,TikTok,67,1.35,1.438395446566414,96.37,0.133432820775024,502,0.018409609797094113,27268,120.96,232.85,125.51623949361834,241.620836359863
2026-01-07,JP,Android,Google,45,1.1,1.0729268460207981,48.28,0.19263148770648944,234,0.01870252212041309,12512,24.979999999999997,60.96,51.739850869925434,126.26346313173156
2026-01-07,JP,Android,Meta,22,0.95,1.0266404887958158,22.59,0.11840717531425272,186,0.014824381697176486,12547,14.99,164.97,66.356795042054,730.2788844621514
2026-01-07,JP,Android,TikTok,31,1.35,1.3164471267859919,40.81,0.14939904854605673,207,0.016685538919493398,12406,14.98,14.98,36.706689536878216,36.706689536878216
2026-01-07,JP,iOS,Google,75,1.1,1.4664021569470151,109.98,0.1932431321541785,388,0.01939597818342794,20004,24.97,58.93,22.704128023276958,53.582469539916346
2026-01-07,JP,iOS,Meta,43,0.95,0.9874929114172775,42.46,0.10963852134622863,392,0.0124586502913476,31464,26.96,49.93,63.495054168629295,117.59302873292509
2026-01-07,JP,iOS,TikTok,71,1.35,1.5984977640008189,113.49,0.12967798328758537,548,0.015314086214138229,35784,11.97,44.92,10.5471847739889,39.580579786765355
2026-01-07,US,Android,Google,29,1.1,0.9577085980866388,27.77,0.19865209659528002,146,0.021099984347588495,6919,0.0,12.98,0.0,46.74108750450126
2026-01-07,US,Android,Meta,63,0.95,0.9263029837418156,58.36,0.10094081755467421,624,0.012634600170856415,49388,5.99,10.98,10.263879369431116,18.814256339958877
2026-01-07,US,Android,TikTok,50,1.35,1.2991570984804905,64.96,0.1392563288728173,359,0.016574523585523186,21660,15.98,30.96,24.599753694581285,47.660098522167495
2026-01-07,US,iOS,Google,41,1.1,1.1432113485843183,46.87,0.18955725626408204,216,0.01794597677303876,12036,0.0,7.98,0.0,17.025816087049286
2026-01-07,US,iOS,Meta,64,0.95,1.0181392402624478,65.16,0.11075018202706416,578,0.011713481009498483,49345,44.96,49.95,68.99938612645795,76.65745856353593
2026-01-07,US,iOS,TikTok,71,1.35,1.4525538156128697,103.13,0.15150323812188093,469,0.013195546033515426,35542,0.99,6.98,0.9599534568020944,6.768156695432949
2026-01-08,JP,Android,Google,33,1.1,1.0989957774116093,36.27,0.19645002834660835,168,0.02120208322712553,7924,6.98,6.98,19.244554728425694,19.244554728425694
2026-01-08,JP,Android,Meta,16,0.95,1.048923740247096,16.78,0.13308856436620572,120,0.012554822729907667,9558,2.98,2.98,17.759237187127532,17.759237187127532
2026-01-08,JP,Android,TikTok,45,1.35,1.393159420123225,62.69,0.14983637333366512,300,0.014247934785195118,21056,73.93,111.88,117.92949433721489,178.46546498644122
2026-01-08,JP,iOS,Google,73,1.1,1.4478150439866748,105.69,0.19969340137702243,366,0.020112787963789187,18197,17.97,128.87,17.002554640931024,121.9320654745009
2026-01-08,JP,iOS,Meta,38,0.95,1.0716148234027758,40.72,0.12812328978232204,297,0.013347488506182115,22251,49.98,56.959999999999994,122.74066797642436,139.8821218074656
2026-01-08,JP,iOS,TikTok,62,1.35,1.435348822693766,88.99,0.13727666961414042,452,0.013860541327742879,32611,28.96,34.94,32.54298235756827,39.262838521182154
2026-01-08,US,Android,Google,44,1.1,1.0808760977800136,47.56,0.19050744899667285,231,0.019272004866349935,11986,22.979999999999997,28.97,48.31791421362489,60.91253153910849
2026-01-08,US,Android,Meta,52,0.95,0.8455133058603187,43.97,0.11482842533090275,453,0.012294916665332934,36844,0.0,49.98,0.0,113.66841027973618
2026-01-08,US,Android,TikTok,63,1.35,1.2195406730825402,76.83,0.17566730217137833,359,0.018780849019544073,19115,0.0,29.979999999999997,0.0,39.021215670961865
2026-01-08,US,iOS,Google,39,1.1,1.104811022667654,43.09,0.1723467875402364,226,0.018701690162559622,12084,0.0,5.98,0.0,13.87792991413321
2026-01-08,US,iOS,Meta,69,0.95,1.1033894618854472,76.13,0.10015011740811292,689,0.012948225554327418,53212,12.97,20.950000000000003,17.036647839222386,27.518717982398535
2026-01-08,US,iOS,TikTok,82,1.35,1.539044834735153,126.2,0.14897322001847726,550,0.014586569892963835,37706,4.99,46.94,3.954041204437401,37.19492868462757
2026-01-09,JP,Android,Google,55,1.1,1.111697643439016,61.14,0.16150179286045677,341,0.020410347396511954,16707,14.99,14.99,24.517500817795224,24.517500817795224
2026-01-09,JP,Android,Meta,32,0.95,0.9533388896701884,30.51,0.1257059065637176,255,0.010684192966940967,23867,29.99,104.94999999999999,98.29564077351687,343.98557849885276
2026-01-09,JP,Android,TikTok,46,1.35,1.1612700000000002,53.42,0.14699069028220565,313,0.015105810873273793,20721,0.99,58.95,1.8532384874578807,110.35192811681019
2026-01-09,JP,iOS,Google,67,1.1,1.3830066789817619,92.66,0.16721323985160955,401,0.018847981649379175,21275,29.959999999999997,93.87,32.3332613857112,101.30584934167928
2026-01-09,JP,iOS,Meta,46,0.95,1.1278489452058322,51.88,0.12470101424417826,369,0.01390094249893395,26545,46.95,170.9,90.49730146491905,329.414032382421
2026-01-09,JP,iOS,TikTok,55,1.35,1.5920321818331846,87.56,0.13562583742249706,406,0.01690364901264388,24018,19.99,157.93,22.83005938784833,180.3677478300594
2026-01-09,US,Android,Google,41,1.1,1.059525577617451,43.44,0.20015877959808603,205,0.020062901735051795,10218,9.98,71.91,22.97421731123389,165.53867403314916
2026-01-09,US,Android,Meta,74,0.95,0.9162787688121604,67.8,0.13138570810203312,563,0.014000877401464995,40212,19.99,20.979999999999997,29.48377581120944,30.94395280235988
2026-01-09,US,Android,TikTok,67,1.35,1.2518905969152487,83.88,0.15151642922805267,442,0.015160042045611347,29156,26.96,31.950000000000003,32.141154029566046,38.09012875536481
2026-01-09,US,iOS,Google,45,1.1,1.216315340537025,54.73,0.17403422184998152,259,0.01881524295277697,13765,50.96,285.90999999999997,93.11163895486936,522.4008770327059
2026-01-09,US,iOS,Meta,75,0.95,0.9586378491779147,71.9,0.12988639984469377,577,0.014371738132584402,40148,29.96,58.92,41.668984700973574,81.9471488178025
2026-01-09,US,iOS,TikTok,69,1.35,1.6055876826335485,110.79,0.13847512655998698,498,0.01690444149213701,29460,24.98,42.95,22.54716129614586,38.767036736167526
2026-01-10,JP,Android,Google,50,1.1,1.2039020669754579,60.2,0.1803611314216977,277,0.017101226922805655,16198,0.0,29.99,0.0,49.8172757475083
2026-01-10,JP,Android,Meta,31,0.95,1.1056099999999998,34.27,0.13679949751223228,227,0.01443920857244635,15721,0.0,101.97999999999999,0.0,297.5780566092792
2026-01-10,JP,Android,TikTok,35,1.35,1.4266681300185409,49.93,0.1425030256019816,246,0.015387945823507875,15987,4.99,7.98,9.993991588223514,15.982375325455639
2026-01-10,JP,iOS,Google,56,1.1,1.2844167645396218,71.93,0.19389355645240924,289,0.017810970798811644,16226,19.99,34.98,27.790907827054074,48.63061309606561
2026-01-10,JP,iOS,Meta,48,0.95,1.1488370601742857,55.14,0.1105813180441817,434,0.013656467669571785,31780,5.98,30.96,10.845121508886471,56.14798694232862
2026-01-10,JP,iOS,TikTok,70,1.35,1.6410492875579326,114.87,0.12556127818666044,557,0.014064129676188683,39604,25.979999999999997,158.93,22.61687124575607,138.35640289022373
2026-01-10,US,Android,Google,34,1.1,0.9999878688658431,34.0,0.18673891658513353,182,0.021103421428055512,8624,0.0,0.0,0.0,0.0
2026-01-10,US,Android,Meta,55,0.95,0.8923868025454663,49.08,0.11689349968791685,471,0.01266891937208644,37178,1.99,41.97,4.054604726976365,85.51344743276283
2026-01-10,US,Android,TikTok,50,1.35,1.20740496545037,60.37,0.1215088486651094,411,0.014723599273481611,27914,24.96,24.96,41.34503892661919,41.34503892661919
2026-01-10,US,iOS,Google,45,1.1,1.251803212012234,56.33,0.18301138345488976,246,0.019706213448910773,12483,105.97999999999999,166.94,188.14131013669447,296.3607314042251
2026-01-10,US,iOS,Meta,64,0.95,1.034475658567086,66.21,0.12972333748384518,493,0.011323691386624181,43537,0.0,19.99,0.0,30.191813925388917
2026-01-10,US,iOS,TikTok,62,1.35,1.4147163521951598,87.71,0.16524792093240698,375,0.013815990389801918,27142,129.98,134.97,148.19290844829553,153.8821115038194
2026-01-11,JP,Android,Google,33,1.1,1.024294005788656,33.8,0.17197821341655434,192,0.01735048214037093,11066,24.98,24.98,73.90532544378698,73.90532544378698
2026-01-11,JP,Android,Meta,33,0.95,0.9759280536255587,32.21,0.12102739701288168,273,0.013140424442115044,20776,9.99,21.96,31.015212666873644,68.17758460105557
2026-01-11,JP,Android,TikTok,43,1.35,1.4419387774700116,62.0,0.1361936511551546,316,0.014936807812536174,21156,0.0,10.98,0.0,17.70967741935484
2026-01-11,JP,iOS,Google,57,1.1,1.1423969221721921,65.12,0.17041843092883607,334,0.020291984187850384,16460,1.99,43.949999999999996,3.0558968058968055,67.49078624078622
2026-01-11,JP,iOS,Meta,31,0.95,1.036399904595951,32.13,0.13449130520136265,230,0.013451738439097269,17098,0.0,18.97,0.0,59.041394335511974
2026-01-11,JP,iOS,TikTok,65,1.35,1.6027558613682296,104.18,0.15016265097628048,433,0.016711296054739134,25911,4.99,49.96,4.789786907275868,47.955461700902276
2026-01-11,US,Android,Google,43,1.1,1.0482700917080776,45.08,0.16126100430184714,267,0.017699803045606307,15085,2.98,2.98,6.6104702750665485,6.6104702750665485
2026-01-11,US,Android,Meta,51,0.95,0.9527214167457617,48.59,0.11634396219824308,438,0.013584984038574442,32241,2.99,33.97,6.153529532825684,69.91150442477876
2026-01-11,US,Android,TikTok,50,1.35,1.2203949160041383,61.02,0.1416068584662924,353,0.01568474441380275,22506,0.0,58.97,0.0,96.64044575549
2026-01-11,US,iOS,Google,54,1.1,1.1540936177976415,62.32,0.19189452363629148,281,0.023365126392518067,12026,134.97,154.95999999999998,216.5757381258023,248.65211810012835
2026-01-11,US,iOS,Meta,87,0.95,1.0743822611224545,93.47,0.11840371636760215,735,0.012998110590473767,56547,9.99,56.93,10.687921258157699,60.907242965657424
2026-01-11,US,iOS,TikTok,70,1.35,1.5284188887300494,106.99,0.13908873374692327,503,0.015157747987408024,33184,19.99,19.99,18.68398915786522,18.68398915786522
2026-01-12,JP,Android,Google,43,1.1,1.1737001213823361,50.47,0.18424368085703877,233,0.018509735864456093,12588,20.97,25.96,41.549435308103824,51.436496928868635
2026-01-12,JP,Android,Meta,23,0.95,0.8314327796231528,19.12,0.11352232830402983,203,0.012402998437392773,16367,0.0,4.99,0.0,26.098326359832637
2026-01-12,JP,Android,TikTok,35,1.35,1.3820190376349188,48.37,0.1324503579534225,264,0.01448643628610265,18224,29.97,114.94,61.959892495348356,237.62662807525325
2026-01-12,JP,iOS,Google,64,1.1,1.365703071778116,87.4,0.19808680860045694,323,0.01722917196310048,18747,29.97,142.93,34.29061784897025,163.53546910755148
2026-01-12,JP,iOS,Meta,40,0.95,0.970286956482089,38.81,0.13758170795425445,291,0.012708035333172697,22899,2.99,14.96,7.70419994846689,38.546766297346046
2026-01-12,JP,iOS,TikTok,70,1.35,1.650285411287726,115.52,0.12899917795505406,543,0.013946485264191602,38935,60.97,79.92,52.77873961218836,69.18282548476455
2026-01-12,US,Android,Google,35,1.1,1.0193797121248989,35.68,0.16209086598334144,216,0.02056080459381732,10505,0.0,0.0,0.0,0.0
2026-01-12,US,Android,Meta,48,0.95,0.9530562831831181,45.75,0.10472321695725648,458,0.011613751842152065,39436,99.99,101.97999999999999,218.5573770491803,222.90710382513657
2026-01-12,US,Android,TikTok,67,1.35,1.1544411341152747,77.35,0.15017384331797132,446,0.015560068486252812,28663,141.92,172.89,183.47769877181642,223.51648351648353
2026-01-12,US,iOS,Google,45,1.1,1.1367398183781803,51.15,0.2306314595133225,195,0.02116647546055817,9213,0.0,3.9800000000000004,0.0,7.781036168132943
2026-01-12,US,iOS,Meta,66,0.95,1.0901010691579869,71.95,0.11684465591164618,565,0.012342531259659706,45777,31.96,40.93,44.41973592772759,56.88672689367616
2026-01-12,US,iOS,TikTok,66,1.35,1.452284245198152,95.85,0.14118209149424987,467,0.015553139264951553,30026,73.92999999999999,172.85,77.13093375065205,180.3338549817423
2026-01-13,JP,Android,Google,48,1.1,1.238913953966729,59.47,0.18240596206478205,263,0.02032165429055389,12942,59.92,62.91,100.7566840423743,105.78442912392802
2026-01-13,JP,Android,Meta,18,0.95,0.9789146795371297,17.62,0.11583843282458353,155,0.016010702891620467,9681,0.0,0.0,0.0,0.0
2026-01-13,JP,Android,TikTok,27,1.35,1.2939453672538446,34.94,0.13270733200568097,203,0.017157416813948813,11832,12.98,27.96,37.149398969662286,80.02289639381797
2026-01-13,JP,iOS,Google,64,1.1,1.330123345247708,85.13,0.15946767835772072,401,0.020242093187211388,19810,46.94,91.89999999999999,55.13919887231293,107.95254316927053
2026-01-13,JP,iOS,Meta,35,0.95,1.1049162000550674,38.67,0.11981697847000601,292,0.012107411028559103,24117,0.0,12.98,0.0,33.56607189035428
2026-01-13,JP,iOS,TikTok,60,1.35,1.4621181093862519,87.73,0.1230859490573998,487,0.01447966279840282,33633,61.96000000000001,64.95,70.62578365439417,74.03396785592157
2026-01-13,US,Android,Google,34,1.1,1.121246408453705,38.12,0.18254181191185057,186,0.018165749692765475,10239,1.99,52.970000000000006,5.220356768100735,138.95592864637987
2026-01-13,US,Android,Meta,49,0.95,0.991468829417169,48.58,0.1130846306717826,433,0.01186221123366017,36502,0.0,0.0,0.0,0.0
2026-01-13,US,Android,TikTok,62,1.35,1.2505417260161973,77.53,0.1217745824686455,509,0.01537456999719774,33107,40.97,80.95,52.84406036373017,104.41119566619372
2026-01-13,US,iOS,Google,42,1.1,1.2167133097876455,51.1,0.17346432373047774,242,0.018474281492480937,13099,20.98,40.97,41.05675146771037,80.17612524461839
2026-01-13,US,iOS,Meta,70,0.95,1.0486549953521072,73.41,0.10865192384368257,644,0.01198979017245238,53712,14.950000000000001,59.91,20.36507287835445,81.61013485901103
2026-01-13,US,iOS,TikTok,77,1.35,1.3997566265724626,107.78,0.13381233568502582,575,0.015395454914312203,37349,24.98,70.94,23.17684171460382,65.81926145852663
2026-01-14,JP,Android,Google,39,1.1,1.0898833295694237,42.51,0.2013579698231657,194,0.01775530444003036,10926,2.99,7.98,7.0336391437308885,18.772053634438958
2026-01-14,JP,Android,Meta,34,0.95,0.8547671730804309,29.06,0.11893473337379107,286,0.013739938114633083,20815,9.98,29.97,34.34273916035788,103.13145216792843
2026-01-14,JP,Android,TikTok,47,1.35,1.2407618168428654,58.32,0.13651029148104876,344,0.0160209746949901,21472,2.99,32.98,5.126886145404664,56.55006858710562
2026-01-14,JP,iOS,Google,62,1.1,1.2789260281334904,79.29,0.17246744008713372,359,0.01978869591779703,18142,11.98,18.96,15.109093202169252,23.91222096102913
2026-01-14,JP,iOS,Meta,34,0.95,1.1849888055122224,40.29,0.12138430180082782,280,0.012288406761091778,22786,51.980000000000004,52.97,129.01464383221645,131.47182923802433
2026-01-14,JP,iOS,TikTok,67,1.35,1.5818049503850726,105.98,0.14621982561860178,458,0.017931141132388712,25542,40.96,109.9,38.648801660690694,103.69881109643329
2026-01-14,US,Android,Google,43,1.1,0.8788794496407653,37.79,0.14697849072290772,293,0.02079037807424711,14093,0.0,0.0,0.0,0.0
2026-01-14,US,Android,Meta,66,0.95,0.880583754793999,58.12,0.12388628217180137,533,0.013457925837236371,39605,5.99,7.98,10.306262904335858,13.730213351686169
2026-01-14,US,Android,TikTok,65,1.35,1.351597288685079,87.85,0.11380535008704144,571,0.01746757651413662,32689,4.99,59.970000000000006,5.680136596471259,68.26408651109847
2026-01-14,US,iOS,Google,63,1.1,1.2030713476446433,75.79,0.15883449000261896,397,0.020995365989357872,18909,0.0,22.96,0.0,30.29423406781897
2026-01-14,US,iOS,Meta,79,0.95,0.9971915277855135,78.78,0.10636598092553474,743,0.013021001968188959,57062,19.99,29.979999999999997,25.374460522975372,38.05534399593805
2026-01-14,US,iOS,TikTok,77,1.35,1.3149042450782094,101.25,0.1575887471194668,489,0.015596377966142468,31353,25.97,158.92,25.64938271604938,156.95802469135802
2026-01-15,JP,Android,Google,41,1.1,1.0959327052753678,44.93,0.20679255522732268,198,0.019664184903720065,10069,0.99,5.98,2.2034275539728467,13.309592699755177
2026-01-15,JP,Android,Meta,18,0.95,0.9410653596482657,16.94,0.1184753170028985,152,0.01338025952084211,11360,0.0,0.0,0.0,0.0
2026-01-15,JP,Android,TikTok,45,1.35,1.2633047622595757,56.85,0.15663728054840886,287,0.015157220199959178,18935,39.98,45.96,70.325417766051,80.84432717678101
2026-01-15,JP,iOS,Google,76,1.1,1.4093141844658996,107.11,0.1903576549747214,399,0.019215257424646734,20765,14.97,52.93,13.976286061058726,49.41648772290169
2026-01-15,JP,iOS,Meta,47,0.95,1.1134676377931472,52.33,0.1267294658452552,371,0.0127166257250231,29174,49.99,61.97,95.52837760366903,118.42155551309001
2026-01-15,JP,iOS,TikTok,64,1.35,1.6843885220676516,107.8,0.16148820504069875,396,0.01582421931814033,25025,0.0,161.96,0.0,150.24118738404454
2026-01-15,US,Android,Google,44,1.1,1.0296614992832722,45.31,0.17828978453163455,247,0.01861511862605722,13269,0.0,69.97,0.0,154.42507172809533
2026-01-15,US,Android,Meta,51,0.95,0.8220009418862839,41.92,0.12132254956522165,420,0.013987569624526314,30027,0.0,34.98,0.0,83.44465648854961
2026-01-15,US,Android,TikTok,67,1.35,1.1900801208626837,79.74,0.14641556862840444,458,0.01353603804940505,33836,189.96,253.92000000000002,238.22422874341612,318.4349134687736
2026-01-15,US,iOS,Google,39,1.1,1.2423025018234801,48.45,0.19351831572936512,202,0.020748196567841905,9736,0.0,2.99,0.0,6.171310629514964
2026-01-15,US,iOS,Meta,64,0.95,0.9882486891782484,63.25,0.12006493230884241,533,0.011308365207721787,47133,52.96,85.92,83.73122529644269,135.8418972332016
2026-01-15,US,iOS,TikTok,74,1.35,1.4596685167741672,108.02,0.11866771852913224,624,0.016502891159414296,37812,12.97,74.91,12.007035734123312,69.34826883910387
2026-01-16,JP,Android,Google,49,1.1,1.1608844811992522,56.88,0.16141634443046704,304,0.020220868517908528,15034,64.97,70.95,114.22292545710266,124.73628691983123
2026-01-16,JP,Android,Meta,26,0.95,0.860892012730255,22.38,0.12211304344479318,213,0.015049186681768767,14154,8.98,108.97,40.12511170688115,486.90795352993746
2026-01-16,JP,Android,TikTok,44,1.35,1.3815990634828075,60.79,0.13059888809404152,337,0.013675148553495749,24643,2.99,25.96,4.918572133574601,42.704392169764766
2026-01-16,JP,iOS,Google,59,1.1,1.2980708038751454,76.59,0.18638258030101512,317,0.017628792571447213,17982,41.95,56.94,54.77216346781564,74.34390912651781
2026-01-16,JP,iOS,Meta,31,0.95,1.1673043169615478,36.19,0.11449146300882307,271,0.013484384812155224,20097,24.98,74.97,69.02459242884775,207.15667311411994
2026-01-16,JP,iOS,TikTok,55,1.35,1.7656486361296586,97.11,0.15470401527681363,356,0.015169842903903658,23468,60.96,89.91,62.77417361754711,92.58572752548656
2026-01-16,US,Android,Google,39,1.1,0.9010073938019906,35.14,0.15092737568630263,258,0.01966530352595154,13120,0.0,9.99,0.0,28.429140580535
2026-01-16,US,Android,Meta,64,0.95,0.8949907292565799,57.28,0.11320950016769844,565,0.012723280777678892,44407,14.99,129.96,26.169692737430168,226.8854748603352
2026-01-16,US,Android,TikTok,50,1.35,1.277554290145282,63.88,0.13701736218844007,365,0.017975805636924684,20305,16.98,18.97,26.581089542892922,29.696305572949278
2026-01-16,US,iOS,Google,42,1.1,1.3170234224103605,55.31,0.18099075500581754,232,0.020085021039497872,11551,14.99,20.98,27.101789911408424,37.93165792804194
2026-01-16,US,iOS,Meta,91,0.95,1.093082471791547,99.47,0.10651564696389033,854,0.012176362362606193,70136,6.98,86.95,7.017191112898362,87.41329043932843
2026-01-16,US,iOS,TikTok,80,1.35,1.5414045395921199,123.31,0.13665945867173598,585,0.01732113982367608,33774,41.95,119.88,34.01994972021734,97.2183926688833
2026-01-17,JP,Android,Google,36,1.1,1.1290172806861034,40.64,0.17373954716430637,207,0.021234717754641984,9748,4.99,6.98,12.278543307086615,17.1751968503937
2026-01-17,JP,Android,Meta,23,0.95,0.932271765699879,21.44,0.1049429584994585,219,0.01168356142452513,18744,41.97,44.96,195.75559701492534,209.7014925373134
2026-01-17,JP,Android,TikTok,46,1.35,1.2973046238259096,59.68,0.14101576157030715,326,0.012680854357394997,25708,5.99,12.97,10.036863270777479,21.732573726541556
2026-01-17,JP,iOS,Google,54,1.1,1.2830931956100173,69.29,0.17555961912707335,308,0.022217462049123306,13863,24.979999999999997,69.96,36.05137826526194,100.96695049790733
2026-01-17,JP,iOS,Meta,38,0.95,1.0460805728246632,39.75,0.1165059138404627,326,0.013196895578844318,24703,0.0,20.97,0.0,52.75471698113208
2026-01-17,JP,iOS,TikTok,70,1.35,1.6609714349574483,116.27,0.15042682548164085,465,0.01788660074336744,25997,18.97,73.92,16.315472606863334,63.576158940397356
2026-01-17,US,Android,Google,39,1.1,0.9464447279286828,36.91,0.1967616117103662,198,0.0198726107034515,9963,0.0,0.0,0.0,0.0
2026-01-17,US,Android,Meta,50,0.95,0.8670816729146446,43.35,0.10917220405086214,458,0.012228499254488415,37453,104.97999999999999,114.97,242.16839677047287,265.2133794694348
2026-01-17,US,Android,TikTok,67,1.35,1.2025619421661682,80.57,0.13809618528379553,485,0.015494446288142106,31302,15.98,15.98,19.833684994414796,19.833684994414796
2026-01-17,US,iOS,Google,51,1.1,1.1057219274749124,56.39,0.1860098246601782,274,0.015508419744651345,17668,1.99,34.95,3.5289945025713783,61.979074303954604
2026-01-17,US,iOS,Meta,81,0.95,1.0332745748081822,83.7,0.11222092299372506,722,0.01259409520978081,57328,29.94,44.92,35.770609318996414,53.66786140979689
2026-01-17,US,iOS,TikTok,69,1.35,1.6065284415494558,110.85,0.15805234322635892,437,0.015612563432645986,27990,3.9800000000000004,3.9800000000000004,3.5904375281912504,3.5904375281912504
2026-01-18,JP,Android,Google,40,1.1,1.1417088480619293,45.67,0.1637972031020034,244,0.02047005854517928,11920,47.96,89.92,105.01423253777095,196.8907379023429
2026-01-18,JP,Android,Meta,22,0.95,1.0092427266679582,22.2,0.13009153155143988,169,0.012952202071611482,13048,122.97,122.97,553.918918918919,553.918918918919
2026-01-18,JP,Android,TikTok,35,1.35,1.4264888156529216,49.93,0.14545500101029119,241,0.016310615128061492,14776,30.95,50.94,61.98678149409172,102.02283196475064
2026-01-18,JP,iOS,Google,61,1.1,1.2520623997227904,76.38,0.20740084321070265,294,0.019147055380423446,15355,26.950000000000003,51.93,35.2841057868552,67.98900235663787
2026-01-18,JP,iOS,Meta,41,0.95,1.089437324193274,44.67,0.1179912396428917,347,0.01218190259939579,28485,9.99,17.97,22.36400268636669,40.2283411685695
2026-01-18,JP,iOS,TikTok,72,1.35,1.6398551281139304,118.07,0.13202475454864018,545,0.01748650197444119,31167,45.94,154.87,38.90912170746167,131.16795121538073
2026-01-18,US,Android,Google,36,1.1,1.088901178181559,39.2,0.193284512383197,186,0.0191985023315079,9688,0.0,0.0,0.0,0.0
2026-01-18,US,Android,Meta,60,0.95,0.8887527267863876,53.33,0.10469844487801552,573,0.012922341532655647,44342,22.979999999999997,37.96,43.09019313707106,71.17944871554472
2026-01-18,US,Android,TikTok,43,1.35,1.1989178242705556,51.55,0.13245093888061193,325,0.01766218834798371,18401,17.98,38.96,34.87875848690592,75.57710960232784
2026-01-18,US,iOS,Google,50,1.1,1.1346958053160696,56.73,0.19821029920233982,252,0.017456264046322546,14436,0.99,120.96,1.7451084082496033,213.22051824431517
2026-01-18,US,iOS,Meta,84,0.95,1.0813298681476835,90.83,0.1158436158695153,725,0.012815411744787376,56573,24.94,42.89,27.457888362875703,47.22008147087966
2026-01-18,US,iOS,TikTok,83,1.35,1.6248203660012892,134.86,0.13127872061819418,632,0.016223645964817922,38955,19.99,65.94,14.822779178407233,48.895150526471895
2026-01-19,JP,Android,Google,53,1.1,1.092526267844831,57.9,0.1742053556448663,304,0.017940806994776255,16945,19.97,19.97,34.490500863557855,34.490500863557855
2026-01-19,JP,Android,Meta,25,0.95,1.0535889542146208,26.34,0.10876205780946611,230,0.013952162720398547,16485,2.99,2.99,11.35155656795748,11.35155656795748
2026-01-19,JP,Android,TikTok,42,1.35,1.5711300000000001,65.99,0.14229786796919452,295,0.015498719669216074,19034,9.99,24.950000000000003,15.138657372329142,37.80875890286408
2026-01-19,JP,iOS,Google,49,1.1,1.1621366616992785,56.94,0.1727841446202122,284,0.020473588628033768,13872,54.980000000000004,60.97,96.55778011942397,107.07762557077625
2026-01-19,JP,iOS,Meta,45,0.95,1.0896418744406111,49.03,0.11526483308305426,390,0.014987844506568742,26021,13.97,70.92,28.492759534978585,144.6461350193759
2026-01-19,JP,iOS,TikTok,80,1.35,1.5450272960972173,123.6,0.14585241201951168,548,0.015530319879055088,35286,21.979999999999997,77.92999999999999,17.783171521035595,63.05016181229773
2026-01-19,US,Android,Google,37,1.1,1.0392718482258598,38.45,0.17229347019921581,215,0.020390543862115133,10544,15.98,19.96,41.56046814044213,51.9115734720416
2026-01-19,US,Android,Meta,53,0.95,0.8489176588382634,44.99,0.1067698001321424,496,0.010856624133422879,45686,5.99,16.97,13.314069793287398,37.71949322071571
2026-01-19,US,Android,TikTok,70,1.35,1.2239413192585917,85.68,0.13014669628397893,538,0.01370914895412187,39244,13.97,49.949999999999996,16.30485527544351,58.298319327731086
2026-01-19,US,iOS,Google,41,1.1,1.2278990005599806,50.34,0.16920679404810976,242,0.018913003422808806,12795,12.98,33.96,25.78466428287644,67.46126340882002
2026-01-19,US,iOS,Meta,78,0.95,1.0417579867626112,81.26,0.1346277417754742,579,0.014466054471533131,40025,4.99,10.98,6.140782672901796,13.512183115924191
2026-01-19,US,iOS,TikTok,71,1.35,1.4156867167593752,100.51,0.1543671867401914,460,0.013526329790951223,34008,19.98,54.95,19.878619042881304,54.671176997313694
2026-01-20,JP,Android,Google,53,1.1,1.1818328687422721,62.64,0.16878532173787097,314,0.01887325650196609,16637,4.99,39.96,7.9661558109833965,63.793103448275865
2026-01-20,JP,Android,Meta,16,0.95,0.9430236762524539,15.09,0.136243712701201,117,0.01397237523703757,8374,19.99,39.98,132.47183565275014,264.9436713055003
2026-01-20,JP,Android,TikTok,42,1.35,1.3030976715688822,54.73,0.1517459934277941,277,0.018441447299159777,15021,15.97,80.94,29.179608989585237,147.88964005116026
2026-01-20,JP,iOS,Google,67,1.1,1.3001055399758978,87.11,0.18563069410495334,361,0.021311363185460817,16939,39.97,215.92000000000002,45.884513833084604,247.87050855240503
2026-01-20,JP,iOS,Meta,31,0.95,1.0828640404408139,33.57,0.11315807983658077,274,0.012296408376430572,22283,14.99,124.96,44.652963955913016,372.23711647304134
2026-01-20,JP,iOS,TikTok,64,1.35,1.5809218947029808,101.18,0.1542119643795022,415,0.013617070669825688,30476,73.94,99.91,73.07768333662779,98.7448112275153
2026-01-20,US,Android,Google,34,1.1,1.0036783411703412,34.13,0.19046652958881355,179,0.02127354176156932,8414,0.0,17.98,0.0,52.68092587166715
2026-01-20,US,Android,Meta,70,0.95,0.8791250583370488,61.54,0.11477204756133152,610,0.013449402171377113,45355,9.99,22.97,16.23334416639584,37.32531686707832
2026-01-20,US,Android,TikTok,50,1.35,1.2556724581585614,62.78,0.13659061639654907,366,0.015231955488245467,24028,7.970000000000001,57.96,12.695125836253585,92.32239566741
2026-01-20,US,iOS,Google,46,1.1,1.1343162604128576,52.18,0.17510153089147973,263,0.019184714005119684,13709,8.97,13.96,17.190494442315067,26.753545419701037
2026-01-20,US,iOS,Meta,66,0.95,1.0264636400359088,67.75,0.11143310686473777,592,0.012747986962129965,46439,29.98,72.95,44.25092250922509,107.67527675276753
2026-01-20,US,iOS,TikTok,72,1.35,1.3324939672460134,95.94,0.13769981260768896,523,0.015804135614975373,33093,129.95999999999998,136.94,135.45966228893056,142.73504273504273
2026-01-21,JP,Android,Google,39,1.1,1.0816013082726799,42.18,0.16766385129616848,233,0.020619441234160672,11300,44.96,60.94,106.59080132764342,144.4760550023708
2026-01-21,JP,Android,Meta,25,0.95,1.0042346960834105,25.11,0.11626124095305272,215,0.012579976672752386,17091,0.0,0.0,0.0,0.0
2026-01-21,JP,Android,TikTok,39,1.35,1.236362483067008,48.22,0.16290634299514023,239,0.0165071745445503,14479,4.99,13.96,10.348403152218998,28.95064288676898
2026-01-21,JP,iOS,Google,59,1.1,1.3508613254076882,79.7,0.1836648120751924,321,0.023155599806091057,13863,8.97,133.94,11.254705144291092,168.0552070263488
2026-01-21,JP,iOS,Meta,38,0.95,1.1089201850948371,42.14,0.09640544974734985,394,0.013163874504845059,29930,29.99,162.95999999999998,71.16753678215471,386.71096345514945
2026-01-21,JP,iOS,TikTok,58,1.35,1.5061413934719412,87.36,0.1423480930037621,407,0.018494343471990377,22007,8.98,88.95,10.279304029304031,101.82005494505495
2026-01-21,US,Android,Google,38,1.1,1.0893621062036467,41.4,0.1624656786388705,234,0.022577610796317763,10364,11.98,11.98,28.937198067632853,28.937198067632853
2026-01-21,US,Android,Meta,61,0.95,0.9179295379309415,55.99,0.1067301184767476,572,0.013314860199459358,42960,42.97,72.94,76.74584747276299,130.27326308269335
2026-01-21,US,Android,TikTok,60,1.35,1.1410463288053867,68.46,0.14072415347889122,426,0.015225809260043237,27979,0.0,19.99,0.0,29.1995325737657
2026-01-21,US,iOS,Google,54,1.1,1.1397511073056488,61.55,0.16295625314993212,331,0.021317355660086554,15527,0.0,12.97,0.0,21.072298943948013
2026-01-21,US,iOS,Meta,68,0.95,1.0217167802894862,69.48,0.13409057990848533,507,0.011813920016817839,42915,0.0,15.98,0.0,22.99942429476108
2026-01-21,US,iOS,TikTok,71,1.35,1.4563886932169725,103.4,0.1455803306074947,488,0.014920579561415397,32707,4.99,89.96000000000001,4.825918762088975,87.00193423597679
2026-01-22,JP,Android,Google,51,1.1,1.189279979386772,60.65,0.17232755140048822,296,0.02024731194635351,14619,19.98,20.97,32.94311624072547,34.57543281121187
2026-01-22,JP,Android,Meta,23,0.95,0.9407468778362271,21.64,0.12293609051832435,187,0.01334622070573092,14011,79.98,84.97,369.59334565619224,392.6524953789279
2026-01-22,JP,Android,TikTok,39,1.35,1.3260920058658712,51.72,0.15172355383205116,257,0.0158445552338957,16220,9.99,9.99,19.31554524361949,19.31554524361949
2026-01-22,JP,iOS,Google,59,1.1,1.347995734276315,79.53,0.18638669295767052,317,0.017478528935025214,18137,123.92,149.86,155.8154155664529,188.43203822456934
2026-01-22,JP,iOS,Meta,47,0.95,1.1154447483013283,52.43,0.11497969851119638,409,0.013225360000447241,30925,38.949999999999996,64.92999999999999,74.28952889567041,123.84131222582491
2026-01-22,JP,iOS,TikTok,61,1.35,1.679976809205392,102.48,0.14307890484842767,426,0.015468578068950047,27540,15.98,167.91,15.59328649492584,163.84660421545667
2026-01-22,US,Android,Google,36,1.1,1.0328440178052194,37.18,0.19247694008385452,187,0.02089113264387816,8951,4.99,4.99,13.42119419042496,13.42119419042496
2026-01-22,US,Android,Meta,68,0.95,0.864514402834124,58.79,0.11881289547774042,572,0.013217239438219485,43277,114.96,138.93,195.5434597720701,236.31569994897092
2026-01-22,US,Android,TikTok,62,1.35,1.3132448512922656,81.42,0.1473796963458897,421,0.01654851902337476,25440,19.99,119.97999999999999,24.55170719724883,147.35937116187668
2026-01-22,US,iOS,Google,57,1.1,1.2020073139454726,68.51,0.1760185710180495,324,0.020869364105885944,15525,24.979999999999997,29.97,36.46183038972412,43.74543862209896
2026-01-22,US,iOS,Meta,70,0.95,0.9587713677846792,67.11,0.11734706946792815,597,0.010778127002466128,55390,144.91,151.89,215.92907167337208,226.32990612427358
2026-01-22,US,iOS,TikTok,68,1.35,1.4759019789538814,100.36,0.13842438523107714,491,0.013964305410561156,35161,31.97,234.94,31.85532084495815,234.09724990035872
2026-01-23,JP,Android,Google,37,1.1,1.0281297820060298,38.04,0.18157125291930276,204,0.019811855551312593,10297,4.99,4.99,13.11777076761304,13.11777076761304
2026-01-23,JP,Android,Meta,29,0.95,0.997644836752856,28.93,0.11572038655628744,251,0.013233591433409176,18967,19.98,19.98,69.06325613549949,69.06325613549949
2026-01-23,JP,Android,TikTok,39,1.35,1.3342729319336628,52.04,0.14236164158053835,274,0.018581214649094038,14746,0.0,12.98,0.0,24.942352036894697
2026-01-23,JP,iOS,Google,52,1.1,1.1882748352684411,61.79,0.17632011567419276,295,0.0187718222476325,15715,86.95,144.87,140.71856287425152,234.45541349732966
2026-01-23,JP,iOS,Meta,37,0.95,1.2439082197686506,46.02,0.11396551863107467,325,0.014632912789236886,22210,0.0,0.0,0.0,0.0
2026-01-23,JP,iOS,TikTok,86,1.35,1.5296896633554828,131.55,0.12586316734066863,683,0.016755673064479056,40762,55.959999999999994,196.92,42.53895857088559,149.69213226909918
2026-01-23,US,Android,Google,37,1.1,0.9409692722135892,34.82,0.16146982571405957,229,0.02067339138742679,11077,29.96,37.94,86.04250430786904,108.96036760482481
2026-01-23,US,Android,Meta,54,0.95,0.7431662984718079,40.13,0.11310396445900293,477,0.012710859710240656,37527,0.0,0.0,0.0,0.0
2026-01-23,US,Android,TikTok,44,1.35,1.2691386104612605,55.84,0.12656871626371416,348,0.015801894172732103,22023,0.0,31.96,0.0,57.23495702005731
2026-01-23,US,iOS,Google,39,1.1,1.3164959732942134,51.34,0.17657735817459008,221,0.020010284532434728,11044,12.98,30.95,25.282430853135956,60.284378652123095
2026-01-23,US,iOS,Meta,62,0.95,1.0731981414324623,66.54,0.11121882885216164,557,0.011538568828909584,48273,3.9800000000000004,12.950000000000001,5.98136459272618,19.461977757739703
2026-01-23,US,iOS,TikTok,70,1.35,1.5156013774753552,106.09,0.12261733963373855,571,0.017863655887678395,31964,11.97,59.92,11.28287303233104,56.480346875294565
2026-01-24,JP,Android,Google,54,1.1,1.1184538310414145,60.4,0.1837238839992752,294,0.01908511579200894,15405,17.98,19.97,29.7682119205298,33.062913907284766
2026-01-24,JP,Android,Meta,27,0.95,0.9576875551276683,25.86,0.13520581678703505,200,0.01362237633832762,14682,0.0,19.99,0.0,77.30085073472544
2026-01-24,JP,Android,TikTok,41,1.35,1.3348124114063695,54.73,0.1294919338273272,317,0.018247485008778687,17372,51.94,89.89,94.90224739630916,164.24264571532981
2026-01-24,JP,iOS,Google,54,1.1,1.3212539164421662,71.35,0.18388287347851093,294,0.0173928736932657,16903,12.96,14.940000000000001,18.163980378416262,20.939032936229857
2026-01-24,JP,iOS,Meta,46,0.95,1.0505358361487418,48.32,0.13132905299990721,350,0.01240398863930078,28217,0.99,0.99,2.048841059602649,2.048841059602649
2026-01-24,JP,iOS,TikTok,66,1.35,1.6574131864647708,109.39,0.14152920218210233,466,0.01460720638574899,31902,140.95999999999998,203.89999999999998,128.8600420513758,186.39729408538255
2026-01-24,US,Android,Google,40,1.1,1.0515974190167268,42.06,0.20204103529455103,198,0.018958467168241688,10444,4.99,29.96,11.864003804089396,71.23157394198763
2026-01-24,US,Android,Meta,64,0.95,0.7978666455061297,51.06,0.11369057285345047,563,0.014433051656600387,39008,0.0,0.99,0.0,1.9388954171562864
2026-01-24,US,Android,TikTok,57,1.35,1.188041491824289,67.72,0.13840114657563793,412,0.013881479805757175,29680,65.97,65.97,97.41582988777319,97.41582988777319
2026-01-24,US,iOS,Google,52,1.1,1.1689677417023063,60.79,0.1615038462183006,322,0.018920780579164315,17018,1.99,39.96,3.2735647310412896,65.73449580523113
2026-01-24,US,iOS,Meta,60,0.95,1.0504812313769296,63.03,0.11224009195154905,535,0.013097516604892162,40847,14.98,55.93,23.766460415675077,88.73552276693638
2026-01-24,US,iOS,TikTok,64,1.35,1.3088324560582154,83.77,0.12736014309629015,503,0.015757768977921784,31921,0.0,14.98,0.0,17.882296764951654
2026-01-25,JP,Android,Google,49,1.1,1.164265119352278,57.05,0.2000752318581015,245,0.018507845425369852,13238,9.99,39.97,17.510955302366344,70.06134969325154
2026-01-25,JP,Android,Meta,24,0.95,0.9483673906280343,22.76,0.10197137041162964,235,0.012531115266047483,18753,0.0,99.99,0.0,439.323374340949
2026-01-25,JP,Android,TikTok,44,1.35,1.388330780959338,61.09,0.1488343090419671,296,0.01737450064252903,17036,20.96,55.93,34.31003437551154,91.55344573579963
2026-01-25,JP,iOS,Google,72,1.1,1.3880720438403982,99.94,0.1985710890538981,363,0.021393762403272933,16968,2.99,150.86,2.991795077046228,150.95057034220534
2026-01-25,JP,iOS,Meta,39,0.95,1.1878509534556814,46.33,0.1269180620165835,307,0.011784195864498467,26052,34.97,67.94,75.48025037772501,146.64364342758472
2026-01-25,JP,iOS,TikTok,69,1.35,1.8036231476129354,124.45,0.15298931570016364,451,0.015633099587855904,28849,70.94999999999999,125.93,57.01084773001204,101.1892326235436
2026-01-25,US,Android,Google,41,1.1,1.0222117221792064,41.91,0.1611677597154985,254,0.0209199767824137,12142,7.98,23.96,19.040801717967074,57.17012646146505
2026-01-25,US,Android,Meta,63,0.95,0.8449391646155912,53.23,0.12627849465884922,499,0.013345730917906277,37390,51.97,201.92999999999998,97.6329137704302,379.35374788653013
2026-01-25,US,Android,TikTok,65,1.35,1.1398796070870436,74.09,0.15069163601609728,431,0.017412600753431488,24752,19.99,65.96,26.980699149682813,89.02685922526655
2026-01-25,US,iOS,Google,39,1.1,1.2062995457850334,47.05,0.18008910890892174,217,0.021437614614501475,10122,24.97,154.93,53.07120085015941,329.287991498406
2026-01-25,US,iOS,Meta,75,0.95,1.0503856227718866,78.78,0.10861100908798021,691,0.012052500515014587,57333,134.95999999999998,167.94,171.3125158669713,213.17593297791316
2026-01-25,US,iOS,TikTok,60,1.35,1.506649691002125,90.4,0.14327128010088377,419,0.0158687895811264,26404,14.96,113.89999999999999,16.548672566371682,125.99557522123892
2026-01-26,JP,Android,Google,38,1.1,1.1828358783434187,44.95,0.2062697573240149,184,0.017040638218249946,10798,22.97,85.91999999999999,51.1012235817575,191.14571746384868
2026-01-26,JP,Android,Meta,19,0.95,0.8521852118179936,16.19,0.11499184781248327,165,0.013513665002264749,12210,0.0,0.0,0.0,0.0
2026-01-26,JP,Android,TikTok,41,1.35,1.5157815313209495,62.15,0.12496825151747026,328,0.01618528152911408,20265,0.0,29.99,0.0,48.25422365245374
2026-01-26,JP,iOS,Google,69,1.1,1.4624391339544227,100.91,0.16556407846190613,417,0.01947710660608191,21410,49.97,109.92999999999999,49.51937369933604,108.93865821028639
2026-01-26,JP,iOS,Meta,41,0.95,1.0460198108775092,42.89,0.12115930961813248,338,0.011865607307386113,28486,139.95999999999998,145.95,326.32315224994164,340.2891116810445
2026-01-26,JP,iOS,TikTok,54,1.35,1.64298536093321,88.72,0.14185155932078036,381,0.015458685466585843,24646,33.96,113.91000000000001,38.27772768259693,128.39269612263303
2026-01-26,US,Android,Google,47,1.1,1.0933851495519828,51.39,0.2066998008296593,227,0.020943963920456995,10838,0.0,0.0,0.0,0.0
2026-01-26,US,Android,Meta,56,0.95,0.8873000555312118,49.69,0.10847408812164118,516,0.014386237591518435,35868,103.97,103.97,209.23727108070037,209.23727108070037
2026-01-26,US,Android,TikTok,51,1.35,1.194697548004498,60.93,0.15491510828157243,329,0.01510659494637158,21779,31.950000000000003,74.92,52.437223042836045,122.96077465944526
2026-01-26,US,iOS,Google,54,1.1,1.1416705336824735,61.65,0.17355101103736828,311,0.017782971594573756,17489,0.0,2.98,0.0,4.833738848337388
2026-01-26,US,iOS,Meta,83,0.95,1.0421941743577827,86.5,0.14183444840862167,585,0.013326810763993455,43896,25.96,85.94,30.01156069364162,99.35260115606937
2026-01-26,US,iOS,TikTok,54,1.35,1.4725302921850272,79.52,0.16058552945541002,336,0.017134236781298485,19610,16.97,39.94,21.340543259557343,50.226358148893354
2026-01-27,JP,Android,Google,50,1.1,1.1393404589780765,56.97,0.18007852140680256,278,0.019976957291583188,13916,0.0,18.97,0.0,33.2982271370897
2026-01-27,JP,Android,Meta,18,0.95,0.9301664347342358,16.74,0.11297707131498146,159,0.015263173430895042,10417,0.0,0.0,0.0,0.0
2026-01-27,JP,Android,TikTok,50,1.35,1.3408234102057357,67.04,0.1386169536875744,361,0.01586413662709075,22756,5.99,7.98,8.934964200477326,11.903341288782816
2026-01-27,JP,iOS,Google,70,1.1,1.4004319155945062,98.03,0.17856117186821904,392,0.020383508313090267,19231,13.97,43.96,14.250739569519535,44.84341528103642
2026-01-27,JP,iOS,Meta,36,0.95,1.0656911223443708,38.36,0.11036024751675745,326,0.011756411726620612,27730,17.97,42.949999999999996,46.84567257559958,111.96558915537015
2026-01-27,JP,iOS,TikTok,64,1.35,1.6856199955907005,107.88,0.13012476351669292,492,0.016832577976303914,29229,29.98,164.95,27.79013718946978,152.9013718946978
2026-01-27,US,Android,Google,34,1.1,1.0107823760131585,34.37,0.18089645978398708,188,0.01844496141906819,10192,6.98,56.97,20.308408495781208,165.75501891184172
2026-01-27,US,Android,Meta,50,0.95,0.8407782920574698,42.04,0.1209539475753735,413,0.013894851985418599,29723,22.979999999999997,27.97,54.66222645099904,66.53187440532827
2026-01-27,US,Android,TikTok,67,1.35,1.2958146469584648,86.82,0.14756615139536852,454,0.01515556919195786,29956,6.98,42.95,8.03962220686478,49.470168164017515
2026-01-27,US,iOS,Google,53,1.1,1.0380116506102415,55.01,0.15322782696188803,346,0.018105047860075066,19111,9.98,26.96,18.14215597164152,49.0092710416288
2026-01-27,US,iOS,Meta,81,0.95,1.0048846933163622,81.4,0.12135278351374389,667,0.013212231774314258,50484,109.97999999999999,199.94,135.1105651105651,245.6265356265356
2026-01-27,US,iOS,TikTok,72,1.35,1.4269186117625732,102.74,0.12960945682453254,556,0.01595117678352865,34856,0.0,72.95,0.0,71.00447732139381
2026-01-28,JP,Android,Google,39,1.1,1.2106629399979212,47.22,0.1772028759335592,220,0.022079284557695852,9964,0.0,119.97999999999999,0.0,254.0872511647607
2026-01-28,JP,Android,Meta,24,0.95,0.9552649960033028,22.93,0.12107118886248659,198,0.011977411866220885,16531,0.0,0.0,0.0,0.0
2026-01-28,JP,Android,TikTok,38,1.35,1.2810746854676587,48.68,0.14075449977158733,270,0.01551690368716413,17400,0.0,54.980000000000004,0.0,112.94165981922761
2026-01-28,JP,iOS,Google,57,1.1,1.276486091726173,72.76,0.14422077189989715,395,0.017930253632534438,22030,105.97999999999999,128.95,145.65695437053324,177.22649807586583
2026-01-28,JP,iOS,Meta,36,0.95,1.1172522527632989,40.22,0.1192224021484099,302,0.01423741848905632,21212,5.99,5.99,14.89308801591248,14.89308801591248
2026-01-28,JP,iOS,TikTok,59,1.35,1.569142697023648,92.58,0.12786815881580643,461,0.017532740815135662,26294,17.97,33.95,19.410239792611794,36.670987254266585
2026-01-28,US,Android,Google,40,1.1,1.0341468000042964,41.37,0.1841235944038526,217,0.0182080105754157,11918,9.98,9.98,24.123761179598745,24.123761179598745
2026-01-28,US,Android,Meta,53,0.95,0.8662683998460307,45.91,0.13420775918396285,395,0.012740753536369194,31003,0.99,50.980000000000004,2.156392942714006,111.04334567632326
2026-01-28,US,Android,TikTok,54,1.35,1.187154552462028,64.11,0.15013058462696763,360,0.017085786184862593,21070,133.94,166.89,208.92216502885663,260.3182030884417
2026-01-28,US,iOS,Google,45,1.1,1.22768802357244,55.25,0.17677971568607068,255,0.01918107574790782,13294,0.0,0.0,0.0,0.0
2026-01-28,US,iOS,Meta,73,0.95,0.9108585686316194,66.49,0.12199583557977407,598,0.0128219098217261,46639,131.97,145.94,198.48097458264402,219.49165288013236
2026-01-28,US,iOS,TikTok,74,1.35,1.5707834749383391,116.24,0.14077917863679834,526,0.020230925556851822,26000,1.99,32.97,1.711975223675155,28.363730213351683
2026-01-29,JP,Android,Google,35,1.1,1.1584922227018726,40.55,0.17771904168483618,197,0.019170524384817204,10276,62.97,62.97,155.28976572133172,155.28976572133172
2026-01-29,JP,Android,Meta,27,0.95,0.9422423100962759,25.44,0.11407890067211869,237,0.013160463328500996,18008,0.0,9.99,0.0,39.2688679245283
2026-01-29,JP,Android,TikTok,40,1.35,1.3185766831771792,52.74,0.14710549757366156,272,0.016013112374111894,16986,24.979999999999997,134.95999999999998,47.36442927569207,255.89685248388315
2026-01-29,JP,iOS,Google,72,1.1,1.3313618400334715,95.86,0.19291216395895278,373,0.01947486013653168,19153,9.96,55.89,10.390152305445442,58.30377634049656
2026-01-29,JP,iOS,Meta,46,0.95,1.0906079862076634,50.17,0.10704630386729079,430,0.013710341700024706,31363,9.98,72.93,19.89236595575045,145.36575642814432
2026-01-29,JP,iOS,TikTok,67,1.35,1.676689924056643,112.34,0.16132712654487438,415,0.016142197272173284,25709,39.94,116.88,35.552786184796155,104.04130318675449
2026-01-29,US,Android,Google,39,1.1,1.0501474679232823,40.96,0.20218828662445615,193,0.01994553799967645,9676,14.99,27.97,36.5966796875,68.2861328125
2026-01-29,US,Android,Meta,56,0.95,0.8031374690038894,44.98,0.12890753196170035,434,0.014803006738348777,29318,4.99,19.98,11.093819475322366,44.41974210760338
2026-01-29,US,Android,TikTok,60,1.35,1.2024161424057864,72.14,0.13996542284138366,429,0.015610513795101269,27481,104.96999999999998,108.94999999999999,145.50873301912947,151.02578319933463
2026-01-29,US,iOS,Google,45,1.1,1.1869461819635472,53.41,0.19437772717015847,232,0.020341258698315462,11405,79.95,124.92999999999999,149.69106908818574,233.90750795731137
2026-01-29,US,iOS,Meta,84,0.95,1.1185872083395545,93.96,0.12889542420073674,652,0.0144391202699726,45155,1.99,72.96,2.117922520221371,77.6500638569604
2026-01-29,US,iOS,TikTok,71,1.35,1.5069771837500092,107.0,0.13791550233652372,515,0.017232863412745054,29885,15.98,15.98,14.934579439252339,14.934579439252339
2026-01-30,JP,Android,Google,42,1.1,1.2071803660062568,50.7,0.17593157856163769,239,0.019086931549270283,12522,0.0,0.0,0.0,0.0
2026-01-30,JP,Android,Meta,23,0.95,0.9786385655370242,22.51,0.136272866606541,169,0.012881381092103872,13120,4.99,4.99,22.167925366503777,22.167925366503777
2026-01-30,JP,Android,TikTok,42,1.35,1.4772279539091835,62.04,0.14032384736122377,299,0.017922649400545748,16683,0.0,0.0,0.0,0.0
2026-01-30,JP,iOS,Google,50,1.1,1.2663409282398772,63.32,0.20135531308838275,248,0.019180357436542256,12930,45.97,85.94,72.59949463044852,135.72331017056223
2026-01-30,JP,iOS,Meta,37,0.95,1.1526618857502824,42.65,0.10739535914315182,345,0.013335929357241257,25870,47.96,162.94,112.45017584994139,382.0398593200469
2026-01-30,JP,iOS,TikTok,65,1.35,1.838916036310274,119.53,0.1276450027977126,509,0.014556704000429651,34967,49.94,81.91999999999999,41.78030619928052,68.5350957918514
2026-01-30,US,Android,Google,37,1.1,0.9493407743739,35.13,0.15839434160957305,234,0.018447389514857738,12685,29.99,112.94,85.36863079988612,321.49160261884424
2026-01-30,US,Android,Meta,48,0.95,0.8021305271296093,38.5,0.12073538234272962,398,0.012707632743033322,31320,0.0,0.0,0.0,0.0
2026-01-30,US,Android,TikTok,61,1.35,1.2297426769937225,75.01,0.13825636410901138,441,0.015885814237120672,27761,21.950000000000003,112.89,29.26276496467138,150.49993334222103
2026-01-30,US,iOS,Google,44,1.1,1.0970795615948903,48.27,0.15485760937873683,284,0.018455554230029564,15388,16.97,16.97,35.15641185001036,35.15641185001036
2026-01-30,US,iOS,Meta,78,0.95,1.0536444913708616,82.18,0.13138096357868456,594,0.012534667237396572,47389,29.99,44.98,36.49306400584083,54.73351180335847
2026-01-30,US,iOS,TikTok,78,1.35,1.4101348795628255,109.99,0.14897850996595335,524,0.016609455042983723,31548,54.96,275.9,49.96817892535685,250.84098554414038
2026-01-31,JP,Android,Google,43,1.1,1.2430037022120617,53.45,0.17204884569578294,250,0.02017499100531452,12392,8.97,25.94,16.78203928905519,48.53133769878391
2026-01-31,JP,Android,Meta,33,0.95,0.9586273384065007,31.63,0.1185743197531077,278,0.0126291320303661,22013,34.97,54.95,110.55959532089787,173.72747391716726
2026-01-31,JP,Android,TikTok,51,1.35,1.403149364026438,71.56,0.12995602422894312,392,0.016159835243537812,24258,30.97,36.96,43.27836780324203,51.648965902738965
2026-01-31,JP,iOS,Google,71,1.1,1.3136356135987928,93.27,0.18431419385924486,385,0.02376212101137673,16202,105.97999999999999,135.97,113.62710410635788,145.7810657231693
2026-01-31,JP,iOS,Meta,33,0.95,1.1280457010972076,37.23,0.13632312632796723,242,0.015117425247946296,16008,19.98,70.94,53.66639806607575,190.54525919957024
2026-01-31,JP,iOS,TikTok,75,1.35,1.6976328281804676,127.32,0.14989626533336683,500,0.014565987927990683,34327,77.93,93.9,61.20797989318254,73.75117813383602
2026-01-31,US,Android,Google,36,1.1,1.0065156919781444,36.23,0.19382059792912007,186,0.02016783320985585,9223,0.0,2.99,0.0,8.252829147115651
2026-01-31,US,Android,Meta,61,0.95,0.8604216888766214,52.49,0.10607687441766546,575,0.012088409805428642,47566,22.979999999999997,38.96,43.77976757477614,74.22366164983806
2026-01-31,US,Android,TikTok,43,1.35,1.2438769810737238,53.49,0.13513337518942667,318,0.016322284265077907,19483,35.98,40.97,67.2649093288465,76.5937558422135
2026-01-31,US,iOS,Google,50,1.1,1.1983236612179367,59.92,0.1687799716927896,296,0.02054478149106495,14408,0.0,14.99,0.0,25.016688918558078
2026-01-31,US,iOS,Meta,59,0.95,1.0944249627671503,64.57,0.11887201525778492,496,0.013578753707388293,36528,110.97,132.95,171.85999690258635,205.90057302152704
2026-01-31,US,iOS,TikTok,83,1.35,1.504095338826275,124.84,0.14062443497039986,590,0.016292689717799645,36213,52.94,105.88,42.40628003844921,84.81256007689842
2026-02-01,JP,Android,Google,44,1.1,1.0384866306792175,45.69,0.17725614436038883,248,0.022039056692463897,11253,5.99,164.95,13.110089735171812,361.0199168308163
2026-02-01,JP,Android,Meta,20,0.95,0.9587709437137844,19.18,0.12041934597801096,166,0.012128796290792145,13686,0.0,1.99,0.0,10.37539103232534
2026-02-01,JP,Android,TikTok,31,1.35,1.4069726986868845,43.62,0.14736522972079563,210,0.01705906134403426,12310,2.99,37.94,6.854653828519029,86.9784502521779
2026-02-01,JP,iOS,Google,68,1.1,1.1402053841497868,77.53,0.1874934374345961,363,0.023090989706453912,15720,38.94,105.9,50.22571907648652,136.59228685670064
2026-02-01,JP,iOS,Meta,37,0.95,1.1523282476744046,42.64,0.12509341605138746,296,0.011143449989689119,26563,1.98,1.98,4.643527204502814,4.643527204502814
2026-02-01,JP,iOS,TikTok,67,1.35,1.3632300000000004,91.34,0.14124403753316558,474,0.018902224258166938,25076,40.949999999999996,137.89,44.832493978541706,150.96343332603456
2026-02-01,US,Android,Google,43,1.1,1.0709888876992393,46.05,0.1699215070165208,253,0.019516860902340994,12963,1.99,61.97,4.321389793702497,134.57111834961998
2026-02-01,US,Android,Meta,45,0.95,0.9443183249702076,42.49,0.10891583073170376,413,0.01168645675662862,35340,0.0,19.98,0.0,47.022828900917865
2026-02-01,US,Android,TikTok,56,1.35,1.3995684370336174,78.38,0.13402352334217907,418,0.01783491056285469,23437,1.99,7.98,2.538912988007145,10.181168665475889
2026-02-01,US,iOS,Google,43,1.1,1.3366342832183362,57.48,0.16224326064619857,265,0.017241473096295038,15370,14.96,64.94,26.026443980514962,112.97842727905359
2026-02-01,US,iOS,Meta,72,0.95,0.9754570574627763,70.23,0.12590455714615967,572,0.014083881574919244,40614,0.0,14.98,0.0,21.329915990317527
2026-02-01,US,iOS,TikTok,77,1.35,1.510144299711797,116.28,0.1263119518660885,610,0.014979658071506911,40722,2.99,42.96,2.5713794289645686,36.9453044375645
2026-02-02,JP,Android,Google,41,1.1,1.1548798097864827,47.35,0.21739992487472812,189,0.021745614802363138,8691,36.95,52.92,78.03590285110876,111.76346356916578
2026-02-02,JP,Android,Meta,25,0.95,0.9287861624740933,23.22,0.13513284819804877,185,0.013583638712203965,13619,36.95,86.94,159.13006029285103,374.4186046511628
2026-02-02,JP,Android,TikTok,42,1.35,1.3884622487592675,58.32,0.1264172330307805,332,0.014306867782773769,23206,101.97999999999999,101.97999999999999,174.8628257887517,174.8628257887517
2026-02-02,JP,iOS,Google,72,1.1,1.2523068733883211,90.17,0.1716817312696506,419,0.02240476030591784,18701,15.97,49.94,17.710990351558166,55.38427414882998
2026-02-02,JP,iOS,Meta,46,0.95,1.0891279241518201,50.1,0.12620209779277247,364,0.011630953321093344,31296,9.99,9.99,19.940119760479043,19.940119760479043
2026-02-02,JP,iOS,TikTok,62,1.35,1.652542718703045,102.46,0.1267746050295716,489,0.017501466225234002,27941,87.94999999999999,117.94,85.83837595159086,115.10833495998438
2026-02-02,US,Android,Google,44,1.1,0.994504581727034,43.76,0.178160455847421,247,0.018087271524425026,13656,13.96,29.94,31.901279707495434,68.41864716636198
2026-02-02,US,Android,Meta,50,0.95,0.905841604515721,45.29,0.1148397422866324,435,0.014371914916143683,30267,5.99,33.96,13.225877677191434,74.98344005299184
2026-02-02,US,Android,TikTok,56,1.35,1.2137131712659486,67.97,0.14830884728138005,378,0.015548420200746595,24311,16.97,38.94,24.966897160511987,57.289980873914956
2026-02-02,US,iOS,Google,36,1.1,1.3140126634755287,47.3,0.16383131214573146,220,0.019958574893227023,11023,26.97,47.95,57.01902748414377,101.37420718816068
2026-02-02,US,iOS,Meta,75,0.95,1.0192762994418842,76.45,0.10589782921366793,708,0.012783633254164524,55383,4.99,125.96,6.527141922825376,164.76128188358402
2026-02-02,US,iOS,TikTok,58,1.35,1.3900838310147157,80.62,0.15080044159213318,385,0.01320025426439705,29166,135.95,180.92,168.63061275117835,224.41081617464644
2026-02-03,JP,Android,Google,39,1.1,1.0673839166952104,41.63,0.15386058463059285,253,0.021536566921843893,11747,34.98,59.96,84.02594282969011,144.03074705741054
2026-02-03,JP,Android,Meta,26,0.95,0.9178789761983973,23.86,0.1452261290026045,179,0.012146217009320955,14737,0.0,14.99,0.0,62.824811399832356
2026-02-03,JP,Android,TikTok,43,1.35,1.4265086137124325,61.34,0.1276787829691507,337,0.016233146189922477,20760,0.0,2.99,0.0,4.874470166286273
2026-02-03,JP,iOS,Google,58,1.1,1.3235994958576012,76.77,0.18667532027866426,311,0.019719931723255514,15771,102.97999999999999,109.96,134.14094047153836,143.2330337371369
2026-02-03,JP,iOS,Meta,40,0.95,1.2105318677921817,48.42,0.1401736272636239,285,0.010751958999413778,26507,31.96,36.95,66.00578273440728,76.31144155307724
2026-02-03,JP,iOS,TikTok,61,1.35,1.6330733628625251,99.62,0.1359546054142389,449,0.01567511180282899,28644,84.92,121.88,85.24392692230475,122.34491066050992
2026-02-03,US,Android,Google,33,1.1,1.0617521757844028,35.04,0.16216433594103277,203,0.019009144523418876,10679,24.979999999999997,37.95,71.28995433789954,108.30479452054796
2026-02-03,US,Android,Meta,59,0.95,0.8805827623781054,51.95,0.12693823256562475,465,0.012646120803476124,36770,37.97,72.95,73.08950914340711,140.42348411934555
2026-02-03,US,Android,TikTok,38,1.35,1.204808652221597,45.78,0.13398816217258996,284,0.01564727813722384,18150,1.99,33.95,4.346876365224989,74.15902140672783
2026-02-03,US,iOS,Google,60,1.1,1.2011283947656053,72.07,0.18476977380488346,325,0.016590059418299895,19590,62.97,74.94,87.37338698487582,103.98223948938532
2026-02-03,US,iOS,Meta,68,0.95,1.115744201007221,75.87,0.11243088746751502,605,0.014610373068119829,41409,22.96,22.96,30.2622907605114,30.2622907605114
2026-02-03,US,iOS,TikTok,82,1.35,1.3738416701774003,112.66,0.1448916227093608,566,0.017055559841683308,33186,9.96,34.94,8.84075980827268,31.013669447896326
2026-02-04,JP,Android,Google,39,1.1,1.0252727792033736,39.99,0.1485965413730363,262,0.020104759416048723,13032,2.99,17.98,7.476869217304325,44.961240310077514
2026-02-04,JP,Android,Meta,30,0.95,0.9059667227625333,27.18,0.1319898888957657,227,0.012703291066660948,17869,0.0,99.99,0.0,367.88079470198676
2026-02-04,JP,Android,TikTok,51,1.35,1.1629473784520439,59.31,0.15330558486118992,333,0.014413570252069411,23103,59.96,77.93,101.09593660428257,131.39436857191032
2026-02-04,JP,iOS,Google,49,1.1,1.1662872455189155,57.15,0.17355283830674817,282,0.018315874113252112,15396,11.96,36.93,20.92738407699038,64.61942257217848
2026-02-04,JP,iOS,Meta,35,0.95,1.2031583733587912,42.11,0.12148296101180686,288,0.014235768825886957,20231,0.0,0.0,0.0,0.0
2026-02-04,JP,iOS,TikTok,53,1.35,1.4815521135035983,78.52,0.12151190893745946,436,0.01686593837051616,25851,16.97,26.94,21.612328069281713,34.309730005094245
2026-02-04,US,Android,Google,37,1.1,1.03353419898527,38.24,0.17386228023734482,213,0.0199747331341768,10663,0.0,4.99,0.0,13.049163179916318
2026-02-04,US,Android,Meta,51,0.95,0.9209061983898715,46.97,0.10777346884538776,473,0.012835452969378849,36851,3.9800000000000004,4.970000000000001,8.47349371939536,10.581222056631894
2026-02-04,US,Android,TikTok,59,1.35,1.2766854421826743,75.32,0.13573393757126548,435,0.017539605597235712,24801,35.97,40.96,47.7562400424854,54.3813064259161
2026-02-04,US,iOS,Google,42,1.1,1.0733751478305182,45.08,0.2239240632202902,188,0.021089697153571493,8914,11.97,11.97,26.552795031055904,26.552795031055904
2026-02-04,US,iOS,Meta,68,0.95,1.027113843843408,69.84,0.11791996489265656,577,0.014557459524760275,39636,24.97,124.93,35.753150057273764,178.8802978235968
2026-02-04,US,iOS,TikTok,71,1.35,1.4403829642044037,102.27,0.11559255053791033,614,0.017095062091542827,35917,10.98,16.96,10.736286300968027,16.583553339200158
2026-02-05,JP,Android,Google,50,1.1,1.078116752943817,53.91,0.14912293704915905,335,0.0189742405372669,17656,5.99,7.98,11.111111111111112,14.802448525319981
2026-02-05,JP,Android,Meta,18,0.95,1.0616833380970288,19.11,0.1284408255696731,140,0.014031950129445317,9977,5.99,8.98,31.34484563055992,46.99110413396128
2026-02-05,JP,Android,TikTok,42,1.35,1.3209142215384153,55.48,0.14106238802274043,298,0.014975398410912836,19899,4.99,4.99,8.994232155731796,8.994232155731796
2026-02-05,JP,iOS,Google,81,1.1,1.2952569030002796,104.92,0.19638507543659686,412,0.020423758948864654,20173,46.96,51.93,44.757910789172705,49.4948532215021
2026-02-05,JP,iOS,Meta,35,0.95,1.1696051037496547,40.94,0.0999029776387043,350,0.012940522830476142,27047,0.0,99.99,0.0,244.23546653639474
2026-02-05,JP,iOS,TikTok,62,1.35,1.38488592431441,85.86,0.12973558861332932,478,0.016757698218553642,28524,5.98,16.96,6.964826461681809,19.75308641975309
2026-02-05,US,Android,Google,29,1.1,1.0162847954501915,29.47,0.1824930630966015,159,0.020723887325648515,7672,0.0,49.98,0.0,169.5961995249406
2026-02-05,US,Android,Meta,50,0.95,0.8680801763619708,43.4,0.1261649003502206,396,0.011825232454999026,33488,110.94999999999999,112.93999999999998,255.64516129032256,260.2304147465437
2026-02-05,US,Android,TikTok,66,1.35,1.226185045732975,80.93,0.13921073464461917,474,0.014980069985494624,31642,29.99,37.97,37.056715680217465,46.91708884220931
2026-02-05,US,iOS,Google,55,1.1,1.0098,55.54,0.17221046312759303,319,0.019880197913226955,16046,5.99,26.97,10.785019805545554,48.55959668707238
2026-02-05,US,iOS,Meta,65,0.95,1.053265108291794,68.46,0.12262759046490888,530,0.011836202003409785,44778,24.979999999999997,46.95,36.48846041484079,68.58019281332166
2026-02-05,US,iOS,TikTok,71,1.35,1.4305555021255376,101.57,0.12080350264165451,588,0.013719004725902017,42860,44.96,48.94,44.26503888943586,48.18351875553805
2026-02-06,JP,Android,Google,49,1.1,1.0603999291213193,51.96,0.1830117129120987,268,0.020640558009249407,12984,20.97,60.93,40.35796766743648,117.26327944572748
2026-02-06,JP,Android,Meta,23,0.95,0.9954628277217661,22.9,0.11504814928114845,200,0.013675517416549612,14625,29.99,32.98,130.96069868995633,144.0174672489083
2026-02-06,JP,Android,TikTok,47,1.35,1.366329137758452,64.22,0.12604067266400748,373,0.017326598006819467,21528,4.99,61.949999999999996,7.7701650576144505,96.46527561507318
2026-02-06,JP,iOS,Google,63,1.1,1.3064703534442432,82.31,0.1630483049165716,386,0.01960143142963828,19692,99.99,114.97,121.47977159518891,139.6792613291216
2026-02-06,JP,iOS,Meta,44,0.95,1.1514706573437263,50.66,0.12690411627654888,347,0.01302698552258975,26637,30.959999999999997,59.92999999999999,61.11330438215554,118.2984603237268
2026-02-06,JP,iOS,TikTok,51,1.35,1.7407868438759717,88.78,0.13170652397585714,387,0.016240638203195764,23829,52.95,108.87,59.64181121874296,122.62897048884884
2026-02-06,US,Android,Google,37,1.1,1.0511816671367835,38.89,0.17397235826484053,213,0.01787520188566163,11916,6.98,6.98,17.948058626896376,17.948058626896376
2026-02-06,US,Android,Meta,62,0.95,0.8870627318474348,55.0,0.12093310817652705,513,0.012318727219042357,41644,14.97,57.92,27.21818181818182,105.30909090909091
2026-02-06,US,Android,TikTok,62,1.35,1.1665299449832105,72.32,0.15455617611571895,401,0.017123548670563413,23418,14.98,22.96,20.71349557522124,31.747787610619472
2026-02-06,US,iOS,Google,57,1.1,1.037681175737487,59.15,0.18765189119463058,304,0.02016723311546596,15074,26.97,30.95,45.59594251901944,52.32459847844463
2026-02-06,US,iOS,Meta,71,0.95,1.1026448498014225,78.29,0.10394678598243819,683,0.013502682308133295,50583,59.980000000000004,62.97,76.61259420104739,80.43172819006259
2026-02-06,US,iOS,TikTok,71,1.35,1.4506202209780756,102.99,0.13775366125947608,515,0.017094496203226194,30127,39.97,39.97,38.80959316438489,38.80959316438489
2026-02-07,JP,Android,Google,42,1.1,1.0362531135599873,43.52,0.17803826496436537,236,0.020365265536461615,11588,24.97,24.97,57.37591911764706,57.37591911764706
2026-02-07,JP,Android,Meta,16,0.95,1.0057167436294954,16.09,0.12630416024093377,127,0.014658538601374975,8664,0.0,4.99,0.0,31.013051584835306
2026-02-07,JP,Android,TikTok,48,1.35,1.3482671079757216,64.72,0.1423395011740181,337,0.015195743175009283,22177,23.950000000000003,86.89,37.005562422744134,134.25525339925835
2026-02-07,JP,iOS,Google,69,1.1,1.3002613127923388,89.72,0.19032032508585228,363,0.0242609958599507,14962,82.94,155.88,92.44315648684797,173.74052608114133
2026-02-07,JP,iOS,Meta,30,0.95,1.0000518675341274,30.0,0.11996686714685963,250,0.012343691059438658,20253,134.97,137.95,449.9,459.83333333333326
2026-02-07,JP,iOS,TikTok,70,1.35,1.56142317641144,109.3,0.15632649984106603,448,0.016998587790304574,26355,67.92,138.87,62.14089661482159,127.05397987191218
2026-02-07,US,Android,Google,45,1.1,1.0479172759975701,47.16,0.1817138077461625,248,0.023147054791677855,10714,2.99,11.96,6.3401187446988985,25.360474978795594
2026-02-07,US,Android,Meta,62,0.95,0.8512402249203458,52.78,0.10730029674237014,578,0.013220207387791437,43721,8.98,8.98,17.014020462296326,17.014020462296326
2026-02-07,US,Android,TikTok,56,1.35,1.231250964677833,68.95,0.16396672183719865,342,0.013486559593171358,25359,38.96,47.93,56.504713560551124,69.51414068165337
2026-02-07,US,iOS,Google,34,1.1,1.1838790666909298,40.25,0.1791617209023818,190,0.021653133772938076,8775,4.99,47.949999999999996,12.397515527950311,119.13043478260867
2026-02-07,US,iOS,Meta,75,0.95,1.041152271390385,78.09,0.10068904578651325,745,0.013545326619437019,55001,116.96,192.92,149.77589960302214,247.04827762837746
2026-02-07,US,iOS,TikTok,57,1.35,1.637266160895775,93.32,0.1330873068511179,428,0.014530388773668714,29456,7.960000000000001,30.92,8.529789969995715,33.13330475782255
2026-02-08,JP,Android,Google,47,1.1,1.1617371929541218,54.6,0.18576682122809468,253,0.02015152631256459,12555,22.979999999999997,22.979999999999997,42.08791208791208,42.08791208791208
2026-02-08,JP,Android,Meta,23,0.95,1.051533799817126,24.19,0.10625964411829804,216,0.015507432765255926,13929,0.0,104.97999999999999,0.0,433.9809838776353
2026-02-08,JP,Android,TikTok,61,1.35,1.3140013564228183,80.15,0.1388709786194921,439,0.013473070846413148,32584,50.96,67.94,63.580786026200876,84.76606363069244
2026-02-08,JP,iOS,Google,62,1.1,1.4289076400200602,88.59,0.1794124915916104,346,0.019366508507704567,17866,60.940000000000005,66.92,68.7888023478948,75.53899988712044
2026-02-08,JP,iOS,Meta,45,0.95,1.2342000350611568,55.54,0.11810820490544847,381,0.012658305145917353,30099,0.0,0.0,0.0,0.0
2026-02-08,JP,iOS,TikTok,61,1.35,1.565443184550777,95.49,0.13271104425225877,460,0.014989314223061176,30689,61.949999999999996,97.92,64.87590323594094,102.54476908576815
2026-02-08,US,Android,Google,46,1.1,0.9429593370235244,43.38,0.18944048324294943,243,0.01905189149052355,12755,7.970000000000001,13.950000000000001,18.372521899492856,32.15767634854772
2026-02-08,US,Android,Meta,63,0.95,0.9185989251705581,57.87,0.11872759636234259,531,0.012336366664737792,43043,39.98,39.98,69.08588214964576,69.08588214964576
2026-02-08,US,Android,TikTok,43,1.35,1.172851652066174,50.43,0.13781307776433355,312,0.01633620347117035,19099,20.98,75.93,41.602220900257784,150.56513979773945
2026-02-08,US,iOS,Google,39,1.1,1.3047632401026006,50.89,0.17021698748435132,229,0.02057639989029658,11129,3.9800000000000004,53.97,7.8207899390843005,106.05226960110042
2026-02-08,US,iOS,Meta,60,0.95,0.9672994973801399,58.04,0.12379007917988331,485,0.014233897502991016,34074,9.99,34.96,17.212267401791866,60.234321157822194
2026-02-08,US,iOS,TikTok,69,1.35,1.4827823169941485,102.31,0.13180308948426323,524,0.017637426075171006,29710,88.96,138.95,86.95142214837259,135.81272602873617
2026-02-09,JP,Android,Google,38,1.1,1.0587933570183807,40.23,0.1735718363196585,219,0.021473359019529865,10199,10.97,11.96,27.26820780512056,29.729057916977386
2026-02-09,JP,Android,Meta,16,0.95,1.0455170074154223,16.73,0.1274847602384934,126,0.010328737319988804,12199,0.0,0.0,0.0,0.0
2026-02-09,JP,Android,TikTok,43,1.35,1.3612706300500093,58.53,0.12512427874147083,344,0.015068549925771942,22829,15.98,15.98,27.30223816846062,27.30223816846062
2026-02-09,JP,iOS,Google,46,1.1,1.4057281828612924,64.66,0.1910321739595247,241,0.020561000510990798,11721,27.97,57.959999999999994,43.25703680791834,89.6381070213424
2026-02-09,JP,iOS,Meta,42,0.95,1.126137699478016,47.3,0.12909127026073255,325,0.012454364410791036,26095,36.97,36.97,78.16067653276956,78.16067653276956
2026-02-09,JP,iOS,TikTok,60,1.35,1.665431371867391,99.93,0.15153994147635708,396,0.01653792360941527,23945,161.92999999999998,288.88,162.04343040128086,289.0823576503552
2026-02-09,US,Android,Google,34,1.1,1.005732669792863,34.19,0.1668590596054996,204,0.019479444401626207,10473,0.0,99.99,0.0,292.4539338988008
2026-02-09,US,Android,Meta,64,0.95,0.9319108876902615,59.64,0.11025180828102304,580,0.010537798044056473,55040,0.0,7.98,0.0,13.380281690140846
2026-02-09,US,Android,TikTok,52,1.35,1.2777888528927397,66.45,0.1430240707024604,364,0.018434743890961565,19745,19.98,19.98,30.067720090293452,30.067720090293452
2026-02-09,US,iOS,Google,43,1.1,1.1939562376712893,51.34,0.1759962822380635,244,0.020791020514123376,11736,0.0,4.99,0.0,9.719516945851188
2026-02-09,US,iOS,Meta,59,0.95,0.9735160780172752,57.44,0.11863265425025243,497,0.012287087794404117,40449,13.97,39.94,24.321030640668525,69.533426183844
2026-02-09,US,iOS,TikTok,62,1.35,1.4804749678072653,91.79,0.15949276581052596,389,0.015857073476580434,24532,28.950000000000003,75.91,31.539383375095326,82.69964048371281
2026-02-10,JP,Android,Google,40,1.1,1.0421348446288954,41.69,0.18657572030158684,214,0.02197917055144646,9736,0.0,5.99,0.0,14.36795394579036
2026-02-10,JP,Android,Meta,20,0.95,0.9894027217235096,19.79,0.14500573873220315,138,0.013580391623730028,10162,110.97,115.96,560.7377463365336,585.9525012632643
2026-02-10,JP,Android,TikTok,42,1.35,1.2990957548940594,54.56,0.15849925564615067,265,0.0157195887053533,16858,31.92,62.88,58.504398826979475,115.2492668621701
2026-02-10,JP,iOS,Google,61,1.1,1.4121349107776522,86.14,0.1936967880556548,315,0.02128563420267157,14799,102.94,107.93,119.50313443231948,125.29602971906199
2026-02-10,JP,iOS,Meta,47,0.95,1.0680197798313522,50.2,0.12175273323703169,386,0.013666102266284934,28245,27.97,30.95,55.717131474103574,61.653386454183256
2026-02-10,JP,iOS,TikTok,60,1.35,1.725524108896319,103.53,0.1507644735546986,398,0.014500348990734381,27448,83.91999999999999,99.89,81.05863034869118,96.4841108857336
2026-02-10,US,Android,Google,35,1.1,1.0648247027195892,37.27,0.1814788623712395,193,0.018173006228703954,10620,0.0,5.970000000000001,0.0,16.018245237456398
2026-02-10,US,Android,Meta,56,0.95,0.7535331487899036,42.2,0.11434013856637341,490,0.012701936501323194,38577,0.0,4.99,0.0,11.824644549763033
2026-02-10,US,Android,TikTok,51,1.35,1.3241164957742695,67.53,0.13321276231304496,383,0.018065247939559534,21201,9.99,29.979999999999997,14.793425144380276,44.39508366651858
2026-02-10,US,iOS,Google,53,1.1,1.2059942206419865,63.92,0.17023908145688238,311,0.01994062687269062,15596,0.0,109.95,0.0,172.0118898623279
2026-02-10,US,iOS,Meta,75,0.95,1.062805246916927,79.71,0.1291528312913039,581,0.013318903627024908,43622,5.970000000000001,35.96,7.489649981181786,45.1135365700665
2026-02-10,US,iOS,TikTok,77,1.35,1.377267010371281,106.05,0.13695760119303474,562,0.018125538870756706,31006,9.97,39.96,9.401225836869402,37.68033946251768
2026-02-11,JP,Android,Google,51,1.1,1.1607219124886996,59.2,0.17133790684078748,298,0.01848212796595544,16124,25.979999999999997,31.97,43.88513513513513,54.00337837837837
2026-02-11,JP,Android,Meta,24,0.95,0.9668108013193327,23.2,0.12110030673773862,198,0.014014939469573131,14128,20.98,70.96,90.43103448275862,305.86206896551727
2026-02-11,JP,Android,TikTok,39,1.35,1.512576267847534,58.99,0.139379087816054,280,0.014959870462564324,18717,2.99,22.979999999999997,5.0686557043566705,38.95575521274792
2026-02-11,JP,iOS,Google,57,1.1,1.3493826419454804,76.91,0.1805392666947255,316,0.02150964685069336,14691,11.95,44.900000000000006,15.537641399037835,58.37992458717983
2026-02-11,JP,iOS,Meta,44,0.95,1.1475827322926035,50.49,0.1224062810277462,359,0.012930926925121192,27763,5.99,45.97,11.863735393147158,91.0477322242028
2026-02-11,JP,iOS,TikTok,68,1.35,1.8257558400799174,124.15,0.12684641812708294,536,0.01757078490806775,30505,1.99,70.91,1.6028997180829638,57.1163914619412
2026-02-11,US,Android,Google,34,1.1,0.9137412020032758,31.07,0.1770222885533548,192,0.022744511869362098,8442,0.0,0.0,0.0,0.0
2026-02-11,US,Android,Meta,59,0.95,0.7958129772284784,46.95,0.11036528529028854,535,0.013652851686985736,39186,11.97,66.92999999999999,25.495207667731627,142.55591054313098
2026-02-11,US,Android,TikTok,56,1.35,1.2338814912911005,69.1,0.1403032330734231,399,0.012784452412112405,31210,12.98,29.96,18.784370477568743,43.35745296671491
2026-02-11,US,iOS,Google,42,1.1,1.24173532819317,52.15,0.17309305035532527,243,0.017465078965177114,13913,19.98,37.95,38.31255992329818,72.77085330776607
2026-02-11,US,iOS,Meta,80,0.95,1.1451267151252615,91.61,0.12071057835068562,663,0.01287399789528942,51499,13.96,220.9,15.238511079576467,241.13088090819778
2026-02-11,US,iOS,TikTok,65,1.35,1.4168362971093262,92.09,0.14593010436631415,445,0.017323598986127425,25688,20.97,72.92999999999999,22.77120208491693,79.19426647844499
2026-02-12,JP,Android,Google,36,1.1,1.1302413778399476,40.69,0.16420588312728418,219,0.016815496842764822,13024,16.98,17.97,41.730154829196366,44.16318505775374
2026-02-12,JP,Android,Meta,16,0.95,1.0661422283432762,17.06,0.1288746213123992,124,0.013618859749670625,9105,0.0,10.98,0.0,64.36107854630716
2026-02-12,JP,Android,TikTok,40,1.35,1.4436332416573727,57.75,0.1687363543468763,237,0.01323466274289066,17908,5.99,5.99,10.372294372294373,10.372294372294373
2026-02-12,JP,iOS,Google,61,1.1,1.341878831037451,81.85,0.2156686710916535,283,0.022044883588080988,12837,234.95,272.9,287.0494807574832,333.41478313989006
2026-02-12,JP,iOS,Meta,36,0.95,1.29789,46.72,0.11423396654829511,315,0.014369055177175705,21922,0.0,1.99,0.0,4.259417808219179
2026-02-12,JP,iOS,TikTok,62,1.35,1.5622602936429684,96.86,0.13064771028896174,475,0.0169947657813142,27950,1.99,52.96,2.054511666322527,54.67685319017138
2026-02-12,US,Android,Google,47,1.1,0.9763534654051654,45.89,0.15282799611419265,308,0.019876048637592746,15496,4.99,39.96,10.873828720854217,87.07779472651994
2026-02-12,US,Android,Meta,46,0.95,0.901969789971687,41.49,0.11753239538727875,391,0.012985845609410998,30110,214.96999999999997,214.96999999999997,518.1248493612918,518.1248493612918
2026-02-12,US,Android,TikTok,70,1.35,1.2418157855232466,86.93,0.12350479658221403,567,0.014925298246755623,37989,19.99,64.97,22.99551363165765,74.7382951800299
2026-02-12,US,iOS,Google,44,1.1,1.1667774273818352,51.34,0.1689782871591613,260,0.018951821604009447,13719,19.99,19.99,38.93650175301908,38.93650175301908
2026-02-12,US,iOS,Meta,63,0.95,1.0505671529662206,66.19,0.12504457079132844,504,0.01344796086820331,37478,11.98,26.96,18.09941078712797,40.73122828221786
2026-02-12,US,iOS,TikTok,87,1.35,1.470308347305509,127.92,0.13459106779448118,646,0.016968662843630602,38070,19.98,132.92,15.619136960600374,103.90869293308316
2026-02-13,JP,Android,Google,42,1.1,1.1654029524304848,48.95,0.1644470510567335,255,0.019244946581395875,13250,0.0,14.99,0.0,30.623084780388147
2026-02-13,JP,Android,Meta,22,0.95,1.0386580576530628,22.85,0.1311378812292225,168,0.013431362834709495,12508,0.0,29.99,0.0,131.2472647702407
2026-02-13,JP,Android,TikTok,30,1.35,1.2859984886437823,38.58,0.13405866540626676,224,0.015439006107224729,14509,9.99,19.98,25.89424572317263,51.78849144634526
2026-02-13,JP,iOS,Google,63,1.1,1.3678731866061424,86.18,0.1577309427620902,399,0.019961668567314926,19988,151.95,210.88,176.31701090740307,244.69714550939892
2026-02-13,JP,iOS,Meta,34,0.95,1.143197372888938,38.87,0.1068432737533895,318,0.013440510956393955,23660,0.0,0.0,0.0,0.0
2026-02-13,JP,iOS,TikTok,51,1.35,1.5416767666563758,78.63,0.13151562034947564,388,0.01575032184797111,24634,129.95999999999998,167.93,165.2804273178176,213.5698842680911
2026-02-13,US,Android,Google,37,1.1,1.0649362858545741,39.4,0.2053169812958002,180,0.018615661739020014,9669,55.96,85.94,142.03045685279187,218.1218274111675
2026-02-13,US,Android,Meta,48,0.95,0.862299141373561,41.39,0.13930548195024411,345,0.012954305899955,26632,0.0,0.0,0.0,0.0
2026-02-13,US,Android,TikTok,51,1.35,1.4035405918148822,71.58,0.12548705489725115,406,0.018116245807717767,22411,19.98,49.97,27.912824811399833,69.81000279407655
2026-02-13,US,iOS,Google,45,1.1,1.155164184865511,51.98,0.1971039229103108,228,0.02176455468812903,10476,50.980000000000004,66.94,98.07618314736438,128.78030011542901
2026-02-13,US,iOS,Meta,63,0.95,1.0069169262714992,63.44,0.1266747009944158,497,0.013247304882741565,37517,39.98,44.97,63.020176544766706,70.8858764186633
2026-02-13,US,iOS,TikTok,66,1.35,1.4058131086243522,92.78,0.1515083856536395,436,0.016071783091087734,27128,0.0,2.99,0.0,3.2226773011424874
2026-02-14,JP,Android,Google,49,1.1,1.155866443039543,56.64,0.16347339163600288,300,0.017031926219325776,17614,55.980000000000004,64.95,98.83474576271188,114.67161016949152
2026-02-14,JP,Android,Meta,23,0.95,0.8838005527549655,20.33,0.1138723734871769,202,0.011556165717009,17480,0.0,0.0,0.0,0.0
2026-02-14,JP,Android,TikTok,51,1.35,1.3326496233989962,67.97,0.1422026991271873,359,0.016098513809394817,22300,0.0,0.0,0.0,0.0
2026-02-14,JP,iOS,Google,75,1.1,1.3042487712320265,97.82,0.16752186259540255,448,0.01975203357524718,22681,8.97,56.91,9.169903905131877,58.178286648947044
2026-02-14,JP,iOS,Meta,35,0.95,1.0684653241412343,37.4,0.10912769721951981,321,0.012126867567679679,26470,4.99,25.97,13.342245989304812,69.43850267379679
2026-02-14,JP,iOS,TikTok,45,1.35,1.751940668843484,78.84,0.14763496321774042,305,0.01532622032730957,19901,1.99,2.98,2.524099441907661,3.7798072044647384
2026-02-14,US,Android,Google,31,1.1,0.9552437499907039,29.61,0.18023202014450554,172,0.01954059438428351,8802,110.96999999999998,115.96,374.7720364741641,391.62445119891925
2026-02-14,US,Android,Meta,53,0.95,0.834063660177783,44.21,0.11701468865604894,453,0.014172293431053307,31964,8.97,14.96,20.289527256276862,33.83849807735807
2026-02-14,US,Android,TikTok,55,1.35,1.3065293145183658,71.86,0.12648151385691364,435,0.01727614287229853,25179,0.0,26.97,0.0,37.53131088227108
2026-02-14,US,iOS,Google,48,1.1,1.17779817769595,56.53,0.16882714233902854,284,0.019898701799331973,14272,121.96,191.94,215.74385282151067,339.53652927649034
2026-02-14,US,iOS,Meta,62,0.95,1.1189855904473067,69.38,0.12478000078549402,497,0.013381996093460337,37139,4.99,9.98,7.192274430671663,14.384548861343326
2026-02-14,US,iOS,TikTok,50,1.35,1.4999984450624073,75.0,0.1557080308054053,321,0.014941150855881621,21484,21.96,128.93,29.28,171.90666666666667
2026-02-15,JP,Android,Google,56,1.1,1.1519963375371396,64.51,0.16835717362625907,333,0.01969455366489554,16908,6.98,27.950000000000003,10.820027902650752,43.326616028522714
2026-02-15,JP,Android,Meta,18,0.95,0.9831052116338411,17.7,0.12301850739257866,146,0.0129940415015134,11236,0.0,0.0,0.0,0.0
2026-02-15,JP,Android,TikTok,44,1.35,1.3096583541513693,57.62,0.14302531746415764,308,0.015618000313187174,19721,140.95,155.92,244.61992363762582,270.6004859423811
2026-02-15,JP,iOS,Google,75,1.1,1.3667456715825341,102.51,0.1500406611907466,500,0.018858419073190663,26513,35.97,120.92,35.089259584430785,117.95922349039118
2026-02-15,JP,iOS,Meta,42,0.95,1.1670875139599939,49.02,0.13523052840814453,311,0.015135407461121474,20548,19.99,19.99,40.77927376580987,40.77927376580987
2026-02-15,JP,iOS,TikTok,63,1.35,1.732939361571712,109.18,0.14370347224425406,438,0.01805111168380658,24264,7.970000000000001,87.89999999999999,7.299871771386702,80.50925077853086
2026-02-15,US,Android,Google,41,1.1,1.0145729947076705,41.6,0.16692919155614708,246,0.019663993780723137,12510,0.0,1.99,0.0,4.783653846153846
2026-02-15,US,Android,Meta,56,0.95,0.8184079871422173,45.83,0.12919802121739454,433,0.013052217115535225,33174,0.0,41.97,0.0,91.57756927776566
2026-02-15,US,Android,TikTok,67,1.35,1.3131671443447461,87.98,0.1257887660471548,533,0.016492173253788548,32318,73.95,178.93,84.05319390770629,203.37576721982268
2026-02-15,US,iOS,Google,34,1.1,1.2665039258761706,43.06,0.15057024335909205,226,0.020807731953464925,10861,0.0,14.99,0.0,34.81189038550859
2026-02-15,US,iOS,Meta,68,0.95,0.9291653545638643,63.18,0.11403149950200366,596,0.014184905382208294,42016,24.97,31.95,39.522000633111745,50.56980056980057
2026-02-15,US,iOS,TikTok,72,1.35,1.4428353071676348,103.88,0.1230756094731449,585,0.015075001957311289,38806,24.97,90.94,24.037350789372354,87.54331921447825
2026-02-16,JP,Android,Google,53,1.1,1.1489646541599823,60.9,0.18660915180476095,284,0.020925340128043937,13572,8.97,21.94,14.729064039408868,36.02627257799672
2026-02-16,JP,Android,Meta,29,0.95,0.949688230263147,27.54,0.11599449631610165,250,0.010970776957160158,22788,2.98,2.98,10.820624546114741,10.820624546114741
2026-02-16,JP,Android,TikTok,45,1.35,1.4060371631057778,63.27,0.14063241711047433,320,0.017169669575368644,18638,26.96,62.93,42.61103208471629,99.46262051525208
2026-02-16,JP,iOS,Google,57,1.1,1.304969092420985,74.38,0.1979159791775359,288,0.02038710223021321,14127,0.0,79.97,0.0,107.51546114546922
2026-02-16,JP,iOS,Meta,31,0.95,1.1819052003568362,36.64,0.10501316714580385,295,0.01337809999990499,22051,13.97,14.96,38.127729257641924,40.8296943231441
2026-02-16,JP,iOS,TikTok,68,1.35,1.6609851633137225,112.95,0.13819585623099592,492,0.015909832227508927,30924,2.98,33.96,2.6383355467020806,30.066401062416997
2026-02-16,US,Android,Google,44,1.1,1.0871181825760667,47.83,0.17121784953809227,257,0.020263910152436372,12683,21.979999999999997,26.97,45.954421910934556,56.38720468325319
2026-02-16,US,Android,Meta,44,0.95,0.8179799812326461,35.99,0.12398100120715716,355,0.012566992692281393,28249,0.0,4.99,0.0,13.86496248958044
2026-02-16,US,Android,TikTok,54,1.35,1.367388425384066,73.84,0.1297673602188467,416,0.017459845873854823,23826,30.979999999999997,35.96,41.95557963163596,48.69989165763813
2026-02-16,US,iOS,Google,55,1.1,1.1758251368455894,64.67,0.19132694005313763,287,0.021890314991388417,13111,0.0,11.98,0.0,18.524818308334623
2026-02-16,US,iOS,Meta,59,0.95,1.1090592017372163,65.43,0.11752235629864054,502,0.011807077125913898,42517,104.97999999999999,112.96,160.44627846553564,172.6425187222986
2026-02-16,US,iOS,TikTok,86,1.35,1.3651934722135226,117.41,0.12823800813360944,671,0.016216475642472007,41378,112.9,174.83,96.15875990120092,148.90554467251513
2026-02-17,JP,Android,Google,43,1.1,1.0037234721684352,43.16,0.1698671069986827,253,0.016949259244473897,14927,10.98,110.97,25.440222428174238,257.11306765523636
2026-02-17,JP,Android,Meta,25,0.95,0.8871539796279324,22.18,0.1156590999325952,216,0.014102626099382322,15316,0.0,105.97,0.0,477.7727682596934
2026-02-17,JP,Android,TikTok,39,1.35,1.34294935090906,52.38,0.13420115690738252,291,0.014079563313185744,20668,9.99,9.99,19.072164948453608,19.072164948453608
2026-02-17,JP,iOS,Google,77,1.1,1.3020952295635093,100.26,0.17078298580500964,451,0.022207795135552343,20308,32.959999999999994,83.89999999999999,32.87452623179732,83.68242569319767
2026-02-17,JP,iOS,Meta,26,0.95,1.1876802015961996,30.88,0.1394082710125282,187,0.013753853207336273,13596,7.98,7.98,25.8419689119171,25.8419689119171
2026-02-17,JP,iOS,TikTok,75,1.35,1.7689756289765222,132.67,0.13253394050382225,566,0.01572962619869081,35983,169.95,239.88,128.09979648752545,180.80952739880908
2026-02-17,US,Android,Google,41,1.1,0.921838730333453,37.8,0.17070668128142738,240,0.019910456980220644,12054,46.959999999999994,54.94,124.23280423280423,145.34391534391534
2026-02-17,US,Android,Meta,57,0.95,0.8213463088331857,46.82,0.11165507351876527,511,0.011418477515535617,44752,0.0,39.96,0.0,85.34814181973516
2026-02-17,US,Android,TikTok,53,1.35,1.2720427224061297,67.42,0.15104066984852393,351,0.01890673929527672,18565,0.0,5.98,0.0,8.869771581133195
2026-02-17,US,iOS,Google,57,1.1,1.2037973347025852,68.62,0.18342139154889073,311,0.01827863503942879,17014,12.97,30.950000000000003,18.90119498688429,45.1034683765666
2026-02-17,US,iOS,Meta,72,0.95,1.0087382024705935,72.63,0.11997225388579029,600,0.012138411591183243,49430,8.98,51.94,12.364036899352886,71.5131488365689
2026-02-17,US,iOS,TikTok,63,1.35,1.5674791008312778,98.75,0.13124979852811794,480,0.016825095065668316,28529,29.950000000000003,91.88,30.329113924050638,93.04303797468354
2026-02-18,JP,Android,Google,46,1.1,1.0451215929570503,48.08,0.19856528131330067,232,0.018301917911869425,12676,19.99,84.97,41.5765391014975,176.7262895174709
2026-02-18,JP,Android,Meta,29,0.95,0.908278164193408,26.34,0.11571639331321235,251,0.0124597338105035,20145,24.97,29.96,94.79878511769172,113.74335611237663
2026-02-18,JP,Android,TikTok,36,1.35,1.3997159291445989,50.39,0.12256403619310414,294,0.016595085630169346,17716,47.97,53.96,95.19745981345504,107.08473903552292
2026-02-18,JP,iOS,Google,58,1.1,1.3563782784501097,78.67,0.18500013676603683,314,0.021004426204155786,14949,55.980000000000004,60.97,71.15800177958562,77.50095334943434
2026-02-18,JP,iOS,Meta,41,0.95,1.0533557770356963,43.19,0.10831335877925859,379,0.01398095483846982,27108,0.0,8.98,0.0,20.79184996526974
2026-02-18,JP,iOS,TikTok,69,1.35,1.5735860791904277,108.58,0.1529316259256552,451,0.017639184119953015,25568,76.95,154.89000000000001,70.86940504696997,142.6505802173513
2026-02-18,US,Android,Google,39,1.1,0.9876355040549328,38.52,0.19945248926070108,196,0.020182038427643278,9712,0.0,0.0,0.0,0.0
2026-02-18,US,Android,Meta,50,0.95,0.8536582561085932,42.68,0.1242461363236448,402,0.014111324892306747,28488,79.95,186.92,187.32427366447985,437.9568884723524
2026-02-18,US,Android,TikTok,64,1.35,1.1510945740439966,73.67,0.13376027762601672,478,0.016783276426221825,28481,34.98,70.94999999999999,47.482014388489205,96.30785937287904
2026-02-18,US,iOS,Google,52,1.1,1.2076004131240916,62.8,0.1776155012293064,293,0.02013738820996268,14550,2.99,5.98,4.761146496815287,9.522292993630574
2026-02-18,US,iOS,Meta,68,0.95,0.9990274653139085,67.93,0.12208217975217428,557,0.012630851560799763,44098,0.0,19.99,0.0,29.427351685558655
2026-02-18,US,iOS,TikTok,65,1.35,1.4666718296755674,95.33,0.14717251764517308,442,0.015845929760490603,27894,35.96,38.93,37.721598657295715,40.83709220602119
2026-02-19,JP,Android,Google,32,1.1,1.1147824081137125,35.67,0.18164409687212263,176,0.021355367871548077,8241,25.979999999999997,26.97,72.83431455004205,75.60975609756096
2026-02-19,JP,Android,Meta,15,0.95,0.9722090147596884,14.58,0.12807150790831123,117,0.013510215274254469,8660,0.0,4.99,0.0,34.22496570644719
2026-02-19,JP,Android,TikTok,43,1.35,1.418734327841756,61.01,0.14884275514262507,289,0.0146514409253757,19725,87.94999999999999,137.89,144.15669562366824,226.01212915915423
2026-02-19,JP,iOS,Google,71,1.1,1.3449203698326049,95.49,0.1621756909880052,438,0.020215225353814086,21667,42.94,61.89,44.968059482668345,64.81306943135408
2026-02-19,JP,iOS,Meta,33,0.95,1.2071931520373131,39.84,0.12699740227813794,260,0.012549144508427914,20719,16.97,18.96,42.59538152610441,47.59036144578313
2026-02-19,JP,iOS,TikTok,62,1.35,1.6422560531287977,101.82,0.12984220570122973,478,0.015414582199512718,31010,12.97,140.85,12.738165389903752,138.33235120801416
2026-02-19,US,Android,Google,38,1.1,0.9706011424725696,36.88,0.19604336946554002,194,0.01998068400752298,9709,2.98,13.96,8.080260303687634,37.85249457700651
2026-02-19,US,Android,Meta,50,0.95,0.846096751910377,42.3,0.13467047574512836,371,0.014641898322291484,25338,0.0,19.99,0.0,47.25768321513002
2026-02-19,US,Android,TikTok,70,1.35,1.1126779435300376,77.89,0.14513281448256088,482,0.015987743288699126,30148,69.96,91.92999999999999,89.81897547823853,118.02542046475799
2026-02-19,US,iOS,Google,49,1.1,1.134918302964741,55.61,0.19659786306295934,249,0.019708553588338874,12634,10.98,12.97,19.744650242762095,23.323143319546848
2026-02-19,US,iOS,Meta,65,0.95,0.9265507219047578,60.23,0.11106120232125402,585,0.014118288002025244,41436,40.96,67.92,68.00597708782999,112.76772372571808
2026-02-19,US,iOS,TikTok,63,1.35,1.5087107636614878,95.05,0.15374829401161744,410,0.016770067183451465,24448,97.93,142.91,103.0299842188322,150.35244608101
2026-02-20,JP,Android,Google,51,1.1,1.0843792912216088,55.3,0.17557185257675428,290,0.020030517608385316,14478,0.99,27.950000000000003,1.790235081374322,50.542495479204355
2026-02-20,JP,Android,Meta,21,0.95,0.9604492327095796,20.17,0.12374741811350587,170,0.012872248688997043,13207,5.99,5.99,29.69757064947942,29.69757064947942
2026-02-20,JP,Android,TikTok,32,1.35,1.3261188774325627,42.44,0.13708626263712737,233,0.01527474801138586,15254,52.980000000000004,97.94,124.83506126295948,230.77285579641847
2026-02-20,JP,iOS,Google,77,1.1,1.2764772085943963,98.29,0.1902781383060572,405,0.018711083251311326,21645,0.99,35.910000000000004,1.0072235222301353,36.53474412452945
2026-02-20,JP,iOS,Meta,45,0.95,1.105209294413849,49.73,0.11879444465496984,379,0.012930034985260483,29312,66.94999999999999,118.93,134.62698572290367,239.15141765533886
2026-02-20,JP,iOS,TikTok,66,1.35,1.6345844296008794,107.88,0.1632722324519848,404,0.01319879976314164,30609,150.97,202.94,139.9425287356322,188.1164256581387
2026-02-20,US,Android,Google,42,1.1,1.094065765481401,45.95,0.18148706922398453,231,0.019795537330465594,11669,0.99,0.99,2.1545157780195865,2.1545157780195865
2026-02-20,US,Android,Meta,65,0.95,0.870684355437539,56.59,0.11472187372360787,567,0.011463102329404505,49463,14.99,54.97,26.488778936207808,97.13730341049654
2026-02-20,US,Android,TikTok,58,1.35,1.3472772159589064,78.14,0.13672382409744294,424,0.015504695116864675,27347,110.97,200.91,142.01433324801638,257.11543383670335
2026-02-20,US,iOS,Google,53,1.1,1.200954415373765,63.65,0.17897294698847147,296,0.02075570907822129,14261,12.97,25.950000000000003,20.377062058130402,40.76983503534957
2026-02-20,US,iOS,Meta,74,0.95,1.0307611589312744,76.28,0.12216254425245146,606,0.013208127352429213,45881,210.95,266.91999999999996,276.54693235448343,349.9213424226533
2026-02-20,US,iOS,TikTok,73,1.35,1.4115239714179126,103.04,0.14937871273035763,489,0.01628293624588706,30031,39.96,67.92999999999999,38.78105590062111,65.92585403726707
2026-02-21,JP,Android,Google,49,1.1,1.1480059657666708,56.25,0.19347601855546592,253,0.02005137927525329,12618,120.96,148.92,215.04,264.74666666666667
2026-02-21,JP,Android,Meta,25,0.95,0.9547563858123639,23.87,0.133732686466433,187,0.01265445959065885,14777,0.0,0.0,0.0,0.0
2026-02-21,JP,Android,TikTok,46,1.35,1.3854777669329519,63.73,0.1248356195479127,368,0.015172350480224304,24255,14.99,14.99,23.52110466028558,23.52110466028558
2026-02-21,JP,iOS,Google,67,1.1,1.251168636834891,83.83,0.19686300030058032,340,0.0193623103402655,17560,26.94,96.92,32.13646665871407,115.61493498747465
2026-02-21,JP,iOS,Meta,34,0.95,1.0669865707964383,36.28,0.1225419395129442,277,0.012125383735448194,22845,52.980000000000004,59.96,146.0308710033076,165.27012127894156
2026-02-21,JP,iOS,TikTok,55,1.35,1.4933526812598135,82.13,0.13990482522556744,393,0.018956579275237133,20732,5.99,41.95,7.293315475465725,51.07755996590772
2026-02-21,US,Android,Google,34,1.1,1.0754440044254434,36.57,0.17822648962937096,191,0.02206966258558632,8654,15.98,20.97,43.69701941482089,57.34208367514355
2026-02-21,US,Android,Meta,52,0.95,0.8009279011541204,41.65,0.1173130724564346,443,0.012538587103412758,35331,14.99,14.99,35.99039615846339,35.99039615846339
2026-02-21,US,Android,TikTok,54,1.35,1.2213382364150194,65.95,0.14936591484965328,362,0.015907400634414155,22757,50.96,80.94999999999999,77.27065959059894,122.74450341167548
2026-02-21,US,iOS,Google,55,1.1,1.1555754054204619,63.56,0.17636667649582244,312,0.020159913080969986,15476,34.97,72.92999999999999,55.01887979861549,114.7419760855884
2026-02-21,US,iOS,Meta,63,0.95,0.9319142687618164,58.71,0.12263583977771621,514,0.012988524086460883,39573,109.97999999999999,124.96,187.32754215636177,212.8427865780957
2026-02-21,US,iOS,TikTok,69,1.35,1.4094148970281024,97.25,0.1381872975990154,499,0.015299578400316014,32615,106.97,110.95,109.99485861182518,114.08740359897172
2026-02-22,JP,Android,Google,45,1.1,1.2001806533874577,54.01,0.16940786707369943,266,0.017213655940691092,15453,19.99,57.959999999999994,37.011664506572856,107.31346047028327
2026-02-22,JP,Android,Meta,20,0.95,0.9511312270477704,19.02,0.13315906956161436,150,0.014188566967013136,10572,0.0,9.99,0.0,52.5236593059937
2026-02-22,JP,Android,TikTok,35,1.35,1.467965512189502,51.38,0.11443776997948528,306,0.015462078814025308,19790,14.98,44.97,29.155313351498634,87.52432853250292
2026-02-22,JP,iOS,Google,60,1.1,1.2163734520425031,72.98,0.18514294381222376,324,0.019038395026953387,17018,49.97,119.94,68.47081392162235,164.3463962729515
2026-02-22,JP,iOS,Meta,25,0.95,1.1602934195041181,29.01,0.1243301134780871,201,0.0138043991890466,14561,49.99,49.99,172.31988969320923,172.31988969320923
2026-02-22,JP,iOS,TikTok,61,1.35,1.4597541405911385,89.05,0.14917267354185035,409,0.016947979127734127,24133,102.97999999999999,102.97999999999999,115.64289724873666,115.64289724873666
2026-02-22,US,Android,Google,34,1.1,0.8602000000000002,29.25,0.18304181461688088,186,0.01979842018223797,9395,12.98,141.92,44.376068376068375,485.1965811965812
2026-02-22,US,Android,Meta,58,0.95,0.8519332627007012,49.41,0.10730025922729448,541,0.012787397057651322,42307,52.95,62.94,107.16454159077111,127.38312082574379
2026-02-22,US,Android,TikTok,54,1.35,1.1777278811642913,63.6,0.13765975859251425,392,0.015811505535621696,24792,2.99,132.95999999999998,4.70125786163522,209.05660377358487
2026-02-22,US,iOS,Google,48,1.1,1.211938861764271,58.17,0.1876459402760408,256,0.02133153623429947,12001,1.99,4.98,3.421007392126526,8.561113976276431
2026-02-22,US,iOS,Meta,79,0.95,1.0813227181369702,85.42,0.10735202545474677,736,0.01195615074951525,61558,54.980000000000004,60.97,64.36431749004917,71.37672676188245
2026-02-22,US,iOS,TikTok,62,1.35,1.4720967222368464,91.27,0.11955972218280761,519,0.015014061757759956,34568,0.0,17.96,0.0,19.677878821080313
2026-02-23,JP,Android,Google,41,1.1,1.1257309323059537,46.15,0.15278564533928282,268,0.020071690083417467,13352,57.95,92.93,125.56879739978332,201.36511375947998
2026-02-23,JP,Android,Meta,30,0.95,0.9035131769795003,27.11,0.1313297276310472,228,0.013200184567750873,17272,9.99,11.98,36.849870896348214,44.19033566949465
2026-02-23,JP,Android,TikTok,28,1.35,1.3411631466846048,37.55,0.12842835706246844,218,0.013716622670105625,15893,4.99,20.96,13.288948069241012,55.81890812250333
2026-02-23,JP,iOS,Google,39,1.1,1.4040975589358418,54.76,0.18559071780720449,210,0.020629139933755668,10180,0.99,30.979999999999997,1.8078889700511322,56.57414170927684
2026-02-23,JP,iOS,Meta,28,0.95,1.0928262924379186,30.6,0.12900630781635092,217,0.01233072635001521,17598,4.99,4.99,16.30718954248366,16.30718954248366
2026-02-23,JP,iOS,TikTok,57,1.35,1.8160526945157123,103.52,0.15663986145005,364,0.016361875583252708,22247,11.98,40.94,11.572642967542505,39.54791344667697
2026-02-23,US,Android,Google,35,1.1,0.9624878789222053,33.69,0.1771248088346143,198,0.02054105943722406,9639,0.0,29.99,0.0,89.01751261501929
2026-02-23,US,Android,Meta,46,0.95,0.86451556532186,39.77,0.12678533158365038,363,0.015134837285283536,23984,0.0,149.98,0.0,377.11843097812414
2026-02-23,US,Android,TikTok,48,1.35,1.1696903216310799,56.15,0.1517140934480754,316,0.017610787164239267,17944,0.0,40.97,0.0,72.96527159394479
2026-02-23,US,iOS,Google,61,1.1,1.2202168684851178,74.43,0.18894525571448287,323,0.020272962712449695,15933,12.98,26.94,17.439204621792285,36.19508262797259
2026-02-23,US,iOS,Meta,59,0.95,0.9499547843533752,56.05,0.11746980131494406,502,0.01401577388377813,35817,0.0,11.97,0.0,21.355932203389834
2026-02-23,US,iOS,TikTok,86,1.35,1.4153278443235662,121.72,0.15251066675400113,564,0.014811464330285917,38079,105.96999999999998,173.91,87.06046664475845,142.87709497206706
2026-02-24,JP,Android,Google,41,1.1,1.1707011086459298,48.0,0.16088706635856426,255,0.01806153463766429,14118,0.0,110.97,0.0,231.1875
2026-02-24,JP,Android,Meta,25,0.95,0.9571475731426036,23.93,0.11961128544415531,209,0.01443214454224491,14482,0.0,0.0,0.0,0.0
2026-02-24,JP,Android,TikTok,41,1.35,1.254321150616839,51.43,0.14140461729421155,290,0.013801899558653387,21012,19.98,74.95,38.84892086330935,145.73206299825006
2026-02-24,JP,iOS,Google,64,1.1,1.3014278741332008,83.29,0.1972323032077831,324,0.021068460133201676,15378,35.95,63.900000000000006,43.162444471124985,76.71989434505943
2026-02-24,JP,iOS,Meta,27,0.95,1.0906509090076923,29.45,0.12162187443847082,222,0.013422301346913893,16540,1.99,24.96,6.757215619694397,84.75382003395586
2026-02-24,JP,iOS,TikTok,61,1.35,1.7381903119655604,106.03,0.1362232311219578,448,0.017659150062385866,25369,106.97,183.91,100.8865415448458,173.45091011977743
2026-02-24,US,Android,Google,50,1.1,0.8913387958242505,44.57,0.166431728733115,300,0.02123896267471611,14125,0.0,157.93,0.0,354.34148530401615
2026-02-24,US,Android,Meta,43,0.95,0.8753595826975711,37.64,0.10498594175033629,410,0.012270890005260354,33412,9.99,16.97,26.540913921360254,45.08501594048884
2026-02-24,US,Android,TikTok,57,1.35,1.2691458684782995,72.34,0.15461378797942596,369,0.017823201660934693,20703,79.98,150.94,110.56123859552116,208.65358031517835
2026-02-24,US,iOS,Google,49,1.1,1.1093549063779977,54.36,0.18468874956488357,265,0.0206096233420051,12858,10.98,151.94,20.198675496688743,279.5069904341427
2026-02-24,US,iOS,Meta,71,0.95,0.9528782201888463,67.65,0.11789571618469756,602,0.01288962251437596,46704,114.97,243.92,169.94826311899482,360.5617147080561
2026-02-24,US,iOS,TikTok,89,1.35,1.565165709616317,139.3,0.16396922663845048,543,0.012630546213092156,42991,101.96000000000001,147.89000000000001,73.19454414931802,106.16654702081838
2026-02-25,JP,Android,Google,47,1.1,1.0255351887942485,48.2,0.17921018585749818,262,0.01972312614147726,13284,107.96,120.94,223.9834024896265,250.9128630705394
2026-02-25,JP,Android,Meta,25,0.95,0.9132451338005332,22.83,0.12885831255805194,194,0.011903120124943392,16298,0.0,0.0,0.0,0.0
2026-02-25,JP,Android,TikTok,46,1.35,1.403926274533396,64.58,0.1464099154504795,314,0.013944755258851008,22517,29.97,59.95,46.407556519046146,92.83059770826883
2026-02-25,JP,iOS,Google,75,1.1,1.4255511022042853,106.92,0.19174691218272152,391,0.020182752465718285,19373,59.96,110.92,56.07931163486719,103.74111485222596
2026-02-25,JP,iOS,Meta,47,0.95,1.036021196305363,48.69,0.11831636924497303,397,0.01238253395239691,32061,37.96,49.94,77.96262066132677,102.56726227151364
2026-02-25,JP,iOS,TikTok,63,1.35,1.6127875396304567,101.61,0.15708694776597557,401,0.016880735999330865,23755,133.94,143.92,131.81773447495323,141.63960240133844
2026-02-25,US,Android,Google,40,1.1,1.0755981545628925,43.02,0.18668224525058214,214,0.02064993354711734,10363,9.99,39.98,23.221757322175733,92.93351929335192
2026-02-25,US,Android,Meta,48,0.95,0.840290660072197,40.33,0.10932143807879288,439,0.011353672875924505,38666,24.979999999999997,44.97,61.939003223406885,111.50508306471609
2026-02-25,US,Android,TikTok,51,1.35,1.2925610002483,65.92,0.15602718560740367,327,0.016972347307675145,19267,31.94,89.91,48.45266990291262,136.39259708737862
2026-02-25,US,iOS,Google,44,1.1,1.1967359843584169,52.66,0.179533452565051,245,0.021891072871754146,11192,5.99,35.98,11.37485757690847,68.32510444360047
2026-02-25,US,iOS,Meta,81,0.95,1.0493479009324687,85.0,0.12176678002828953,665,0.013759886123061393,48329,9.99,45.97,11.75294117647059,54.08235294117647
2026-02-25,US,iOS,TikTok,58,1.35,1.3943240632192968,80.87,0.14803396693935217,392,0.016243149932095607,24133,15.98,81.93,19.760108816619265,101.31074564115248
2026-02-26,JP,Android,Google,41,1.1,1.130492401838246,46.35,0.17642908230819132,232,0.019735946265495838,11755,19.99,50.96,43.12837108953613,109.94606256742179
2026-02-26,JP,Android,Meta,32,0.95,1.0579570082153715,33.85,0.1290458766943938,248,0.013406174143694488,18499,6.98,20.94,20.620384047267358,61.861152141802066
2026-02-26,JP,Android,TikTok,42,1.35,1.3453310182845124,56.5,0.12483192309781209,336,0.013128303028615665,25594,0.0,12.97,0.0,22.95575221238938
2026-02-26,JP,iOS,Google,56,1.1,1.4933836992778764,83.63,0.17354122708080427,323,0.025119849072931615,12858,106.97,206.95999999999998,127.90864522300612,247.47100322850653
2026-02-26,JP,iOS,Meta,37,0.95,1.0673874389606242,39.49,0.11652105234011002,318,0.014648975353456597,21708,35.97,46.949999999999996,91.08635097493035,118.89085844517598
2026-02-26,JP,iOS,TikTok,72,1.35,1.5648675464605155,112.67,0.12562263757016626,573,0.01927470802070961,29728,21.96,82.92,19.49054761693441,73.59545575574687
2026-02-26,US,Android,Google,38,1.1,1.0910864654233652,41.46,0.19722827827466896,193,0.017031010519141698,11332,0.0,32.96,0.0,79.49831162566329
2026-02-26,US,Android,Meta,50,0.95,0.8593311751366078,42.97,0.12230374489825414,409,0.014374346571610252,28453,7.98,8.97,18.571096113567606,20.875029090062835
2026-02-26,US,Android,TikTok,52,1.35,1.3003189027109714,67.62,0.14738290078616015,353,0.017447143726746914,20233,8.96,160.89,13.250517598343686,237.9325643300798
2026-02-26,US,iOS,Google,53,1.1,1.1415334934777708,60.5,0.2032881237380287,261,0.019564424365644408,13341,120.94999999999999,190.91,199.9173553719008,315.55371900826447
2026-02-26,US,iOS,Meta,66,0.95,1.0262597576404824,67.73,0.14187889872011472,465,0.012464442198038855,37306,10.98,50.96,16.211427727742507,75.23992322456814
2026-02-26,US,iOS,TikTok,64,1.35,1.4734152224960693,94.3,0.14075532404193328,455,0.013490463000879744,33728,11.97,57.92,12.69353128313892,61.420996818663845
2026-02-27,JP,Android,Google,39,1.1,1.1909305997758706,46.45,0.1835883334013235,212,0.022408062281202876,9461,4.99,35.95,10.742734122712594,77.3950484391819
2026-02-27,JP,Android,Meta,34,0.95,0.9000185838399027,30.6,0.11609954302016118,293,0.014447539842045524,20280,102.97999999999999,138.95999999999998,336.53594771241825,454.1176470588234
2026-02-27,JP,Android,TikTok,40,1.35,1.3047281240533444,52.19,0.13384401070612204,299,0.012849881127266293,23269,17.97,28.95,34.4318835025867,55.47039662770645
2026-02-27,JP,iOS,Google,58,1.1,1.4710556367613594,85.32,0.18146036367943377,320,0.019782010058739325,16176,49.99,86.95,58.591186122831694,101.91045475855604
2026-02-27,JP,iOS,Meta,28,0.95,1.1658677219384685,32.64,0.11334526431929853,247,0.011612765798584657,21270,34.97,40.949999999999996,107.13848039215685,125.45955882352939
2026-02-27,JP,iOS,TikTok,64,1.35,1.3632300000000004,87.25,0.1494080361966217,428,0.01476376849861025,28990,24.979999999999997,98.93,28.630372492836674,113.3868194842407
2026-02-27,US,Android,Google,46,1.1,1.0519263543904513,48.39,0.19815802798441032,232,0.017821513348182935,13018,1.99,4.98,4.112419921471378,10.291382517048978
2026-02-27,US,Android,Meta,54,0.95,0.8514743539341971,45.98,0.1189220208457368,454,0.010556005296339828,43009,30.97,177.92,67.35537190082644,386.9508481948673
2026-02-27,US,Android,TikTok,60,1.35,1.2697062219436837,76.18,0.10798048299927464,556,0.01725965870391145,32214,16.97,69.9,22.276187975846675,91.75636650039381
2026-02-27,US,iOS,Google,50,1.1,1.2310484414768204,61.55,0.18588884819480012,269,0.022360477182333343,12030,18.96,29.93,30.804224207961013,48.62713241267262
2026-02-27,US,iOS,Meta,72,0.95,1.0538583756349162,75.88,0.11919835169619428,604,0.01325985220811786,45551,19.98,63.94,26.331049024775965,84.26462836056933
2026-02-27,US,iOS,TikTok,70,1.35,1.5356990793005332,107.5,0.14129181636771712,495,0.016704437545847026,29633,24.979999999999997,35.96,23.237209302325578,33.45116279069767
2026-02-28,JP,Android,Google,30,1.1,1.1836833794619732,35.51,0.1574347066522818,191,0.022371564137943997,8538,0.0,44.97,0.0,126.64038299070685
2026-02-28,JP,Android,Meta,27,0.95,1.0799816454777502,29.16,0.10782628085328844,250,0.013427745284253516,18618,4.99,24.979999999999997,17.112482853223597,85.66529492455417
2026-02-28,JP,Android,TikTok,41,1.35,1.3019199574572944,53.38,0.14685461875461414,279,0.01667639525467926,16730,19.99,39.98,37.44848257774447,74.89696515548894
2026-02-28,JP,iOS,Google,66,1.1,1.3759182391595,90.81,0.18301155377530787,361,0.016702561763094523,21613,2.99,37.95,3.292588921924898,41.79055170135448
2026-02-28,JP,iOS,Meta,47,0.95,1.0619456801138447,49.91,0.12165839468594722,386,0.01351107562793706,28569,63.949999999999996,63.949999999999996,128.13063514325788,128.13063514325788
2026-02-28,JP,iOS,TikTok,44,1.35,1.6951336006017519,74.59,0.15446613056763264,285,0.014428412211966878,19753,12.98,98.9,17.401796487464807,132.59150020109936
2026-02-28,US,Android,Google,27,1.1,1.0410129223680158,28.11,0.17323148157101995,156,0.02098804287760319,7433,0.0,19.98,0.0,71.07790821771613
2026-02-28,US,Android,Meta,57,0.95,0.8253082886486812,47.04,0.10741508229820686,531,0.01486700749546236,35717,34.97,34.97,74.34098639455782,74.34098639455782
2026-02-28,US,Android,TikTok,61,1.35,1.2433056130983522,75.84,0.13770494245434356,443,0.016479768830188604,26881,10.97,32.94,14.464662447257384,43.43354430379746
2026-02-28,US,iOS,Google,49,1.1,1.1924582688890213,58.43,0.15212519053558327,322,0.021771342864415146,14790,0.0,4.99,0.0,8.54013349306863
2026-02-28,US,iOS,Meta,84,0.95,1.0711019955753185,89.97,0.1174271002956212,715,0.012827877573370219,55738,62.949999999999996,97.91999999999999,69.9677670334556,108.83627875958652
2026-02-28,US,iOS,TikTok,61,1.35,1.4166211042532089,86.41,0.15398496042975396,396,0.01569593765364534,25229,11.97,33.93,13.85256336072214,39.26628862400185
